dd_va,gdi_va,source_file,symbol,semantic_name,subsystem,status,rust_file,rust_symbol,reachable,relevance,confidence,evidence,notes,superseded_prev,superseded_why
0x0005e9b0,,,,,,PORTED_BEHAVIOURAL,crates/cm-domain/src/eng_second_fixtures.rs,,YES,SIMULATION_RELEVANT,UNVERIFIED,,,,
0x00401000,,comp/intercomp/african_nations.cpp,FUN_00401000,,GUI,UNKNOWN,,,INDIRECT,,UNVERIFIED,,,,
0x00401230,,,FUN_00401230,,UNKNOWN,UNKNOWN,,,INDIRECT,,UNVERIFIED,,,,
0x00401250,,,FUN_00401250,,GUI,UNKNOWN,,,INDIRECT,,UNVERIFIED,,,,
0x004019f0,,comp/intercomp/african_nations.cpp,FUN_004019f0,,GUI,UNKNOWN,,,INDIRECT,,UNVERIFIED,,,,
0x00401ae0,,,FUN_00401ae0,,UNKNOWN,UNKNOWN,,,INDIRECT,,UNVERIFIED,,,,
0x00401bc0,,,FUN_00401bc0,,GUI,UNKNOWN,,,INDIRECT,,UNVERIFIED,,,,
0x00401ee0,,comp/intercomp/african_nations.cpp,FUN_00401ee0,,GUI,UNKNOWN,,,INDIRECT,,UNVERIFIED,,,,
0x004020d0,,comp/intercomp/african_nations.cpp,FUN_004020d0,,GUI,UNKNOWN,,,INDIRECT,,UNVERIFIED,,,,
0x00402300,,comp/intercomp/african_nations.cpp,FUN_00402300,,GUI,PORTED_BEHAVIOURAL,crates/cm-domain/src/typed_records.rs,,YES,SIMULATION_RELEVANT,UNVERIFIED,,,,
0x004025e0,,comp/intercomp/african_nations.cpp,FUN_004025e0,,GUI,UNKNOWN,,,INDIRECT,,UNVERIFIED,,,,
0x00402b00,,,FUN_00402b00,,UNKNOWN,PORTED_BEHAVIOURAL,crates/cm-render/src/gen_screen_types.rs;crates/cm-render/src/widget_pool.rs,,YES,SIMULATION_RELEVANT,UNVERIFIED,,,,
0x00402d50,,,FUN_00402d50,,GUI,UNKNOWN,,,INDIRECT,,UNVERIFIED,,,,
0x00402dc0,,,FUN_00402dc0,,GUI,UNKNOWN,,,INDIRECT,,UNVERIFIED,,,,
0x00402eb0,,area.cpp,FUN_00402eb0,,GUI,UNKNOWN,,,INDIRECT,,UNVERIFIED,,,,
0x004031e0,,,FUN_004031e0,,GUI,PORTED_BEHAVIOURAL,crates/cm-render/src/scrman.rs,,YES,SIMULATION_RELEVANT,UNVERIFIED,,,,
0x00403240,,,FUN_00403240,z-order bubble-insert widget,widgets,PORTED_EXACT,crates/cm-render/src/widget_pool.rs,insert_widget_z_order,YES,UI_RENDERING,STRUCTURALLY_VERIFIED,memory:gui-core-ported.md,updates parent bounds,,
0x00403320,,,FUN_00403320,,UNKNOWN,UNKNOWN,,,INDIRECT,,UNVERIFIED,,,,
0x00403360,,,FUN_00403360,,GUI,UNKNOWN,,,INDIRECT,,UNVERIFIED,,,,
0x00403390,,area.cpp,FUN_00403390,area_rebuild_layout_tables (layout engine),widgets,PORTED_EXACT,crates/cm-render/src/layout.rs;crates/cm-render/src/area.rs,area_rebuild_layout_tables,YES,UI_RENDERING,STRUCTURALLY_VERIFIED,memory:ui-five-layer-architecture.md,grid slicing; Layer 4,,
0x00403640,,,FUN_00403640,,UNKNOWN,PORTED_BEHAVIOURAL,crates/cm-widget/src/lib.rs,,YES,SIMULATION_RELEVANT,UNVERIFIED,,,,
0x004037a0,,area.cpp,FUN_004037a0,,GUI,UNKNOWN,,,INDIRECT,,UNVERIFIED,,,,
0x00403a20,,,,frame-metric lookup (3057B stride),widgets,PORTED_PARTIAL,crates/cm-render/src/packed_frame_lookup.rs,frame_lookup;FrameMetrics,INDIRECT,UI_RENDERING,STRUCTURALLY_VERIFIED,memory:layer2-widget-renderer-status.md,was BLOCKED (undecompiled); now supplies widget blocks G-K metrics; fidelity unverified,,
0x00403ab0,,area.cpp,FUN_00403ab0,,GUI,UNKNOWN,,,INDIRECT,,UNVERIFIED,,,,
0x00403cc0,,area.cpp,FUN_00403cc0,,GUI,PORTED_BEHAVIOURAL,crates/cm-widget/src/lib.rs,,YES,SIMULATION_RELEVANT,UNVERIFIED,,,,
0x00403f20,,,FUN_00403f20,,GUI,UNKNOWN,,,INDIRECT,,UNVERIFIED,,,,
0x00404210,,,FUN_00404210,,UNKNOWN,UNKNOWN,,,INDIRECT,,UNVERIFIED,,,,
0x00404290,,comp/leagues/arg_prm.cpp,FUN_00404290,,GUI,UNKNOWN,,,INDIRECT,,UNVERIFIED,,,,
0x004044d0,,,FUN_004044d0,,UNKNOWN,UNKNOWN,,,INDIRECT,,UNVERIFIED,,,,
0x004044f0,,,FUN_004044f0,,GUI,UNKNOWN,,,INDIRECT,,UNVERIFIED,,,,
0x00405580,,comp/leagues/arg_prm.cpp,FUN_00405580,,GUI,UNKNOWN,,,INDIRECT,,UNVERIFIED,,,,
0x004056b0,,,FUN_004056b0,,UNKNOWN,UNKNOWN,,,INDIRECT,,UNVERIFIED,,,,
0x00405990,,comp/leagues/arg_prm.cpp,FUN_00405990,,GUI,UNKNOWN,,,INDIRECT,,UNVERIFIED,,,,
0x00405f30,,comp/leagues/arg_prm.cpp,FUN_00405f30,,GUI,UNKNOWN,,,INDIRECT,,UNVERIFIED,,,,
0x00406910,,comp/leagues/arg_prm.cpp,FUN_00406910,,GUI,UNKNOWN,,,INDIRECT,,UNVERIFIED,,,,
0x00406c30,,comp/leagues/arg_second.cpp,FUN_00406c30,,GUI,UNKNOWN,,,INDIRECT,,UNVERIFIED,,,,
0x00406e60,,,FUN_00406e60,,UNKNOWN,UNKNOWN,,,INDIRECT,,UNVERIFIED,,,,
0x00406e80,,,FUN_00406e80,,GUI,UNKNOWN,,,INDIRECT,,UNVERIFIED,,,,
0x00407d10,,comp/leagues/arg_second.cpp,FUN_00407d10,,GUI,UNKNOWN,,,INDIRECT,,UNVERIFIED,,,,
0x00407e90,,,FUN_00407e90,,UNKNOWN,UNKNOWN,,,INDIRECT,,UNVERIFIED,,,,
0x00408210,,comp/leagues/arg_second.cpp,FUN_00408210,,GUI,UNKNOWN,,,INDIRECT,,UNVERIFIED,,,,
0x00408690,,comp/leagues/arg_second.cpp,FUN_00408690,,GUI,UNKNOWN,,,INDIRECT,,UNVERIFIED,,,,
0x00408970,,comp/leagues/arg_second.cpp,FUN_00408970,,GUI,UNKNOWN,,,INDIRECT,,UNVERIFIED,,,,
0x00409450,,comp/leagues/arg_second.cpp,FUN_00409450,,GUI,UNKNOWN,,,INDIRECT,,UNVERIFIED,,,,
0x0040a040,,comp/leagues/arg_second.cpp,FUN_0040a040,,GUI,UNKNOWN,,,INDIRECT,,UNVERIFIED,,,,
0x0040a3b0,,,FUN_0040a3b0,,GUI,UNKNOWN,,,INDIRECT,,UNVERIFIED,,,,
0x0040a440,,award/argentina_awards.cpp,FUN_0040a440,,GUI,UNKNOWN,,,INDIRECT,,UNVERIFIED,,,,
0x0040a5e0,,,FUN_0040a5e0,,GUI,UNKNOWN,,,INDIRECT,,UNVERIFIED,,,,
0x0040a680,,transfer/argentina_rules.cpp,FUN_0040a680,,GUI,UNKNOWN,,,INDIRECT,,UNVERIFIED,,,,
0x0040a770,,,FUN_0040a770,,UNKNOWN,UNKNOWN,,,INDIRECT,,UNVERIFIED,,,,
0x0040a830,,,FUN_0040a830,,GUI,UNKNOWN,,,INDIRECT,,UNVERIFIED,,,,
0x0040ab40,,comp/eurocomp/asia_club_champ.cpp,FUN_0040ab40,,GUI,UNKNOWN,,,INDIRECT,,UNVERIFIED,,,,
0x0040adb0,,,FUN_0040adb0,,UNKNOWN,UNKNOWN,,,INDIRECT,,UNVERIFIED,,,,
0x0040add0,,,FUN_0040add0,,UNKNOWN,UNKNOWN,,,INDIRECT,,UNVERIFIED,,,,
0x0040aef0,,comp/eurocomp/asia_club_champ.cpp,FUN_0040aef0,,GUI,UNKNOWN,,,INDIRECT,,UNVERIFIED,,,,
0x0040b680,,comp/eurocomp/asia_club_champ.cpp,FUN_0040b680,,GUI,UNKNOWN,,,INDIRECT,,UNVERIFIED,,,,
0x0040b9b0,,,FUN_0040b9b0,,UNKNOWN,UNKNOWN,,,INDIRECT,,UNVERIFIED,,,,
0x0040b9e0,,comp/eurocomp/asia_club_champ.cpp,FUN_0040b9e0,,GUI,UNKNOWN,,,INDIRECT,,UNVERIFIED,,,,
0x0040bec0,,comp/eurocomp/asia_club_champ.cpp,FUN_0040bec0,,GUI,UNKNOWN,,,INDIRECT,,UNVERIFIED,,,,
0x0040c110,,comp/eurocomp/asia_club_champ.cpp,FUN_0040c110,,GUI,UNKNOWN,,,INDIRECT,,UNVERIFIED,,,,
0x0040c3d0,,comp/eurocomp/asia_club_champ.cpp,FUN_0040c3d0,,GUI,UNKNOWN,,,INDIRECT,,UNVERIFIED,,,,
0x0040c720,,comp/eurocomp/asia_club_champ.cpp,FUN_0040c720,,GUI,UNKNOWN,,,INDIRECT,,UNVERIFIED,,,,
0x0040cba0,,,FUN_0040cba0,,UNKNOWN,UNKNOWN,,,INDIRECT,,UNVERIFIED,,,,
0x0040cbe0,,comp/eurocomp/asia_cup_winner.cpp,FUN_0040cbe0,,GUI,UNKNOWN,,,INDIRECT,,UNVERIFIED,,,,
0x0040ce50,,,FUN_0040ce50,,UNKNOWN,UNKNOWN,,,INDIRECT,,UNVERIFIED,,,,
0x0040ce70,,,FUN_0040ce70,,UNKNOWN,UNKNOWN,,,INDIRECT,,UNVERIFIED,,,,
0x0040cf90,,comp/eurocomp/asia_cup_winner.cpp,FUN_0040cf90,,GUI,UNKNOWN,,,INDIRECT,,UNVERIFIED,,,,
0x0040d4d0,,comp/eurocomp/asia_cup_winner.cpp,FUN_0040d4d0,,GUI,UNKNOWN,,,INDIRECT,,UNVERIFIED,,,,
0x0040d800,,comp/eurocomp/asia_cup_winner.cpp,FUN_0040d800,,GUI,UNKNOWN,,,INDIRECT,,UNVERIFIED,,,,
0x0040dd10,,comp/eurocomp/asia_cup_winner.cpp,FUN_0040dd10,,GUI,UNKNOWN,,,INDIRECT,,UNVERIFIED,,,,
0x0040df50,,comp/eurocomp/asia_cup_winner.cpp,FUN_0040df50,,GUI,UNKNOWN,,,INDIRECT,,UNVERIFIED,,,,
0x0040e2d0,,comp/eurocomp/asia_cup_winner.cpp,FUN_0040e2d0,,GUI,UNKNOWN,,,INDIRECT,,UNVERIFIED,,,,
0x0040e6d0,,,FUN_0040e6d0,,UNKNOWN,UNKNOWN,,,INDIRECT,,UNVERIFIED,,,,
0x0040e780,,comp/intercomp/asia_nations.cpp,FUN_0040e780,,GUI,UNKNOWN,,,INDIRECT,,UNVERIFIED,,,,
0x0040e940,,,FUN_0040e940,,UNKNOWN,UNKNOWN,,,INDIRECT,,UNVERIFIED,,,,
0x0040e960,,,FUN_0040e960,,GUI,UNKNOWN,,,INDIRECT,,UNVERIFIED,,,,
0x0040f2f0,,comp/intercomp/asia_nations.cpp,FUN_0040f2f0,,GUI,UNKNOWN,,,INDIRECT,,UNVERIFIED,,,,
0x0040f3e0,,,FUN_0040f3e0,,UNKNOWN,UNKNOWN,,,INDIRECT,,UNVERIFIED,,,,
0x0040f7c0,,comp/intercomp/asia_nations.cpp,FUN_0040f7c0,,GUI,UNKNOWN,,,INDIRECT,,UNVERIFIED,,,,
0x0040f9b0,,comp/intercomp/asia_nations.cpp,FUN_0040f9b0,,GUI,UNKNOWN,,,INDIRECT,,UNVERIFIED,,,,
0x0040fd10,,comp/intercomp/asia_nations.cpp,FUN_0040fd10,,GUI,UNKNOWN,,,INDIRECT,,UNVERIFIED,,,,
0x00410090,,comp/intercomp/asia_nations.cpp,FUN_00410090,,GUI,UNKNOWN,,,INDIRECT,,UNVERIFIED,,,,
0x00410570,,comp/eurocomp/asia_super_cup.cpp,FUN_00410570,,GUI,UNKNOWN,,,INDIRECT,,UNVERIFIED,,,,
0x00410740,,,FUN_00410740,,UNKNOWN,UNKNOWN,,,INDIRECT,,UNVERIFIED,,,,
0x00410760,,,FUN_00410760,,UNKNOWN,UNKNOWN,,,INDIRECT,,UNVERIFIED,,,,
0x00410830,,comp/eurocomp/asia_super_cup.cpp,FUN_00410830,,GUI,UNKNOWN,,,INDIRECT,,UNVERIFIED,,,,
0x00410970,,comp/eurocomp/asia_super_cup.cpp,FUN_00410970,,GUI,UNKNOWN,,,INDIRECT,,UNVERIFIED,,,,
0x00410d70,,comp/leagues/aus_nsl.cpp,FUN_00410d70,,GUI,UNKNOWN,,,INDIRECT,,UNVERIFIED,,,,
0x00410fa0,,,FUN_00410fa0,,UNKNOWN,UNKNOWN,,,INDIRECT,,UNVERIFIED,,,,
0x00410fc0,,,FUN_00410fc0,,GUI,UNKNOWN,,,INDIRECT,,UNVERIFIED,,,,
0x00411e30,,comp/leagues/aus_nsl.cpp,FUN_00411e30,,GUI,UNKNOWN,,,INDIRECT,,UNVERIFIED,,,,
0x00411f30,,,FUN_00411f30,,UNKNOWN,UNKNOWN,,,INDIRECT,,UNVERIFIED,,,,
0x004122a0,,comp/leagues/aus_nsl.cpp,FUN_004122a0,,GUI,UNKNOWN,,,INDIRECT,,UNVERIFIED,,,,
0x00412550,,comp/leagues/aus_nsl.cpp,FUN_00412550,,GUI,UNKNOWN,,,INDIRECT,,UNVERIFIED,,,,
0x00412980,,award/australia_awards.cpp,FUN_00412980,,GUI,UNKNOWN,,,INDIRECT,,UNVERIFIED,,,,
0x00412ac0,,award/australia_awards.cpp,FUN_00412ac0,,GUI,UNKNOWN,,,INDIRECT,,UNVERIFIED,,,,
0x004130c0,,transfer/australia_rules.cpp,FUN_004130c0,,GUI,UNKNOWN,,,INDIRECT,,UNVERIFIED,,,,
0x00413280,,,FUN_00413280,,GUI,UNKNOWN,,,INDIRECT,,UNVERIFIED,,,,
0x00413330,,,FUN_00413330,,UNKNOWN,UNKNOWN,,,INDIRECT,,UNVERIFIED,,,,
0x00413340,,,FUN_00413340,,GUI,UNKNOWN,,,INDIRECT,,UNVERIFIED,,,,
0x004135c0,,,FUN_004135c0,,RESOURCE,UNKNOWN,,,INDIRECT,,UNVERIFIED,,,,
0x00413850,,,FUN_00413850,,GUI,UNKNOWN,,,INDIRECT,,UNVERIFIED,,,,
0x00413900,,,FUN_00413900,,UNKNOWN,UNKNOWN,,,INDIRECT,,UNVERIFIED,,,,
0x00413980,,,FUN_00413980,background subsystem F,tick,NOT_YET_PORTED,crates/cm-domain/src/lib.rs,,NO,SIMULATION_RELEVANT,HYPOTHESIS,rust:crates/cm-domain/src/lib.rs,step 10b; named stub,,
0x004139f0,,,FUN_004139f0,,GUI,UNKNOWN,,,INDIRECT,,UNVERIFIED,,,,
0x004143d0,,award/award_manager.cpp,FUN_004143d0,,GUI,UNKNOWN,,,INDIRECT,,UNVERIFIED,,,,
0x00414590,,award/award_manager.cpp,FUN_00414590,,GUI,NOT_YET_PORTED,,,NO,SIMULATION_RELEVANT,UNVERIFIED,,,,
0x004146b0,,,FUN_004146b0,,UNKNOWN,UNKNOWN,,,INDIRECT,,UNVERIFIED,,,,
0x004146d0,,,FUN_004146d0,,UNKNOWN,UNKNOWN,,,INDIRECT,,UNVERIFIED,,,,
0x004146f0,,,FUN_004146f0,,UNKNOWN,UNKNOWN,,,INDIRECT,,UNVERIFIED,,,,
0x00414710,,,FUN_00414710,,UNKNOWN,UNKNOWN,,,INDIRECT,,UNVERIFIED,,,,
0x00414730,,award/award_manager.cpp,FUN_00414730,,GUI,NOT_YET_PORTED,,,NO,SIMULATION_RELEVANT,UNVERIFIED,,,,
0x004147e0,,,FUN_004147e0,,UNKNOWN,UNKNOWN,,,INDIRECT,,UNVERIFIED,,,,
0x00414810,,,FUN_00414810,,GUI,UNKNOWN,,,INDIRECT,,UNVERIFIED,,,,
0x00414be0,,award/award_manager.cpp,FUN_00414be0,,GUI,UNKNOWN,,,INDIRECT,,UNVERIFIED,,,,
0x00414cd0,,award/award_manager.cpp,FUN_00414cd0,,GUI,UNKNOWN,,,INDIRECT,,UNVERIFIED,,,,
0x00414d5c,,,,editor Set-Position popup / load code,editor,UNKNOWN,crates/cm-data/src/lib.rs;crates/cm-domain/src/lib.rs;crates/cm-ui-app/src/render_new.rs,,NO,IMPLEMENTATION_ONLY,UNVERIFIED,memory:editor-is-ground-truth.md,doc-comment reference for position field,,
0x00414d90,,award/award_manager.cpp,FUN_00414d90,,GUI,UNKNOWN,,,INDIRECT,,UNVERIFIED,,,,
0x00414e50,,,FUN_00414e50,,UNKNOWN,UNKNOWN,crates/cm-domain/src/screen_batch5.rs,,INDIRECT,,UNVERIFIED,,,,
0x00414eb0,,,FUN_00414eb0,,UNKNOWN,UNKNOWN,,,INDIRECT,,UNVERIFIED,,,,
0x00415010,,award_screens.cpp,FUN_00415010,,GUI,PORTED_BEHAVIOURAL,crates/cm-domain/src/menu.rs;crates/cm-domain/src/screen_batch5.rs,,YES,SIMULATION_RELEVANT,UNVERIFIED,,,,
0x004150e0,,award_screens.cpp,,International Awards screen setup,screens,PORTED_BEHAVIOURAL,crates/cm-render/src/screens_auto.rs,build_screen_4150e0,INDIRECT,PLAYER_VISIBLE,STRUCTURALLY_VERIFIED,memory:screen-builders-ported.md,not pixel-verified,,
0x00415a80,,,FUN_00415a80,,GUI,UNKNOWN,,,INDIRECT,,UNVERIFIED,,,,
0x00415ad0,,,FUN_00415ad0,,GUI,UNKNOWN,,,INDIRECT,,UNVERIFIED,,,,
0x00415b10,,,FUN_00415b10,,GUI,UNKNOWN,,,INDIRECT,,UNVERIFIED,,,,
0x00415b70,,,FUN_00415b70,,GUI,UNKNOWN,,,INDIRECT,,UNVERIFIED,,,,
0x00415bd0,,,FUN_00415bd0,,GUI,UNKNOWN,,,INDIRECT,,UNVERIFIED,,,,
0x00415c30,,,FUN_00415c30,,GUI,PORTED_BEHAVIOURAL,crates/cm-ui-app/src/screens.rs,,YES,SIMULATION_RELEVANT,UNVERIFIED,,,,
0x00415c90,,,FUN_00415c90,,GUI,UNKNOWN,,,INDIRECT,,UNVERIFIED,,,,
0x00416810,,,FUN_00416810,,GUI,UNKNOWN,,,INDIRECT,,UNVERIFIED,,,,
0x004176e0,,,FUN_004176e0,,GUI,PORTED_BEHAVIOURAL,crates/cm-render/src/news_action_classify.rs,,YES,SIMULATION_RELEVANT,UNVERIFIED,,,,
0x00417780,,award_screens.cpp,FUN_00417780,,GUI,PORTED_BEHAVIOURAL,crates/cm-domain/src/screen_batch10.rs,,YES,SIMULATION_RELEVANT,UNVERIFIED,,,,
0x00417870,,,,Nominations screen setup,screens,PORTED_BEHAVIOURAL,crates/cm-render/src/screens_auto.rs,build_screen_417870,INDIRECT,PLAYER_VISIBLE,STRUCTURALLY_VERIFIED,memory:screen-builders-ported.md,not pixel-verified,,
0x00417e40,,,FUN_00417e40,,GUI,UNKNOWN,,,INDIRECT,,UNVERIFIED,,,,
0x00417f90,,award/award_shortlist.cpp,FUN_00417f90,,GUI,UNKNOWN,,,INDIRECT,,UNVERIFIED,,,,
0x004180e0,,,FUN_004180e0,,GUI,UNKNOWN,,,INDIRECT,,UNVERIFIED,,,,
0x004180f0,,award/award_shortlist.cpp,FUN_004180f0,,GUI,UNKNOWN,,,INDIRECT,,UNVERIFIED,,,,
0x00418280,,award/award_shortlist.cpp,FUN_00418280,,GUI,UNKNOWN,,,INDIRECT,,UNVERIFIED,,,,
0x00418400,,award/award_shortlist.cpp,FUN_00418400,,GUI,UNKNOWN,,,INDIRECT,,UNVERIFIED,,,,
0x00418580,,,FUN_00418580,,GUI,UNKNOWN,,,INDIRECT,,UNVERIFIED,,,,
0x00418770,,,FUN_00418770,,GUI,PORTED_BEHAVIOURAL,crates/cm-domain/src/typed_records.rs,,YES,SIMULATION_RELEVANT,UNVERIFIED,,,,
0x004187b0,,,FUN_004187b0,,GUI,UNKNOWN,,,INDIRECT,,UNVERIFIED,,,,
0x00418b40,,award/award_shortlist.cpp,FUN_00418b40,,GUI,NOT_YET_PORTED,,,NO,SIMULATION_RELEVANT,UNVERIFIED,,,,
0x00418ca0,,award/award_shortlist.cpp,FUN_00418ca0,,GUI,PORTED_BEHAVIOURAL,crates/cm-domain/src/screen_batch10.rs,,YES,SIMULATION_RELEVANT,UNVERIFIED,,,,
0x00418e80,,,FUN_00418e80,,,UNKNOWN,,,INDIRECT,,UNVERIFIED,,,,
0x00418fa0,,,FUN_00418fa0,,RESOURCE,UNKNOWN,,,INDIRECT,,UNVERIFIED,,,,
0x00419150,,,FUN_00419150,,GUI,UNKNOWN,,,INDIRECT,,UNVERIFIED,,,,
0x004191d0,,,FUN_004191d0,,GUI,UNKNOWN,,,INDIRECT,,UNVERIFIED,,,,
0x004194e0,,awol.cpp,FUN_004194e0,,GUI,UNKNOWN,,,INDIRECT,,UNVERIFIED,,,,
0x00419ac0,,,FUN_00419ac0,,GUI,UNKNOWN,,,INDIRECT,,UNVERIFIED,,,,
0x00419b50,,,FUN_00419b50,,GUI,UNKNOWN,,,INDIRECT,,UNVERIFIED,,,,
0x00419bd0,,,FUN_00419bd0,,UNKNOWN,UNKNOWN,,,INDIRECT,,UNVERIFIED,,,,
0x00419c30,,,FUN_00419c30,manager-job lifecycle C,tick,NOT_YET_PORTED,crates/cm-domain/src/lib.rs,,NO,SIMULATION_RELEVANT,HYPOTHESIS,rust:crates/cm-domain/src/lib.rs,step 10i; named stub,,
0x0041a200,,,FUN_0041a200,,GUI,UNKNOWN,,,INDIRECT,,UNVERIFIED,,,,
0x0041a270,,,FUN_0041a270,,GUI,UNKNOWN,,,INDIRECT,,UNVERIFIED,,,,
0x0041a320,,,FUN_0041a320,,GUI,UNKNOWN,,,INDIRECT,,UNVERIFIED,,,,
0x0041a3a0,,,FUN_0041a3a0,,GUI,UNKNOWN,,,INDIRECT,,UNVERIFIED,,,,
0x0041a630,,,FUN_0041a630,,GUI,UNKNOWN,,,INDIRECT,,UNVERIFIED,,,,
0x0041a7c0,,,FUN_0041a7c0,,GUI,UNKNOWN,,,INDIRECT,,UNVERIFIED,,,,
0x0041aec0,,,FUN_0041aec0,,,UNKNOWN,,,INDIRECT,,UNVERIFIED,,,,
0x0041b190,,,FUN_0041b190,,GUI,UNKNOWN,,,INDIRECT,,UNVERIFIED,,,,
0x0041b440,,,FUN_0041b440,,GUI,UNKNOWN,,,INDIRECT,,UNVERIFIED,,,,
0x0041b930,,,FUN_0041b930,,GUI,UNKNOWN,,,INDIRECT,,UNVERIFIED,,,,
0x0041bb90,,,FUN_0041bb90,,GUI,UNKNOWN,,,INDIRECT,,UNVERIFIED,,,,
0x0041bf30,,background.cpp,FUN_0041bf30,,GUI,UNKNOWN,,,INDIRECT,,UNVERIFIED,,,,
0x0041c410,,,FUN_0041c410,,GUI,UNKNOWN,,,INDIRECT,,UNVERIFIED,,,,
0x0041c620,,,FUN_0041c620,,UNKNOWN,UNKNOWN,,,INDIRECT,,UNVERIFIED,,,,
0x0041c770,,,FUN_0041c770,,GUI,UNKNOWN,,,INDIRECT,,UNVERIFIED,,,,
0x0041cad0,,,FUN_0041cad0,,UNKNOWN,UNKNOWN,,,INDIRECT,,UNVERIFIED,,,,
0x0041caf0,,,FUN_0041caf0,,UNKNOWN,UNKNOWN,,,INDIRECT,,UNVERIFIED,,,,
0x0041cb00,,,FUN_0041cb00,,GUI,PORTED_BEHAVIOURAL,crates/cm-render/src/screen_wire_batch3.rs,,YES,SIMULATION_RELEVANT,UNVERIFIED,,,,
0x0041cc20,,,FUN_0041cc20,,GUI,UNKNOWN,,,INDIRECT,,UNVERIFIED,,,,
0x0041cc50,,,FUN_0041cc50,,GUI,UNKNOWN,,,INDIRECT,,UNVERIFIED,,,,
0x0041cda0,,,FUN_0041cda0,,GUI,PORTED_BEHAVIOURAL,crates/cm-render/src/screen_wire_batch3.rs,,YES,SIMULATION_RELEVANT,UNVERIFIED,,,,
0x0041cf60,,,FUN_0041cf60,,GUI,UNKNOWN,,,INDIRECT,,UNVERIFIED,,,,
0x0041d0b0,,,FUN_0041d0b0,,GUI,UNKNOWN,,,INDIRECT,,UNVERIFIED,,,,
0x0041d1c0,,,FUN_0041d1c0,,GUI,UNKNOWN,,,INDIRECT,,UNVERIFIED,,,,
0x0041d2e0,,,FUN_0041d2e0,,GUI,UNKNOWN,,,INDIRECT,,UNVERIFIED,,,,
0x0041d430,,,FUN_0041d430,,GUI,UNKNOWN,,,INDIRECT,,UNVERIFIED,,,,
0x0041d520,,,FUN_0041d520,,GUI,UNKNOWN,,,INDIRECT,,UNVERIFIED,,,,
0x0041d620,,,FUN_0041d620,,GUI,UNKNOWN,,,INDIRECT,,UNVERIFIED,,,,
0x0041d720,,,FUN_0041d720,,GUI,UNKNOWN,,,INDIRECT,,UNVERIFIED,,,,
0x0041d820,,,FUN_0041d820,,GUI,UNKNOWN,,,INDIRECT,,UNVERIFIED,,,,
0x0041d920,,,FUN_0041d920,,GUI,UNKNOWN,,,INDIRECT,,UNVERIFIED,,,,
0x0041da20,,,FUN_0041da20,,GUI,UNKNOWN,,,INDIRECT,,UNVERIFIED,,,,
0x0041dba0,,comp/cups/bel_fa_cup.cpp,FUN_0041dba0,,GUI,UNKNOWN,,,INDIRECT,,UNVERIFIED,,,,
0x0041dd70,,,FUN_0041dd70,,UNKNOWN,UNKNOWN,,,INDIRECT,,UNVERIFIED,,,,
0x0041dd90,,,FUN_0041dd90,,UNKNOWN,UNKNOWN,,,INDIRECT,,UNVERIFIED,,,,
0x0041de60,,comp/cups/bel_fa_cup.cpp,FUN_0041de60,Belgian FA Cup round-date helper,cups,PORTED_PARTIAL,crates/cm-domain/src/lib.rs,,YES,SIMULATION_RELEVANT,STRUCTURALLY_VERIFIED,rust:crates/cm-domain/src/lib.rs,foreign cup; R0 date lifted,,
0x0041e420,,comp/cups/bel_fa_cup.cpp,FUN_0041e420,,GUI,UNKNOWN,,,INDIRECT,,UNVERIFIED,,,,
0x0041e890,,comp/leagues/bel_first.cpp,FUN_0041e890,,GUI,UNKNOWN,,,INDIRECT,,UNVERIFIED,,,,
0x0041eab0,,,FUN_0041eab0,,UNKNOWN,UNKNOWN,,,INDIRECT,,UNVERIFIED,,,,
0x0041ead0,,,FUN_0041ead0,,GUI,UNKNOWN,,,INDIRECT,,UNVERIFIED,,,,
0x0041f400,,comp/leagues/bel_first.cpp,FUN_0041f400,,GUI,UNKNOWN,,,INDIRECT,,UNVERIFIED,,,,
0x0041f530,,,FUN_0041f530,,UNKNOWN,UNKNOWN,,,INDIRECT,,UNVERIFIED,,,,
0x0041f7e0,,,FUN_0041f7e0,,GUI,UNKNOWN,,,INDIRECT,,UNVERIFIED,,,,
0x0041fac0,,,FUN_0041fac0,,UNKNOWN,UNKNOWN,,,INDIRECT,,UNVERIFIED,,,,
0x0041fb80,,comp/leagues/bel_second.cpp,FUN_0041fb80,,GUI,UNKNOWN,,,INDIRECT,,UNVERIFIED,,,,
0x0041fdb0,,,FUN_0041fdb0,,UNKNOWN,UNKNOWN,,,INDIRECT,,UNVERIFIED,,,,
0x0041fdd0,,,FUN_0041fdd0,,GUI,UNKNOWN,,,INDIRECT,,UNVERIFIED,,,,
0x004208c0,,comp/leagues/bel_second.cpp,FUN_004208c0,,GUI,UNKNOWN,,,INDIRECT,,UNVERIFIED,,,,
0x004209f0,,,FUN_004209f0,,UNKNOWN,UNKNOWN,,,INDIRECT,,UNVERIFIED,,,,
0x00420c60,,,FUN_00420c60,,UNKNOWN,UNKNOWN,,,INDIRECT,,UNVERIFIED,,,,
0x00420d80,,comp/leagues/bel_second.cpp,FUN_00420d80,,GUI,UNKNOWN,,,INDIRECT,,UNVERIFIED,,,,
0x00421020,,comp/leagues/bel_second.cpp,FUN_00421020,,GUI,UNKNOWN,,,INDIRECT,,UNVERIFIED,,,,
0x004217f0,,,FUN_004217f0,,GUI,UNKNOWN,,,INDIRECT,,UNVERIFIED,,,,
0x00421a40,,comp/cups/bel_super.cpp,FUN_00421a40,,GUI,UNKNOWN,,,INDIRECT,,UNVERIFIED,,,,
0x00421c10,,,FUN_00421c10,,UNKNOWN,UNKNOWN,,,INDIRECT,,UNVERIFIED,,,,
0x00421c30,,,FUN_00421c30,,UNKNOWN,UNKNOWN,,,INDIRECT,,UNVERIFIED,,,,
0x00421d00,,comp/cups/bel_super.cpp,FUN_00421d00,,GUI,UNKNOWN,,,INDIRECT,,UNVERIFIED,,,,
0x00421e40,,comp/cups/bel_super.cpp,FUN_00421e40,,GUI,UNKNOWN,,,INDIRECT,,UNVERIFIED,,,,
0x00422240,,comp/leagues/bel_third.cpp,FUN_00422240,,GUI,UNKNOWN,,,INDIRECT,,UNVERIFIED,,,,
0x00422470,,,FUN_00422470,,UNKNOWN,UNKNOWN,,,INDIRECT,,UNVERIFIED,,,,
0x00422490,,,FUN_00422490,,GUI,UNKNOWN,,,INDIRECT,,UNVERIFIED,,,,
0x00423030,,comp/leagues/bel_third.cpp,FUN_00423030,,GUI,UNKNOWN,,,INDIRECT,,UNVERIFIED,,,,
0x00423240,,,FUN_00423240,,UNKNOWN,UNKNOWN,,,INDIRECT,,UNVERIFIED,,,,
0x004234c0,,comp/leagues/bel_third.cpp,FUN_004234c0,,GUI,UNKNOWN,,,INDIRECT,,UNVERIFIED,,,,
0x00423840,,comp/leagues/bel_third.cpp,FUN_00423840,,GUI,UNKNOWN,,,INDIRECT,,UNVERIFIED,,,,
0x00423e60,,,FUN_00423e60,,GUI,UNKNOWN,,,INDIRECT,,UNVERIFIED,,,,
0x00424260,,comp/leagues/bel_third.cpp,FUN_00424260,,GUI,UNKNOWN,,,INDIRECT,,UNVERIFIED,,,,
0x004243d0,,comp/leagues/bel_third.cpp,FUN_004243d0,,GUI,UNKNOWN,,,INDIRECT,,UNVERIFIED,,,,
0x004246f0,,comp/leagues/bel_third.cpp,FUN_004246f0,,GUI,UNKNOWN,,,INDIRECT,,UNVERIFIED,,,,
0x00424b80,,comp/leagues/bel_third.cpp,FUN_00424b80,,GUI,UNKNOWN,,,INDIRECT,,UNVERIFIED,,,,
0x00424dc0,,,FUN_00424dc0,,GUI,UNKNOWN,,,INDIRECT,,UNVERIFIED,,,,
0x00424f60,,,FUN_00424f60,,GUI,UNKNOWN,,,INDIRECT,,UNVERIFIED,,,,
0x00424ff0,,award/belgium_awards.cpp,FUN_00424ff0,,GUI,UNKNOWN,,,INDIRECT,,UNVERIFIED,,,,
0x00425670,,,FUN_00425670,,GUI,UNKNOWN,,,INDIRECT,,UNVERIFIED,,,,
0x004256e0,,transfer/belgium_rules.cpp,FUN_004256e0,,GUI,UNKNOWN,,,INDIRECT,,UNVERIFIED,,,,
0x00425990,,,FUN_00425990,,UNKNOWN,UNKNOWN,,,INDIRECT,,UNVERIFIED,,,,
0x00425e70,,,FUN_00425e70,,GUI,PORTED_BEHAVIOURAL,crates/cm-domain/src/screen_batch10.rs,,YES,SIMULATION_RELEVANT,UNVERIFIED,,,,
0x00425ed0,,,FUN_00425ed0,,GUI,UNKNOWN,,,INDIRECT,,UNVERIFIED,,,,
0x004265e0,,comp/cups/bra_champ_cup.cpp,FUN_004265e0,,GUI,UNKNOWN,,,INDIRECT,,UNVERIFIED,,,,
0x00426770,,,FUN_00426770,,UNKNOWN,UNKNOWN,,,INDIRECT,,UNVERIFIED,,,,
0x00426790,,,FUN_00426790,,GUI,UNKNOWN,,,INDIRECT,,UNVERIFIED,,,,
0x00426d70,,comp/cups/bra_champ_cup.cpp,FUN_00426d70,,GUI,UNKNOWN,,,INDIRECT,,UNVERIFIED,,,,
0x00426e70,,,FUN_00426e70,,UNKNOWN,UNKNOWN,,,INDIRECT,,UNVERIFIED,,,,
0x004270b0,,comp/cups/bra_champ_cup.cpp,FUN_004270b0,,GUI,UNKNOWN,,,INDIRECT,,UNVERIFIED,,,,
0x00427360,,comp/cups/bra_champ_cup.cpp,FUN_00427360,,GUI,UNKNOWN,,,INDIRECT,,UNVERIFIED,,,,
0x004279c0,,,FUN_004279c0,,,UNKNOWN,,,INDIRECT,,UNVERIFIED,,,,
0x00427f60,,comp/cups/bra_champ_cup.cpp,FUN_00427f60,,GUI,UNKNOWN,,,INDIRECT,,UNVERIFIED,,,,
0x00428070,,comp/cups/bra_cup.cpp,FUN_00428070,,GUI,UNKNOWN,,,INDIRECT,,UNVERIFIED,,,,
0x00428250,,,FUN_00428250,,UNKNOWN,UNKNOWN,,,INDIRECT,,UNVERIFIED,,,,
0x00428270,,,FUN_00428270,,UNKNOWN,UNKNOWN,,,INDIRECT,,UNVERIFIED,,,,
0x00428340,,comp/cups/bra_cup.cpp,FUN_00428340,,GUI,UNKNOWN,,,INDIRECT,,UNVERIFIED,,,,
0x00428860,,comp/cups/bra_cup.cpp,FUN_00428860,,GUI,UNKNOWN,,,INDIRECT,,UNVERIFIED,,,,
0x00428b00,,,FUN_00428b00,,UNKNOWN,UNKNOWN,,,INDIRECT,,UNVERIFIED,,,,
0x00428b40,,comp/cups/bra_cup.cpp,FUN_00428b40,,GUI,UNKNOWN,,,INDIRECT,,UNVERIFIED,,,,
0x0042a490,,comp/leagues/bra_nat_first.cpp,FUN_0042a490,,GUI,UNKNOWN,,,INDIRECT,,UNVERIFIED,,,,
0x0042a6b0,,,FUN_0042a6b0,,UNKNOWN,UNKNOWN,,,INDIRECT,,UNVERIFIED,,,,
0x0042a6d0,,,FUN_0042a6d0,,GUI,UNKNOWN,,,INDIRECT,,UNVERIFIED,,,,
0x0042b0c0,,comp/leagues/bra_nat_first.cpp,FUN_0042b0c0,,GUI,UNKNOWN,,,INDIRECT,,UNVERIFIED,,,,
0x0042b1e0,,,FUN_0042b1e0,,UNKNOWN,UNKNOWN,,,INDIRECT,,UNVERIFIED,,,,
0x0042b620,,comp/leagues/bra_nat_first.cpp,FUN_0042b620,,GUI,UNKNOWN,,,INDIRECT,,UNVERIFIED,,,,
0x0042bd70,,comp/leagues/bra_nat_first.cpp,FUN_0042bd70,,GUI,UNKNOWN,,,INDIRECT,,UNVERIFIED,,,,
0x0042c160,,comp/leagues/bra_nat_first.cpp,FUN_0042c160,,GUI,UNKNOWN,,,INDIRECT,,UNVERIFIED,,,,
0x0042c3a0,,,FUN_0042c3a0,,GUI,UNKNOWN,,,INDIRECT,,UNVERIFIED,,,,
0x0042ca80,,comp/leagues/bra_nat_second.cpp,FUN_0042ca80,,GUI,UNKNOWN,,,INDIRECT,,UNVERIFIED,,,,
0x0042cca0,,,FUN_0042cca0,,UNKNOWN,UNKNOWN,,,INDIRECT,,UNVERIFIED,,,,
0x0042ccc0,,,FUN_0042ccc0,,GUI,UNKNOWN,,,INDIRECT,,UNVERIFIED,,,,
0x0042d6b0,,comp/leagues/bra_nat_second.cpp,FUN_0042d6b0,,GUI,UNKNOWN,,,INDIRECT,,UNVERIFIED,,,,
0x0042d7b0,,,FUN_0042d7b0,,UNKNOWN,UNKNOWN,,,INDIRECT,,UNVERIFIED,,,,
0x0042daa0,,comp/leagues/bra_nat_second.cpp,FUN_0042daa0,,GUI,UNKNOWN,,,INDIRECT,,UNVERIFIED,,,,
0x0042df00,,comp/leagues/bra_nat_third.cpp,FUN_0042df00,,GUI,UNKNOWN,,,INDIRECT,,UNVERIFIED,,,,
0x0042e160,,,FUN_0042e160,,UNKNOWN,UNKNOWN,,,INDIRECT,,UNVERIFIED,,,,
0x0042e180,,,FUN_0042e180,,GUI,UNKNOWN,,,INDIRECT,,UNVERIFIED,,,,
0x0042e8d0,,comp/leagues/bra_nat_third.cpp,FUN_0042e8d0,,GUI,UNKNOWN,,,INDIRECT,,UNVERIFIED,,,,
0x0042ea90,,,FUN_0042ea90,,UNKNOWN,UNKNOWN,,,INDIRECT,,UNVERIFIED,,,,
0x0042f070,,comp/leagues/bra_nat_third.cpp,FUN_0042f070,,GUI,UNKNOWN,,,INDIRECT,,UNVERIFIED,,,,
0x0042f340,,comp/leagues/bra_nat_third.cpp,FUN_0042f340,,GUI,UNKNOWN,,,INDIRECT,,UNVERIFIED,,,,
0x0042f5c0,,comp/leagues/bra_nat_third.cpp,FUN_0042f5c0,,GUI,UNKNOWN,,,INDIRECT,,UNVERIFIED,,,,
0x0042fac0,,comp/leagues/bra_nat_third.cpp,FUN_0042fac0,,GUI,UNKNOWN,,,INDIRECT,,UNVERIFIED,,,,
0x0042fce0,,comp/leagues/bra_nat_third.cpp,FUN_0042fce0,,GUI,UNKNOWN,,,INDIRECT,,UNVERIFIED,,,,
0x0042ff10,,comp/leagues/bra_reg_bahia.cpp,FUN_0042ff10,,GUI,UNKNOWN,,,INDIRECT,,UNVERIFIED,,,,
0x00430130,,,FUN_00430130,,UNKNOWN,UNKNOWN,,,INDIRECT,,UNVERIFIED,,,,
0x00430150,,,FUN_00430150,,GUI,UNKNOWN,,,INDIRECT,,UNVERIFIED,,,,
0x00430950,,comp/leagues/bra_reg_bahia.cpp,FUN_00430950,,GUI,UNKNOWN,,,INDIRECT,,UNVERIFIED,,,,
0x00430c90,,comp/leagues/bra_reg_bahia.cpp,FUN_00430c90,,GUI,UNKNOWN,,,INDIRECT,,UNVERIFIED,,,,
0x00430e60,,comp/leagues/bra_reg_bahia.cpp,FUN_00430e60,,GUI,UNKNOWN,,,INDIRECT,,UNVERIFIED,,,,
0x00431030,,comp/leagues/bra_reg_central.cpp,FUN_00431030,,GUI,UNKNOWN,,,INDIRECT,,UNVERIFIED,,,,
0x00431250,,,FUN_00431250,,UNKNOWN,UNKNOWN,,,INDIRECT,,UNVERIFIED,,,,
0x00431270,,,FUN_00431270,,GUI,UNKNOWN,,,INDIRECT,,UNVERIFIED,,,,
0x00431a70,,comp/leagues/bra_reg_central.cpp,FUN_00431a70,,GUI,UNKNOWN,,,INDIRECT,,UNVERIFIED,,,,
0x00431b70,,,FUN_00431b70,,UNKNOWN,UNKNOWN,,,INDIRECT,,UNVERIFIED,,,,
0x00431e50,,comp/leagues/bra_reg_central.cpp,FUN_00431e50,,GUI,UNKNOWN,,,INDIRECT,,UNVERIFIED,,,,
0x00432190,,comp/leagues/bra_reg_central.cpp,FUN_00432190,,GUI,UNKNOWN,,,INDIRECT,,UNVERIFIED,,,,
0x004323a0,,comp/leagues/bra_reg_gaucho.cpp,FUN_004323a0,,GUI,UNKNOWN,,,INDIRECT,,UNVERIFIED,,,,
0x004325c0,,,FUN_004325c0,,UNKNOWN,UNKNOWN,,,INDIRECT,,UNVERIFIED,,,,
0x004325e0,,,FUN_004325e0,,GUI,UNKNOWN,,,INDIRECT,,UNVERIFIED,,,,
0x00432db0,,comp/leagues/bra_reg_gaucho.cpp,FUN_00432db0,,GUI,UNKNOWN,,,INDIRECT,,UNVERIFIED,,,,
0x004330f0,,comp/leagues/bra_reg_gaucho.cpp,FUN_004330f0,,GUI,UNKNOWN,,,INDIRECT,,UNVERIFIED,,,,
0x004333e0,,comp/leagues/bra_reg_gaucho.cpp,FUN_004333e0,,GUI,UNKNOWN,,,INDIRECT,,UNVERIFIED,,,,
0x00433550,,comp/leagues/bra_reg_goias.cpp,FUN_00433550,,GUI,UNKNOWN,,,INDIRECT,,UNVERIFIED,,,,
0x00433770,,,FUN_00433770,,UNKNOWN,UNKNOWN,,,INDIRECT,,UNVERIFIED,,,,
0x00433790,,,FUN_00433790,,GUI,UNKNOWN,,,INDIRECT,,UNVERIFIED,,,,
0x00433f40,,comp/leagues/bra_reg_goias.cpp,FUN_00433f40,,GUI,UNKNOWN,,,INDIRECT,,UNVERIFIED,,,,
0x00434040,,,FUN_00434040,,UNKNOWN,UNKNOWN,,,INDIRECT,,UNVERIFIED,,,,
0x00434330,,comp/leagues/bra_reg_goias.cpp,FUN_00434330,,GUI,UNKNOWN,,,INDIRECT,,UNVERIFIED,,,,
0x00434540,,comp/leagues/bra_reg_goias.cpp,FUN_00434540,,GUI,UNKNOWN,,,INDIRECT,,UNVERIFIED,,,,
0x004346f0,,comp/leagues/bra_reg_minas_gerais.cpp,FUN_004346f0,,GUI,UNKNOWN,,,INDIRECT,,UNVERIFIED,,,,
0x00434910,,,FUN_00434910,,UNKNOWN,UNKNOWN,,,INDIRECT,,UNVERIFIED,,,,
0x00434930,,,FUN_00434930,,GUI,UNKNOWN,,,INDIRECT,,UNVERIFIED,,,,
0x004351b0,,comp/leagues/bra_reg_minas_gerais.cpp,FUN_004351b0,,GUI,UNKNOWN,,,INDIRECT,,UNVERIFIED,,,,
0x00435510,,comp/leagues/bra_reg_minas_gerais.cpp,FUN_00435510,,GUI,PORTED_BEHAVIOURAL,crates/cm-domain/src/year_end_statuses.rs,,YES,SIMULATION_RELEVANT,UNVERIFIED,,,,
0x00435950,,comp/leagues/bra_reg_minas_gerais.cpp,FUN_00435950,,GUI,UNKNOWN,,,INDIRECT,,UNVERIFIED,,,,
0x00435aa0,,,FUN_00435aa0,,UNKNOWN,UNKNOWN,,,INDIRECT,,UNVERIFIED,,,,
0x00435b20,,comp/leagues/bra_reg_minas_gerais.cpp,FUN_00435b20,,GUI,UNKNOWN,,,INDIRECT,,UNVERIFIED,,,,
0x00435cb0,,comp/leagues/bra_reg_north.cpp,FUN_00435cb0,,GUI,UNKNOWN,,,INDIRECT,,UNVERIFIED,,,,
0x00435ed0,,,FUN_00435ed0,,UNKNOWN,UNKNOWN,,,INDIRECT,,UNVERIFIED,,,,
0x00435ef0,,,FUN_00435ef0,,GUI,UNKNOWN,,,INDIRECT,,UNVERIFIED,,,,
0x004366f0,,comp/leagues/bra_reg_north.cpp,FUN_004366f0,,GUI,UNKNOWN,,,INDIRECT,,UNVERIFIED,,,,
0x00436a30,,comp/leagues/bra_reg_north.cpp,FUN_00436a30,,GUI,UNKNOWN,,,INDIRECT,,UNVERIFIED,,,,
0x00436bf0,,comp/leagues/bra_reg_north.cpp,FUN_00436bf0,,GUI,UNKNOWN,,,INDIRECT,,UNVERIFIED,,,,
0x00436d60,,comp/leagues/bra_reg_northeast.cpp,FUN_00436d60,,GUI,UNKNOWN,,,INDIRECT,,UNVERIFIED,,,,
0x00436f80,,,FUN_00436f80,,UNKNOWN,UNKNOWN,,,INDIRECT,,UNVERIFIED,,,,
0x00436fa0,,,FUN_00436fa0,,GUI,UNKNOWN,,,INDIRECT,,UNVERIFIED,,,,
0x00437700,,comp/leagues/bra_reg_northeast.cpp,FUN_00437700,,GUI,UNKNOWN,,,INDIRECT,,UNVERIFIED,,,,
0x00437a40,,comp/leagues/bra_reg_northeast.cpp,FUN_00437a40,,GUI,UNKNOWN,,,INDIRECT,,UNVERIFIED,,,,
0x00437c00,,comp/leagues/bra_reg_northeast.cpp,FUN_00437c00,,GUI,UNKNOWN,,,INDIRECT,,UNVERIFIED,,,,
0x00437d70,,comp/leagues/bra_reg_parana.cpp,FUN_00437d70,,GUI,UNKNOWN,,,INDIRECT,,UNVERIFIED,,,,
0x00437f90,,,FUN_00437f90,,UNKNOWN,UNKNOWN,,,INDIRECT,,UNVERIFIED,,,,
0x00437fb0,,,FUN_00437fb0,,GUI,UNKNOWN,,,INDIRECT,,UNVERIFIED,,,,
0x00438830,,comp/leagues/bra_reg_parana.cpp,FUN_00438830,,GUI,UNKNOWN,,,INDIRECT,,UNVERIFIED,,,,
0x00438930,,,FUN_00438930,,UNKNOWN,UNKNOWN,,,INDIRECT,,UNVERIFIED,,,,
0x00438c30,,comp/leagues/bra_reg_parana.cpp,FUN_00438c30,,GUI,UNKNOWN,,,INDIRECT,,UNVERIFIED,,,,
0x00438f90,,comp/leagues/bra_reg_parana.cpp,FUN_00438f90,,GUI,UNKNOWN,,,INDIRECT,,UNVERIFIED,,,,
0x004390e0,,,FUN_004390e0,,UNKNOWN,UNKNOWN,,,INDIRECT,,UNVERIFIED,,,,
0x00439160,,comp/leagues/bra_reg_parana.cpp,FUN_00439160,,GUI,UNKNOWN,,,INDIRECT,,UNVERIFIED,,,,
0x004392f0,,comp/leagues/bra_reg_pern.cpp,FUN_004392f0,,GUI,UNKNOWN,,,INDIRECT,,UNVERIFIED,,,,
0x00439510,,,FUN_00439510,,UNKNOWN,UNKNOWN,,,INDIRECT,,UNVERIFIED,,,,
0x00439530,,,FUN_00439530,,GUI,UNKNOWN,,,INDIRECT,,UNVERIFIED,,,,
0x00439d30,,comp/leagues/bra_reg_pern.cpp,FUN_00439d30,,GUI,UNKNOWN,,,INDIRECT,,UNVERIFIED,,,,
0x00439e30,,,FUN_00439e30,,UNKNOWN,UNKNOWN,,,INDIRECT,,UNVERIFIED,,,,
0x0043a110,,comp/leagues/bra_reg_pern.cpp,FUN_0043a110,,GUI,UNKNOWN,,,INDIRECT,,UNVERIFIED,,,,
0x0043a4d0,,comp/leagues/bra_reg_pern.cpp,FUN_0043a4d0,,GUI,UNKNOWN,,,INDIRECT,,UNVERIFIED,,,,
0x0043a640,,comp/leagues/bra_reg_rio.cpp,FUN_0043a640,,GUI,UNKNOWN,,,INDIRECT,,UNVERIFIED,,,,
0x0043a860,,,FUN_0043a860,,UNKNOWN,UNKNOWN,,,INDIRECT,,UNVERIFIED,,,,
0x0043a880,,,FUN_0043a880,,GUI,UNKNOWN,,,INDIRECT,,UNVERIFIED,,,,
0x0043b100,,comp/leagues/bra_reg_rio.cpp,FUN_0043b100,,GUI,UNKNOWN,,,INDIRECT,,UNVERIFIED,,,,
0x0043b200,,,FUN_0043b200,,UNKNOWN,UNKNOWN,,,INDIRECT,,UNVERIFIED,,,,
0x0043b500,,comp/leagues/bra_reg_rio.cpp,FUN_0043b500,,GUI,UNKNOWN,,,INDIRECT,,UNVERIFIED,,,,
0x0043b720,,comp/leagues/bra_reg_rio.cpp,FUN_0043b720,,GUI,UNKNOWN,,,INDIRECT,,UNVERIFIED,,,,
0x0043b8d0,,,FUN_0043b8d0,,UNKNOWN,UNKNOWN,,,INDIRECT,,UNVERIFIED,,,,
0x0043b950,,comp/leagues/bra_reg_rio.cpp,FUN_0043b950,,GUI,UNKNOWN,,,INDIRECT,,UNVERIFIED,,,,
0x0043bae0,,comp/leagues/bra_reg_santa.cpp,FUN_0043bae0,,GUI,UNKNOWN,,,INDIRECT,,UNVERIFIED,,,,
0x0043bd20,,,FUN_0043bd20,,UNKNOWN,UNKNOWN,,,INDIRECT,,UNVERIFIED,,,,
0x0043bd40,,,FUN_0043bd40,,GUI,UNKNOWN,,,INDIRECT,,UNVERIFIED,,,,
0x0043c540,,comp/leagues/bra_reg_santa.cpp,FUN_0043c540,,GUI,UNKNOWN,,,INDIRECT,,UNVERIFIED,,,,
0x0043c640,,,FUN_0043c640,,UNKNOWN,UNKNOWN,,,INDIRECT,,UNVERIFIED,,,,
0x0043c920,,comp/leagues/bra_reg_santa.cpp,FUN_0043c920,,GUI,UNKNOWN,,,INDIRECT,,UNVERIFIED,,,,
0x0043cae0,,comp/leagues/bra_reg_santa.cpp,FUN_0043cae0,,GUI,UNKNOWN,,,INDIRECT,,UNVERIFIED,,,,
0x0043cc50,,comp/leagues/bra_reg_sp.cpp,FUN_0043cc50,,GUI,UNKNOWN,,,INDIRECT,,UNVERIFIED,,,,
0x0043ce70,,,FUN_0043ce70,,UNKNOWN,UNKNOWN,,,INDIRECT,,UNVERIFIED,,,,
0x0043ce90,,,FUN_0043ce90,,GUI,UNKNOWN,,,INDIRECT,,UNVERIFIED,,,,
0x0043d5f0,,comp/leagues/bra_reg_sp.cpp,FUN_0043d5f0,,GUI,UNKNOWN,,,INDIRECT,,UNVERIFIED,,,,
0x0043d6f0,,,FUN_0043d6f0,,GUI,UNKNOWN,,,INDIRECT,,UNVERIFIED,,,,
0x0043d9d0,,comp/leagues/bra_reg_sp.cpp,FUN_0043d9d0,,GUI,UNKNOWN,,,INDIRECT,,UNVERIFIED,,,,
0x0043db90,,comp/leagues/bra_reg_sp.cpp,FUN_0043db90,,GUI,UNKNOWN,,,INDIRECT,,UNVERIFIED,,,,
0x0043dd00,,,FUN_0043dd00,,GUI,UNKNOWN,,,INDIRECT,,UNVERIFIED,,,,
0x0043dd90,,award/brazil_awards.cpp,FUN_0043dd90,,GUI,UNKNOWN,,,INDIRECT,,UNVERIFIED,,,,
0x0043fb30,,transfer/brazil_rules.cpp,FUN_0043fb30,,GUI,UNKNOWN,,,INDIRECT,,UNVERIFIED,,,,
0x0043fc60,,,FUN_0043fc60,,GUI,UNKNOWN,,,INDIRECT,,UNVERIFIED,,,,
0x0043fd20,,,FUN_0043fd20,,UNKNOWN,UNKNOWN,,,INDIRECT,,UNVERIFIED,,,,
0x0043fd50,,,FUN_0043fd50,,UNKNOWN,UNKNOWN,,,INDIRECT,,UNVERIFIED,,,,
0x0043fda0,,,FUN_0043fda0,,UNKNOWN,UNKNOWN,,,INDIRECT,,UNVERIFIED,,,,
0x0043fe90,,,FUN_0043fe90,,UNKNOWN,UNKNOWN,,,INDIRECT,,UNVERIFIED,,,,
0x0043feb0,,,FUN_0043feb0,,GUI,UNKNOWN,,,INDIRECT,,UNVERIFIED,,,,
0x0043ff10,,,FUN_0043ff10,,GUI,UNKNOWN,,,INDIRECT,,UNVERIFIED,,,,
0x0043ff30,,,FUN_0043ff30,,GUI,UNKNOWN,,,INDIRECT,,UNVERIFIED,,,,
0x0043ffd0,,,FUN_0043ffd0,,GUI,PORTED_BEHAVIOURAL,crates/cm-domain/src/screen_batch13.rs,,YES,SIMULATION_RELEVANT,UNVERIFIED,,,,
0x00440070,,cash.cpp,FUN_00440070,,GUI,UNKNOWN,,,INDIRECT,,UNVERIFIED,,,,
0x00440170,,cash.cpp,FUN_00440170,,GUI,UNKNOWN,,,INDIRECT,,UNVERIFIED,,,,
0x00440240,,cash.cpp,FUN_00440240,,GUI,UNKNOWN,,,INDIRECT,,UNVERIFIED,,,,
0x00441f00,,,FUN_00441f00,,,UNKNOWN,,,INDIRECT,,UNVERIFIED,,,,
0x00441f10,,cash.cpp,FUN_00441f10,,GUI,UNKNOWN,,,INDIRECT,,UNVERIFIED,,,,
0x00442500,,cash.cpp,FUN_00442500,,GUI,UNKNOWN,,,INDIRECT,,UNVERIFIED,,,,
0x00442fd0,,,FUN_00442fd0,,GUI,UNKNOWN,,,INDIRECT,,UNVERIFIED,,,,
0x004433a0,,club_history.cpp,FUN_004433a0,,RESOURCE,UNKNOWN,,,INDIRECT,,UNVERIFIED,,,,
0x00443710,,,FUN_00443710,,GUI,UNKNOWN,,,INDIRECT,,UNVERIFIED,,,,
0x00443770,,club_history.cpp,FUN_00443770,,GUI,UNKNOWN,,,INDIRECT,,UNVERIFIED,,,,
0x00443c70,,club_history.cpp,FUN_00443c70,,GUI,UNKNOWN,,,INDIRECT,,UNVERIFIED,,,,
0x00443e10,,club_history.cpp,FUN_00443e10,,GUI,UNKNOWN,,,INDIRECT,,UNVERIFIED,,,,
0x00444060,,club_history.cpp,FUN_00444060,,GUI,UNKNOWN,,,INDIRECT,,UNVERIFIED,,,,
0x00444310,,club_history.cpp,FUN_00444310,,GUI,UNKNOWN,,,INDIRECT,,UNVERIFIED,,,,
0x004445c0,,club_history.cpp,FUN_004445c0,,GUI,UNKNOWN,,,INDIRECT,,UNVERIFIED,,,,
0x00444840,,club_history.cpp,FUN_00444840,,GUI,UNKNOWN,,,INDIRECT,,UNVERIFIED,,,,
0x00444a80,,club_history.cpp,FUN_00444a80,,GUI,UNKNOWN,,,INDIRECT,,UNVERIFIED,,,,
0x00444e10,,club_records.cpp,FUN_00444e10,,RESOURCE,UNKNOWN,,,INDIRECT,,UNVERIFIED,,,,
0x00445190,,,FUN_00445190,,GUI,UNKNOWN,,,INDIRECT,,UNVERIFIED,,,,
0x00445220,,club_records.cpp,FUN_00445220,club-record recompute engine,records,PORTED_BEHAVIOURAL,crates/cm-domain/src/club_season_records.rs,ClubSeasonRecords::update_with_match,YES,SIMULATION_RELEVANT,BEHAVIOURALLY_EXACT,reports/club_history_screen_decode.md,Results/Sequences rules ported byte-faithful; season_records_probe,,
0x0044773c,,,,editor record load code (ground truth),editor,UNKNOWN,crates/cm-data/src/lib.rs;crates/cm-domain/src/lib.rs,,NO,IMPLEMENTATION_ONLY,UNVERIFIED,memory:editor-is-ground-truth.md,cited in doc-comment as layout ground truth; not itself ported,,
0x00447d20,,club_records.cpp,FUN_00447d20,highest/lowest league position writer,records,PORTED_PARTIAL,crates/cm-domain/src/club_history.rs,season_rows_for_club,INDIRECT,SIMULATION_RELEVANT,PARTIAL,reports/club_history_screen_decode.md,division-strength latching; port uses final position (per-season highest/lowest source open),,
0x00448170,,club_records.cpp,FUN_00448170,,GUI,PORTED_BEHAVIOURAL,crates/cm-app/src/main.rs,,YES,SIMULATION_RELEVANT,UNVERIFIED,,,,
0x00448a00,,,FUN_00448a00,,GUI,UNKNOWN,,,INDIRECT,,UNVERIFIED,,,,
0x00448a60,,,FUN_00448a60,,GUI,UNKNOWN,,,INDIRECT,,UNVERIFIED,,,,
0x00448aa0,,,FUN_00448aa0,,UNKNOWN,UNKNOWN,,,INDIRECT,,UNVERIFIED,,,,
0x00448b20,,,FUN_00448b20,,GUI,UNKNOWN,,,INDIRECT,,UNVERIFIED,,,,
0x00448b50,,,FUN_00448b50,,GUI,UNKNOWN,,,INDIRECT,,UNVERIFIED,,,,
0x00448d80,,,FUN_00448d80,,GUI,UNKNOWN,,,INDIRECT,,UNVERIFIED,,,,
0x00448d90,,,FUN_00448d90,,GUI,PORTED_BEHAVIOURAL,crates/cm-domain/src/screen_batch30.rs,,YES,SIMULATION_RELEVANT,UNVERIFIED,,,,
0x00448dd0,,,FUN_00448dd0,,GUI,UNKNOWN,,,INDIRECT,,UNVERIFIED,,,,
0x00448e00,,,FUN_00448e00,,GUI,UNKNOWN,,,INDIRECT,,UNVERIFIED,,,,
0x00448e20,,,FUN_00448e20,,GUI,UNKNOWN,,,INDIRECT,,UNVERIFIED,,,,
0x00448e80,,,FUN_00448e80,,GUI,UNKNOWN,,,INDIRECT,,UNVERIFIED,,,,
0x00448ea0,,,FUN_00448ea0,,GUI,UNKNOWN,,,INDIRECT,,UNVERIFIED,,,,
0x00448ef0,,,FUN_00448ef0,,GUI,UNKNOWN,,,INDIRECT,,UNVERIFIED,,,,
0x00448f40,,,FUN_00448f40,,GUI,UNKNOWN,,,INDIRECT,,UNVERIFIED,,,,
0x00448f90,,,FUN_00448f90,,GUI,UNKNOWN,,,INDIRECT,,UNVERIFIED,,,,
0x00448fa0,,,FUN_00448fa0,,GUI,UNKNOWN,,,INDIRECT,,UNVERIFIED,,,,
0x00449040,,,FUN_00449040,,GUI,UNKNOWN,,,INDIRECT,,UNVERIFIED,,,,
0x004493b0,,,FUN_004493b0,,GUI,UNKNOWN,,,INDIRECT,,UNVERIFIED,,,,
0x00449590,,club_records.cpp,FUN_00449590,per-club apps/goals updater,records,PORTED_BEHAVIOURAL,crates/cm-domain/src/club_history.rs,World::club_history_view,YES,SIMULATION_RELEVANT,BEHAVIOURALLY_EXACT,memory/club-history-screen.md,max(sum apps)/max(sum goals) per (person club),,
0x00449710,,,FUN_00449710,,GUI,PORTED_BEHAVIOURAL,crates/cm-domain/src/club_season_records.rs,,YES,SIMULATION_RELEVANT,UNVERIFIED,,,,
0x00449880,,club_records.cpp,FUN_00449880,,GUI,UNKNOWN,,,INDIRECT,,UNVERIFIED,,,,
0x00449990,,,FUN_00449990,,GUI,UNKNOWN,,,INDIRECT,,UNVERIFIED,,,,
0x00449e70,,,FUN_00449e70,,,PORTED_BEHAVIOURAL,crates/cm-domain/src/club_season_records.rs,,YES,SIMULATION_RELEVANT,UNVERIFIED,,,,
0x00449fb0,,club_records.cpp,FUN_00449fb0,,GUI,UNKNOWN,,,INDIRECT,,UNVERIFIED,,,,
0x0044a0f0,,club_records.cpp,FUN_0044a0f0,,GUI,UNKNOWN,,,INDIRECT,,UNVERIFIED,,,,
0x0044cf30,,,FUN_0044cf30,,,UNKNOWN,,,INDIRECT,,UNVERIFIED,,,,
0x00451350,,,FUN_00451350,,UNKNOWN,UNKNOWN,,,INDIRECT,,UNVERIFIED,,,,
0x00451360,,,FUN_00451360,,GUI,UNKNOWN,,,INDIRECT,,UNVERIFIED,,,,
0x00451370,,,FUN_00451370,,GUI,UNKNOWN,,,INDIRECT,,UNVERIFIED,,,,
0x004513a0,,,FUN_004513a0,,UNKNOWN,UNKNOWN,,,INDIRECT,,UNVERIFIED,,,,
0x004513f0,,,FUN_004513f0,,UNKNOWN,UNKNOWN,,,INDIRECT,,UNVERIFIED,,,,
0x00451440,,,FUN_00451440,,UNKNOWN,UNKNOWN,,,INDIRECT,,UNVERIFIED,,,,
0x00451490,,,FUN_00451490,,UNKNOWN,UNKNOWN,,,INDIRECT,,UNVERIFIED,,,,
0x004514e0,,,FUN_004514e0,,UNKNOWN,UNKNOWN,,,INDIRECT,,UNVERIFIED,,,,
0x00451530,,,FUN_00451530,,UNKNOWN,UNKNOWN,,,INDIRECT,,UNVERIFIED,,,,
0x00451590,,,FUN_00451590,,UNKNOWN,UNKNOWN,,,INDIRECT,,UNVERIFIED,,,,
0x004515f0,,club_records.cpp,FUN_004515f0,,GUI,UNKNOWN,,,INDIRECT,,UNVERIFIED,,,,
0x00451aa0,,,FUN_00451aa0,,GUI,UNKNOWN,,,INDIRECT,,UNVERIFIED,,,,
0x00451e10,,,FUN_00451e10,,GUI,UNKNOWN,,,INDIRECT,,UNVERIFIED,,,,
0x00451e40,,,FUN_00451e40,,GUI,UNKNOWN,,,INDIRECT,,UNVERIFIED,,,,
0x00451e70,,club_records.cpp,FUN_00451e70,,GUI,UNKNOWN,,,INDIRECT,,UNVERIFIED,,,,
0x004528c0,,club_records.cpp,FUN_004528c0,,GUI,UNKNOWN,,,INDIRECT,,UNVERIFIED,,,,
0x00452fe0,,club_records.cpp,FUN_00452fe0,this-season record body accessor,records,PORTED_BEHAVIOURAL,crates/cm-domain/src/club_season_records.rs,ClubSeasonRecords,YES,SIMULATION_RELEVANT,STRUCTURALLY_VERIFIED,reports/club_history_screen_decode.md,0x38b body; club_comp map stride 0x6a,,
0x004531a0,,club_records.cpp,FUN_004531a0,all-time record body accessor,records,PORTED_BEHAVIOURAL,crates/cm-domain/src/club_season_records.rs,ClubSeasonRecords,YES,SIMULATION_RELEVANT,STRUCTURALLY_VERIFIED,reports/club_history_screen_decode.md,aggregated from per-season at view,,
0x00453360,,club_records.cpp,FUN_00453360,,GUI,PORTED_BEHAVIOURAL,crates/cm-domain/src/match_engine_exe.rs,,YES,SIMULATION_RELEVANT,UNVERIFIED,,,,
0x00453580,,club_records.cpp,FUN_00453580,,GUI,NON_USEFUL,,,NO,IMPLEMENTATION_ONLY,UNVERIFIED,,,,
0x00453670,,,FUN_00453670,,GUI,UNKNOWN,,,INDIRECT,,UNVERIFIED,,,,
0x004538b0,,club_records.cpp,FUN_004538b0,record-body initializer,records,PORTED_BEHAVIOURAL,crates/cm-domain/src/club_season_records.rs,ClubSeasonRecords::new,YES,SIMULATION_RELEVANT,STRUCTURALLY_VERIFIED,reports/club_history_screen_decode.md,"-1/0xff sentinels; +0x1f1 -1.0f rating -> ""-""",,
0x004539f0,,club_records.cpp,FUN_004539f0,transfer-queue preprocessing,transfers,UNKNOWN,crates/cm-app/src/main.rs;crates/cm-domain/src/club_season_records.rs;crates/cm-domain/src/lib.rs,,NO,IMPLEMENTATION_ONLY,UNVERIFIED,rust:crates/cm-domain/src/lib.rs,lift-workbench reference,,
0x00454490,,,FUN_00454490,,GUI,UNKNOWN,,,INDIRECT,,UNVERIFIED,,,,
0x004544b0,,,FUN_004544b0,,UNKNOWN,UNKNOWN,,,INDIRECT,,UNVERIFIED,,,,
0x00454500,,,FUN_00454500,,UNKNOWN,UNKNOWN,,,INDIRECT,,UNVERIFIED,,,,
0x00454550,,,FUN_00454550,,UNKNOWN,UNKNOWN,,,INDIRECT,,UNVERIFIED,,,,
0x004545b0,,,FUN_004545b0,,UNKNOWN,UNKNOWN,,,INDIRECT,,UNVERIFIED,,,,
0x00454620,,,FUN_00454620,club dashboard setup,screens,PORTED_BEHAVIOURAL,crates/cm-domain/src/screen_batch5.rs,build_club_dashboard,INDIRECT,PLAYER_VISIBLE,STRUCTURALLY_VERIFIED,memory:wired-screens-are-approximations.md,slot data ported+tested; NOT pixel-verified (legacy RGB565 chrome),,
0x00454bb0,,club_screens.cpp,FUN_00454bb0,,GUI,PORTED_BEHAVIOURAL,crates/cm-domain/src/screen_nation_dashboard.rs;crates/cm-render/src/dispatcher.rs,,YES,SIMULATION_RELEVANT,UNVERIFIED,,,,
0x004551c0,,club_screens.cpp,,club home-screen draw,screens,UNKNOWN,crates/cm-domain/src/lib.rs;crates/cm-domain/src/screen_club_dashboard.rs;crates/cm-render/src/view_render.rs,,NO,PLAYER_VISIBLE,UNVERIFIED,memory:dashboard-manager-model.md,paired draw for curated dashboard 0x00454620; not ported,,
0x00457050,,,FUN_00457050,,GUI,UNKNOWN,,,INDIRECT,,UNVERIFIED,,,,
0x00457080,,,FUN_00457080,,GUI,PORTED_BEHAVIOURAL,crates/cm-app/src/main.rs,,YES,SIMULATION_RELEVANT,UNVERIFIED,,,,
0x004570b0,,,FUN_004570b0,,GUI,UNKNOWN,,,INDIRECT,,UNVERIFIED,,,,
0x004570f0,,,FUN_004570f0,,GUI,UNKNOWN,,,INDIRECT,,UNVERIFIED,,,,
0x00457130,,,FUN_00457130,,GUI,UNKNOWN,,,INDIRECT,,UNVERIFIED,,,,
0x00457190,,,FUN_00457190,,GUI,UNKNOWN,,,INDIRECT,,UNVERIFIED,,,,
0x00457200,,,FUN_00457200,,GUI,UNKNOWN,crates/cm-render/src/screen_club_squad_faithful.rs;crates/cm-ui-app/src/render_new.rs,,INDIRECT,,UNVERIFIED,,,,
0x0045da20,,,FUN_0045da20,,UNKNOWN,UNKNOWN,,,INDIRECT,,UNVERIFIED,,,,
0x0045da30,,,FUN_0045da30,,GUI,UNKNOWN,,,INDIRECT,,UNVERIFIED,,,,
0x0045dab0,,,FUN_0045dab0,,GUI,UNKNOWN,,,INDIRECT,,UNVERIFIED,,,,
0x0045dbc0,,,FUN_0045dbc0,,GUI,UNKNOWN,,,INDIRECT,,UNVERIFIED,,,,
0x00460820,,,FUN_00460820,,GUI,PORTED_BEHAVIOURAL,crates/cm-render/src/screen_club_fixtures_faithful.rs;crates/cm-ui-app/src/main.rs,,YES,SIMULATION_RELEVANT,UNVERIFIED,,,,
0x00461bf0,,,FUN_00461bf0,,GUI,UNKNOWN,,,INDIRECT,,UNVERIFIED,,,,
0x00468cd0,,,FUN_00468cd0,,GUI,UNKNOWN,,,INDIRECT,,UNVERIFIED,,,,
0x00468d00,,,FUN_00468d00,,UNKNOWN,UNKNOWN,,,INDIRECT,,UNVERIFIED,,,,
0x00468d10,,,FUN_00468d10,,UNKNOWN,UNKNOWN,,,INDIRECT,,UNVERIFIED,,,,
0x00468d20,,,FUN_00468d20,,UNKNOWN,UNKNOWN,,,INDIRECT,,UNVERIFIED,,,,
0x00468d30,,,FUN_00468d30,,UNKNOWN,UNKNOWN,,,INDIRECT,,UNVERIFIED,,,,
0x00468d40,,,FUN_00468d40,,UNKNOWN,UNKNOWN,,,INDIRECT,,UNVERIFIED,,,,
0x0046a670,,,FUN_0046a670,,,PORTED_BEHAVIOURAL,crates/cm-domain/src/screen_batch28.rs,,YES,SIMULATION_RELEVANT,UNVERIFIED,,,,
0x0046a6a0,,,FUN_0046a6a0,,GUI,PORTED_BEHAVIOURAL,crates/cm-domain/src/screen_batch28.rs,,YES,SIMULATION_RELEVANT,UNVERIFIED,,,,
0x0046a6f0,,,FUN_0046a6f0,,GUI,PORTED_BEHAVIOURAL,crates/cm-render/src/dispatcher.rs,,YES,SIMULATION_RELEVANT,UNVERIFIED,,,,
0x0046a730,,,FUN_0046a730,,UNKNOWN,UNKNOWN,,,INDIRECT,,UNVERIFIED,,,,
0x0046a770,,,FUN_0046a770,,GUI,UNKNOWN,,,INDIRECT,,UNVERIFIED,,,,
0x0046ad30,,club_screens.cpp,FUN_0046ad30,,GUI,UNKNOWN,crates/cm-domain/src/screen_batch10.rs,,INDIRECT,,UNVERIFIED,,,,
0x0046b9b0,,,FUN_0046b9b0,,GUI,UNKNOWN,,,INDIRECT,,UNVERIFIED,,,,
0x0046ba80,,,FUN_0046ba80,,GUI,PORTED_BEHAVIOURAL,crates/cm-domain/src/screen_batch6.rs;crates/cm-render/src/view_render.rs,,YES,SIMULATION_RELEVANT,UNVERIFIED,,,,
0x0046bdf0,,club_screens.cpp,,club History screen setup,screens,PORTED_BEHAVIOURAL,crates/cm-render/src/screens_auto.rs,build_screen_46bdf0,INDIRECT,PLAYER_VISIBLE,STRUCTURALLY_VERIFIED,memory:club-history-screen.md,cf club-history-screen; not pixel-verified,,
0x0046c980,,,FUN_0046c980,,GUI,UNKNOWN,,,INDIRECT,,UNVERIFIED,,,,
0x0046e0a0,,,FUN_0046e0a0,,GUI,UNKNOWN,,,INDIRECT,,UNVERIFIED,,,,
0x0046e640,,,FUN_0046e640,,GUI,UNKNOWN,,,INDIRECT,,UNVERIFIED,,,,
0x0046ebe0,,,FUN_0046ebe0,,GUI,UNKNOWN,,,INDIRECT,,UNVERIFIED,,,,
0x0046f180,,,FUN_0046f180,,GUI,UNKNOWN,,,INDIRECT,,UNVERIFIED,,,,
0x0046f710,,,FUN_0046f710,,GUI,UNKNOWN,,,INDIRECT,,UNVERIFIED,,,,
0x0046fcd0,,,FUN_0046fcd0,,GUI,UNKNOWN,,,INDIRECT,,UNVERIFIED,,,,
0x004707a0,,,FUN_004707a0,,GUI,UNKNOWN,,,INDIRECT,,UNVERIFIED,,,,
0x004708a0,,,FUN_004708a0,,GUI,UNKNOWN,,,INDIRECT,,UNVERIFIED,,,,
0x004709a0,,,FUN_004709a0,,GUI,UNKNOWN,,,INDIRECT,,UNVERIFIED,,,,
0x00470bf0,,club_screens.cpp,FUN_00470bf0,,GUI,PORTED_BEHAVIOURAL,crates/cm-domain/src/screen_batch10.rs,,YES,SIMULATION_RELEVANT,UNVERIFIED,,,,
0x00470d60,,,FUN_00470d60,,GUI,UNKNOWN,,,INDIRECT,,UNVERIFIED,,,,
0x004729d0,,,FUN_004729d0,,GUI,UNKNOWN,,,INDIRECT,,UNVERIFIED,,,,
0x00472bf0,,club_screens.cpp,FUN_00472bf0,,GUI,PORTED_BEHAVIOURAL,crates/cm-domain/src/screen_batch10.rs,,YES,SIMULATION_RELEVANT,UNVERIFIED,,,,
0x00472e00,,,FUN_00472e00,,GUI,UNKNOWN,,,INDIRECT,,UNVERIFIED,,,,
0x00473da0,,club_screens.cpp,FUN_00473da0,,GUI,UNKNOWN,,,INDIRECT,,UNVERIFIED,,,,
0x00474760,,club_screens.cpp,,Arrange Friendly Tour screen setup,screens,PORTED_BEHAVIOURAL,crates/cm-render/src/screens_auto.rs,build_screen_474760,INDIRECT,PLAYER_VISIBLE,STRUCTURALLY_VERIFIED,memory:screen-builders-ported.md,21 widgets; not pixel-verified,,
0x00474fb0,,,FUN_00474fb0,,GUI,UNKNOWN,,,INDIRECT,,UNVERIFIED,,,,
0x004751b0,,club_screens.cpp,,Arrange Tour Of Nation screen setup,screens,PORTED_BEHAVIOURAL,crates/cm-render/src/screens_auto.rs,build_screen_4751b0,INDIRECT,PLAYER_VISIBLE,STRUCTURALLY_VERIFIED,memory:screen-builders-ported.md,not pixel-verified,,
0x00475870,,club_screens.cpp,FUN_00475870,,GUI,PORTED_BEHAVIOURAL,crates/cm-domain/src/screen_batch11.rs,,YES,SIMULATION_RELEVANT,UNVERIFIED,,,,
0x00476dc0,,,FUN_00476dc0,,GUI,PORTED_BEHAVIOURAL,crates/cm-domain/src/screen_batch28.rs,,YES,SIMULATION_RELEVANT,UNVERIFIED,,,,
0x00476df0,,club_screens.cpp,FUN_00476df0,,GUI,PORTED_BEHAVIOURAL,crates/cm-domain/src/screen_batch6.rs;crates/cm-render/src/view_render.rs,,YES,SIMULATION_RELEVANT,UNVERIFIED,,,,
0x00476ef0,,,,Invited Clubs screen setup,screens,PORTED_BEHAVIOURAL,crates/cm-render/src/screens_auto.rs,build_screen_476ef0,INDIRECT,PLAYER_VISIBLE,STRUCTURALLY_VERIFIED,memory:screen-builders-ported.md,not pixel-verified,,
0x00477590,,,FUN_00477590,,GUI,UNKNOWN,,,INDIRECT,,UNVERIFIED,,,,
0x004776a0,,club_screens.cpp,FUN_004776a0,,GUI,PORTED_BEHAVIOURAL,crates/cm-domain/src/screen_batch11.rs;crates/cm-render/src/news_action_classify.rs,,YES,SIMULATION_RELEVANT,UNVERIFIED,,,,
0x00477b60,,,FUN_00477b60,,GUI,UNKNOWN,,,INDIRECT,,UNVERIFIED,,,,
0x00477dd0,,club_screens.cpp,FUN_00477dd0,,GUI,PORTED_BEHAVIOURAL,crates/cm-domain/src/screen_batch11.rs;crates/cm-render/src/news_action_classify.rs,,YES,SIMULATION_RELEVANT,UNVERIFIED,,,,
0x00478240,,,FUN_00478240,,GUI,UNKNOWN,,,INDIRECT,,UNVERIFIED,,,,
0x00478580,,,FUN_00478580,,GUI,PORTED_BEHAVIOURAL,crates/cm-domain/src/screen_batch11.rs,,YES,SIMULATION_RELEVANT,UNVERIFIED,,,,
0x004787f0,,club_screens.cpp,FUN_004787f0,,GUI,PORTED_BEHAVIOURAL,crates/cm-domain/src/screen_batch11.rs;crates/cm-render/src/news_action_classify.rs,,YES,SIMULATION_RELEVANT,UNVERIFIED,,,,
0x00478a30,,club_screens.cpp,FUN_00478a30,,GUI,PORTED_BEHAVIOURAL,crates/cm-domain/src/screen_batch12.rs;crates/cm-render/src/news_action_classify.rs,,YES,SIMULATION_RELEVANT,UNVERIFIED,,,,
0x00478ca0,,club_screens.cpp,FUN_00478ca0,,GUI,PORTED_BEHAVIOURAL,crates/cm-domain/src/screen_batch11.rs,,YES,SIMULATION_RELEVANT,UNVERIFIED,,,,
0x0047ea60,,club_screens.cpp,FUN_0047ea60,squad-number kit panel,screens,UNKNOWN,crates/cm-domain/src/lib.rs;crates/cm-domain/src/screen_batch11.rs,,NO,PLAYER_VISIBLE,UNVERIFIED,memory:squad-number-not-at-45.md,panel lines 854-875 (not a boot pass); reference,,
0x00480130,,,FUN_00480130,,GUI,PORTED_BEHAVIOURAL,crates/cm-domain/src/screen_batch12.rs,,YES,SIMULATION_RELEVANT,UNVERIFIED,,,,
0x00480200,,,FUN_00480200,,GUI,UNKNOWN,,,INDIRECT,,UNVERIFIED,,,,
0x00485c20,,,FUN_00485c20,,GUI,UNKNOWN,,,INDIRECT,,UNVERIFIED,,,,
0x00486630,,,FUN_00486630,,,UNKNOWN,,,INDIRECT,,UNVERIFIED,,,,
0x00487210,,,FUN_00487210,,GUI,PORTED_BEHAVIOURAL,crates/cm-domain/src/screen_batch9.rs;crates/cm-render/src/dispatcher_club_toolbar.rs,,YES,SIMULATION_RELEVANT,UNVERIFIED,,,,
0x00487480,,,,,,PORTED_BEHAVIOURAL,crates/cm-render/src/dispatcher_club_toolbar.rs,,YES,SIMULATION_RELEVANT,UNVERIFIED,,,,
0x00487670,,,FUN_00487670,,GUI,PORTED_BEHAVIOURAL,crates/cm-render/src/dispatcher_club_toolbar.rs,,YES,SIMULATION_RELEVANT,UNVERIFIED,,,,
0x004878e0,,,,,,PORTED_BEHAVIOURAL,crates/cm-render/src/dispatcher_club_toolbar.rs,,YES,SIMULATION_RELEVANT,UNVERIFIED,,,,
0x00488280,,club_screens.cpp,FUN_00488280,,GUI,UNKNOWN,,,INDIRECT,,UNVERIFIED,,,,
0x004883f0,,,FUN_004883f0,,GUI,UNKNOWN,,,INDIRECT,,UNVERIFIED,,,,
0x00488f70,,club_screens.cpp,FUN_00488f70,squad position-filter (consumer of 0x005a2030),screens,UNKNOWN,crates/cm-domain/src/lib.rs,,NO,PLAYER_VISIBLE,UNVERIFIED,rust:crates/cm-domain/src/lib.rs,club_screens.cpp filter; consumes position_eligibility_bits; not ported,,
0x00489720,,,FUN_00489720,,UNKNOWN,UNKNOWN,,,INDIRECT,,UNVERIFIED,,,,
0x00489760,,,FUN_00489760,,GUI,UNKNOWN,,,INDIRECT,,UNVERIFIED,,,,
0x00489790,,club_screens.cpp,FUN_00489790,scouting decode (pending),scouting,NOT_YET_PORTED,crates/cm-domain/src/lib.rs,,NO,SIMULATION_RELEVANT,HYPOTHESIS,memory:scouting-and-transfers-status.md,scouting tick re-wire blocked until this is decoded,,
0x0048bd00,,,,editor attribute-display code,editor,UNKNOWN,crates/cm-domain/src/lib.rs;crates/cm-ui-app/src/render_new.rs,,NO,IMPLEMENTATION_ONLY,UNVERIFIED,memory:editor-is-ground-truth.md,doc-comment reference (alphabetical attr display),,
0x0048c5b0,,,FUN_0048c5b0,,UNKNOWN,UNKNOWN,,,INDIRECT,,UNVERIFIED,,,,
0x0048c5e0,,,FUN_0048c5e0,,GUI,UNKNOWN,,,INDIRECT,,UNVERIFIED,,,,
0x0048ca10,,,FUN_0048ca10,,GUI,UNKNOWN,,,INDIRECT,,UNVERIFIED,,,,
0x0048cd00,,,FUN_0048cd00,,GUI,UNKNOWN,,,INDIRECT,,UNVERIFIED,,,,
0x0048f740,,,FUN_0048f740,,UNKNOWN,UNKNOWN,,,INDIRECT,,UNVERIFIED,,,,
0x0048f800,,coach.cpp,FUN_0048f800,,GUI,UNKNOWN,,,INDIRECT,,UNVERIFIED,,,,
0x00490220,,coach.cpp,FUN_00490220,,GUI,UNKNOWN,,,INDIRECT,,UNVERIFIED,,,,
0x00490410,,,FUN_00490410,,GUI,PORTED_BEHAVIOURAL,crates/cm-domain/src/screen_batch12.rs,,YES,SIMULATION_RELEVANT,UNVERIFIED,,,,
0x00490530,,,FUN_00490530,,GUI,UNKNOWN,,,INDIRECT,,UNVERIFIED,,,,
0x00490f00,,,FUN_00490f00,,GUI,UNKNOWN,,,INDIRECT,,UNVERIFIED,,,,
0x00490f80,,,FUN_00490f80,,UNKNOWN,UNKNOWN,,,INDIRECT,,UNVERIFIED,,,,
0x00490fd0,,,FUN_00490fd0,,UNKNOWN,UNKNOWN,,,INDIRECT,,UNVERIFIED,,,,
0x00491040,,,FUN_00491040,,GUI,UNKNOWN,,,INDIRECT,,UNVERIFIED,,,,
0x004915e0,,,FUN_004915e0,,UNKNOWN,UNKNOWN,,,INDIRECT,,UNVERIFIED,,,,
0x00491780,,,FUN_00491780,,UNKNOWN,UNKNOWN,,,INDIRECT,,UNVERIFIED,,,,
0x00491830,,comp/comp.cpp,FUN_00491830,,GUI,UNKNOWN,,,INDIRECT,,UNVERIFIED,,,,
0x00491b70,,comp/comp.cpp,FUN_00491b70,,GUI,PORTED_BEHAVIOURAL,crates/cm-domain/src/screen_batch28.rs,,YES,SIMULATION_RELEVANT,UNVERIFIED,,,,
0x00491c20,,comp/comp.cpp,FUN_00491c20,,GUI,UNKNOWN,,,INDIRECT,,UNVERIFIED,,,,
0x00491d80,,comp/comp.cpp,FUN_00491d80,,GUI,UNKNOWN,,,INDIRECT,,UNVERIFIED,,,,
0x00491e70,,comp/comp.cpp,FUN_00491e70,,GUI,UNKNOWN,,,INDIRECT,,UNVERIFIED,,,,
0x004924f0,,,FUN_004924f0,,GUI,UNKNOWN,,,INDIRECT,,UNVERIFIED,,,,
0x00492640,,comp/comp.cpp,FUN_00492640,,GUI,PORTED_BEHAVIOURAL,crates/cm-domain/src/match_engine_exe.rs,,YES,SIMULATION_RELEVANT,UNVERIFIED,,,,
0x004926e0,,,FUN_004926e0,,GUI,UNKNOWN,,,INDIRECT,,UNVERIFIED,,,,
0x00492850,,,FUN_00492850,,GUI,UNKNOWN,,,INDIRECT,,UNVERIFIED,,,,
0x004928b0,,,FUN_004928b0,,UNKNOWN,UNKNOWN,,,INDIRECT,,UNVERIFIED,,,,
0x00492b00,,,FUN_00492b00,,UNKNOWN,UNKNOWN,,,INDIRECT,,UNVERIFIED,,,,
0x00492b30,,comp/comp.cpp,FUN_00492b30,,GUI,UNKNOWN,,,INDIRECT,,UNVERIFIED,,,,
0x00492d50,,,FUN_00492d50,,GUI,UNKNOWN,,,INDIRECT,,UNVERIFIED,,,,
0x00492f00,,,FUN_00492f00,,GUI,UNKNOWN,,,INDIRECT,,UNVERIFIED,,,,
0x004933b0,,,FUN_004933b0,,GUI,UNKNOWN,,,INDIRECT,,UNVERIFIED,,,,
0x00493470,,,FUN_00493470,,GUI,UNKNOWN,,,INDIRECT,,UNVERIFIED,,,,
0x00493650,,comp/comp.cpp,FUN_00493650,,GUI,PORTED_BEHAVIOURAL,crates/cm-domain/src/eng_second_fixtures.rs,,YES,SIMULATION_RELEVANT,UNVERIFIED,,,,
0x004937b0,,,FUN_004937b0,,GUI,UNKNOWN,,,INDIRECT,,UNVERIFIED,,,,
0x004938d0,,,,,,PORTED_BEHAVIOURAL,crates/cm-domain/src/c15_1_world_apply.rs;crates/cm-domain/src/eng_second_fixtures.rs,,YES,SIMULATION_RELEVANT,UNVERIFIED,,,,
0x00493ac0,,,FUN_00493ac0,,GUI,UNKNOWN,,,INDIRECT,,UNVERIFIED,,,,
0x00493cb0,,,FUN_00493cb0,,GUI,UNKNOWN,,,INDIRECT,,UNVERIFIED,,,,
0x00493e10,,,FUN_00493e10,,GUI,PORTED_BEHAVIOURAL,crates/cm-domain/src/screen_batch5.rs;crates/cm-render/src/dispatcher.rs;crates/cm-render/src/view_render.rs,,YES,SIMULATION_RELEVANT,UNVERIFIED,,,,
0x00494250,,,FUN_00494250,,GUI,PORTED_BEHAVIOURAL,crates/cm-domain/src/screen_batch6.rs;crates/cm-render/src/view_render.rs,,YES,SIMULATION_RELEVANT,UNVERIFIED,,,,
0x00494640,,comp_screens.cpp,,competition Rounds screen setup,screens,PORTED_BEHAVIOURAL,crates/cm-render/src/screens_auto.rs,build_screen_494640,INDIRECT,PLAYER_VISIBLE,STRUCTURALLY_VERIFIED,memory:screen-builders-ported.md,25 widgets; not pixel-verified,,
0x00495ad0,,comp_screens.cpp,FUN_00495ad0,,GUI,UNKNOWN,,,INDIRECT,,UNVERIFIED,,,,
0x00497520,,comp_screens.cpp,FUN_00497520,,GUI,UNKNOWN,,,INDIRECT,,UNVERIFIED,,,,
0x00498f50,,comp_screens.cpp,FUN_00498f50,,GUI,UNKNOWN,,,INDIRECT,,UNVERIFIED,,,,
0x00499880,,comp_screens.cpp,FUN_00499880,,GUI,UNKNOWN,,,INDIRECT,,UNVERIFIED,,,,
0x00499dd0,,,FUN_00499dd0,,GUI,UNKNOWN,,,INDIRECT,,UNVERIFIED,,,,
0x0049a0d0,,,FUN_0049a0d0,,GUI,UNKNOWN,,,INDIRECT,,UNVERIFIED,,,,
0x0049a5b0,,,FUN_0049a5b0,,,UNKNOWN,,,INDIRECT,,UNVERIFIED,,,,
0x0049ae10,,,FUN_0049ae10,,GUI,UNKNOWN,,,INDIRECT,,UNVERIFIED,,,,
0x0049b3a0,,,FUN_0049b3a0,,GUI,UNKNOWN,,,INDIRECT,,UNVERIFIED,,,,
0x0049c9a0,,,FUN_0049c9a0,,GUI,PORTED_BEHAVIOURAL,crates/cm-domain/src/screen_batch12.rs,,YES,SIMULATION_RELEVANT,UNVERIFIED,,,,
0x0049d260,,,FUN_0049d260,,GUI,UNKNOWN,,,INDIRECT,,UNVERIFIED,,,,
0x0049d280,,,FUN_0049d280,,GUI,UNKNOWN,,,INDIRECT,,UNVERIFIED,,,,
0x0049d720,,,FUN_0049d720,,GUI,UNKNOWN,,,INDIRECT,,UNVERIFIED,,,,
0x0049dc50,,,FUN_0049dc50,,GUI,UNKNOWN,,,INDIRECT,,UNVERIFIED,,,,
0x0049de70,,,FUN_0049de70,,GUI,UNKNOWN,,,INDIRECT,,UNVERIFIED,,,,
0x0049e0d0,,,FUN_0049e0d0,,GUI,PORTED_BEHAVIOURAL,crates/cm-domain/src/screen_batch12.rs,,YES,SIMULATION_RELEVANT,UNVERIFIED,,,,
0x0049eb30,,,FUN_0049eb30,,,PORTED_BEHAVIOURAL,crates/cm-domain/src/typed_records.rs,,YES,SIMULATION_RELEVANT,UNVERIFIED,,,,
0x0049f410,,,FUN_0049f410,,GUI,UNKNOWN,,,INDIRECT,,UNVERIFIED,,,,
0x0049fa10,,,FUN_0049fa10,,GUI,UNKNOWN,,,INDIRECT,,UNVERIFIED,,,,
0x004a0010,,,FUN_004a0010,,GUI,PORTED_BEHAVIOURAL,crates/cm-domain/src/screen_batch30.rs,,YES,SIMULATION_RELEVANT,UNVERIFIED,,,,
0x004a0610,,,FUN_004a0610,,GUI,PORTED_BEHAVIOURAL,crates/cm-domain/src/screen_batch30.rs,,YES,SIMULATION_RELEVANT,UNVERIFIED,,,,
0x004a0c10,,,FUN_004a0c10,competition-list screen builder,screens,PORTED_BEHAVIOURAL,crates/cm-domain/src/screen_batch28.rs,build_comp_list_screen,INDIRECT,PLAYER_VISIBLE,STRUCTURALLY_VERIFIED,memory:wired-screens-are-approximations.md,0x26b-stride slot loop; not pixel-verified,,
0x004a16a0,,,FUN_004a16a0,competition command pre-dispatcher (sibling),screens,PORTED_PARTIAL,crates/cm-domain/src/screen_batch29.rs,dispatch_comp_command_val9,INDIRECT,PLAYER_VISIBLE,PARTIAL,memory:menu-command-tree.md,sibling of 0x004a1fd0,,
0x004a17f0,,comp_screens.cpp,FUN_004a17f0,fixture-view screen launcher,screens,PORTED_BEHAVIOURAL,crates/cm-domain/src/screen_batch29.rs,launch_fixture_view,INDIRECT,PLAYER_VISIBLE,STRUCTURALLY_VERIFIED,memory:screen-builders-ported.md,registers via FUN_007e6570,,
0x004a1fd0,,,FUN_004a1fd0,competition command pre-dispatcher,screens,PORTED_PARTIAL,crates/cm-domain/src/screen_batch28.rs,dispatch_comp_command,INDIRECT,PLAYER_VISIBLE,PARTIAL,memory:menu-command-tree.md,routes via 0x007491e0 then 0x0074bf60 (both PARTIAL),,
0x004a2190,,,FUN_004a2190,league-table/division comp screen setup,screens,PORTED_BEHAVIOURAL,crates/cm-domain/src/screen_batch29.rs,,INDIRECT,PLAYER_VISIBLE,STRUCTURALLY_VERIFIED,memory:wired-screens-are-approximations.md,chrome pixel-WRONG per wired-screens memory,,
0x004a2200,,comp_screens.cpp,FUN_004a2200,FIFA World Rankings screen model,screens,PORTED_BEHAVIOURAL,crates/cm-domain/src/screen_batch30.rs,build_fifa_world_rankings_screen,INDIRECT,PLAYER_VISIBLE,STRUCTURALLY_VERIFIED,memory:fifa-rankings-mechanism.md,page_size 0x15d; not pixel-verified,,
0x004a28c0,,,FUN_004a28c0,UEFA-coefficients screen launcher,screens,PORTED_BEHAVIOURAL,crates/cm-domain/src/screen_batch29.rs,launch_uefa_coefs_screen,INDIRECT,PLAYER_VISIBLE,STRUCTURALLY_VERIFIED,memory:screen-builders-ported.md,trivial launcher,,
0x004a2900,,,FUN_004a2900,,GUI,PORTED_BEHAVIOURAL,crates/cm-domain/src/screen_batch30.rs;crates/cm-render/src/dispatcher.rs;crates/cm-render/src/screen_wire_batch3.rs,,YES,SIMULATION_RELEVANT,UNVERIFIED,,,,
0x004a3220,,comp_screens.cpp,FUN_004a3220,competition loader pre-dispatcher,screens,PORTED_BEHAVIOURAL,crates/cm-domain/src/screen_batch29.rs,dispatch_comp_loader,INDIRECT,PLAYER_VISIBLE,STRUCTURALLY_VERIFIED,memory:menu-command-tree.md,gate-byte 2 load + two opens,,
0x004a3440,,comp_screens.cpp,FUN_004a3440,,GUI,UNKNOWN,,,INDIRECT,,UNVERIFIED,,,,
0x004a3770,,comp_screens.cpp,FUN_004a3770,competition-stages walker,screens,PORTED_PARTIAL,crates/cm-domain/src/screen_batch30.rs,build_competition_stages_walker,INDIRECT,PLAYER_VISIBLE,PARTIAL,memory:screen-builders-ported.md,simplified; emits Stage/Group,,
0x004a3d20,,comp_screens.cpp,FUN_004a3d20,competition-list row builder,screens,PORTED_BEHAVIOURAL,crates/cm-domain/src/screen_batch28.rs,build_comp_list_row,INDIRECT,PLAYER_VISIBLE,STRUCTURALLY_VERIFIED,memory:wired-screens-are-approximations.md,one comp-list row; not pixel-verified,,
0x004a3f10,,comp_screens.cpp,FUN_004a3f10,competition fixture row builder,screens,PORTED_BEHAVIOURAL,crates/cm-domain/src/screen_batch28.rs,build_comp_fixture_row,INDIRECT,PLAYER_VISIBLE,STRUCTURALLY_VERIFIED,memory:wired-screens-are-approximations.md,team lookup + reserves crossover,,
0x004a5550,,,FUN_004a5550,,GUI,PORTED_BEHAVIOURAL,crates/cm-render/src/news_action_classify.rs,,YES,SIMULATION_RELEVANT,UNVERIFIED,,,,
0x004a5610,,comp_screens.cpp,FUN_004a5610,competition slot-probe (22-slot),screens,PORTED_BEHAVIOURAL,crates/cm-domain/src/screen_batch29.rs,comp_slot_probe,INDIRECT,UI_RENDERING,STRUCTURALLY_VERIFIED,memory:screen-builders-ported.md,22-slot switch; valid-row marker,,
0x004a5760,,comp_screens.cpp,FUN_004a5760,extract teams from fixture id,screens,PORTED_BEHAVIOURAL,crates/cm-domain/src/screen_batch29.rs,extract_fixture_teams,INDIRECT,SIMULATION_RELEVANT,STRUCTURALLY_VERIFIED,memory:screen-builders-ported.md,reserves guard + team-list scan,,
0x004a5900,,comp/comp_stats.cpp,FUN_004a5900,,GUI,UNKNOWN,,,INDIRECT,,UNVERIFIED,,,,
0x004a5bf0,,,FUN_004a5bf0,comp_stats (no decompile),comp-stats,UNKNOWN,,,BLOCKED,SIMULATION_RELEVANT,UNVERIFIED,,NO_DECOMPILE,,
0x004a5d30,,,FUN_004a5d30,,UNKNOWN,UNKNOWN,,,INDIRECT,,UNVERIFIED,,,,
0x004a5d80,,,FUN_004a5d80,,UNKNOWN,UNKNOWN,,,INDIRECT,,UNVERIFIED,,,,
0x004a5dd0,,,FUN_004a5dd0,comp_stats (no decompile),comp-stats,UNKNOWN,,,BLOCKED,SIMULATION_RELEVANT,UNVERIFIED,,NO_DECOMPILE,,
0x004a5de0,,,FUN_004a5de0,,UNKNOWN,UNKNOWN,,,INDIRECT,,UNVERIFIED,,,,
0x004a5e30,,,FUN_004a5e30,comp_stats (no decompile),comp-stats,UNKNOWN,,,BLOCKED,SIMULATION_RELEVANT,UNVERIFIED,,NO_DECOMPILE,,
0x004a5e40,,,FUN_004a5e40,comp_stats (no decompile),comp-stats,UNKNOWN,,,BLOCKED,SIMULATION_RELEVANT,UNVERIFIED,,NO_DECOMPILE,,
0x004a5e50,,,FUN_004a5e50,comp_stats (no decompile),comp-stats,UNKNOWN,,,BLOCKED,SIMULATION_RELEVANT,UNVERIFIED,,NO_DECOMPILE,,
0x004a5eb0,,,FUN_004a5eb0,comp_stats (no decompile),comp-stats,UNKNOWN,,,BLOCKED,SIMULATION_RELEVANT,UNVERIFIED,,NO_DECOMPILE,,
0x004a5f10,,,FUN_004a5f10,,GUI,UNKNOWN,,,INDIRECT,,UNVERIFIED,,,,
0x004a6030,,comp/comp_stats.cpp,FUN_004a6030,,GUI,PORTED_BEHAVIOURAL,crates/cm-domain/src/screen_batch31.rs,,YES,SIMULATION_RELEVANT,UNVERIFIED,,,,
0x004a84b0,,,FUN_004a84b0,per-match min-goals/max-attr tracker,records,PORTED_BEHAVIOURAL,crates/cm-domain/src/screen_batch30.rs,update_match_min_goals_tracker,INDIRECT,SIMULATION_RELEVANT,STRUCTURALLY_VERIFIED,memory:screen-builders-ported.md,comp guards + attr update,,
0x004a8710,,,FUN_004a8710,,GUI,PORTED_BEHAVIOURAL,crates/cm-domain/src/screen_batch32.rs,,YES,SIMULATION_RELEVANT,UNVERIFIED,,,,
0x004a89d0,,,,,,PORTED_BEHAVIOURAL,crates/cm-domain/src/eng_second_fixtures.rs,,YES,SIMULATION_RELEVANT,UNVERIFIED,,,,
0x004a8a00,,,FUN_004a8a00,comp_stats (no decompile),comp-stats,UNKNOWN,,,BLOCKED,SIMULATION_RELEVANT,UNVERIFIED,,NO_DECOMPILE,,
0x004a8a30,,,FUN_004a8a30,comp_stats (no decompile),comp-stats,UNKNOWN,,,BLOCKED,SIMULATION_RELEVANT,UNVERIFIED,,NO_DECOMPILE,,
0x004a8a70,,,FUN_004a8a70,comp_stats (no decompile),comp-stats,UNKNOWN,,,BLOCKED,SIMULATION_RELEVANT,UNVERIFIED,,NO_DECOMPILE: re-run Ghidra 0x004a0000-0x004affff,,
0x004a8b10,,,FUN_004a8b10,comp_stats (no decompile),comp-stats,UNKNOWN,,,BLOCKED,SIMULATION_RELEVANT,UNVERIFIED,,NO_DECOMPILE,,
0x004a8b50,,comp/comp_stats.cpp,FUN_004a8b50,,GUI,UNKNOWN,,,INDIRECT,,UNVERIFIED,,,,
0x004a8db0,,,FUN_004a8db0,comp_stats (no decompile),comp-stats,UNKNOWN,,,BLOCKED,SIMULATION_RELEVANT,UNVERIFIED,,NO_DECOMPILE,,
0x004a8f10,,,FUN_004a8f10,drain pending comp-news flags,screens,PORTED_BEHAVIOURAL,crates/cm-domain/src/screen_batch29.rs,drain_pending_comp_news,INDIRECT,SIMULATION_RELEVANT,STRUCTURALLY_VERIFIED,memory:news-generation-logic.md,walks 22 dirty flags,,
0x004a9000,,comp/comp_stats.cpp,FUN_004a9000,comp-history flag byte setter,screens,PORTED_BEHAVIOURAL,crates/cm-domain/src/screen_batch32.rs,set_comp_history_team_of_month,INDIRECT,IMPLEMENTATION_ONLY,STRUCTURALLY_VERIFIED,memory:screen-builders-ported.md,writes team+0x72,,
0x004a90b0,,comp/comp_stats.cpp,FUN_004a90b0,aggregate team match stats,records,PORTED_BEHAVIOURAL,crates/cm-domain/src/screen_batch30.rs,aggregate_team_match_stats,INDIRECT,SIMULATION_RELEVANT,STRUCTURALLY_VERIFIED,memory:screen-builders-ported.md,20-slot x 2-half aggregation,,
0x004a92d0,,comp/comp_stats.cpp,FUN_004a92d0,team stat column names,screens,PORTED_EXACT,crates/cm-domain/src/screen_batch29.rs,team_stat_column_name,INDIRECT,PLAYER_VISIBLE,STRUCTURALLY_VERIFIED,memory:screen-builders-ported.md,17 columns verified,,
0x004a95d0,,,FUN_004a95d0,player stat column names,screens,PORTED_EXACT,crates/cm-domain/src/screen_batch29.rs,player_stat_column_name,INDIRECT,PLAYER_VISIBLE,STRUCTURALLY_VERIFIED,memory:screen-builders-ported.md,17 columns verified,,
0x004a98d0,,,FUN_004a98d0,,,PORTED_BEHAVIOURAL,crates/cm-domain/src/screen_batch30.rs,,YES,SIMULATION_RELEVANT,UNVERIFIED,,,,
0x004a9980,,comp/comp_stats.cpp,FUN_004a9980,player-history attribute reader,screens,PORTED_BEHAVIOURAL,crates/cm-domain/src/screen_batch32.rs,read_player_attribute_value,INDIRECT,SIMULATION_RELEVANT,STRUCTURALLY_VERIFIED,memory:screen-builders-ported.md,19-case numeric reader,,
0x004a9c60,,comp/comp_stats.cpp,FUN_004a9c60,comp_stats (no decompile),comp-stats,UNKNOWN,,,BLOCKED,SIMULATION_RELEVANT,UNVERIFIED,,NO_DECOMPILE,,
0x004a9d10,,comp/comp_stats.cpp,FUN_004a9d10,team attribute value reader,screens,PORTED_BEHAVIOURAL,crates/cm-domain/src/screen_batch29.rs,read_team_attribute_value,INDIRECT,SIMULATION_RELEVANT,STRUCTURALLY_VERIFIED,memory:screen-builders-ported.md,18-case switch,,
0x004aa480,,comp/comp_stats.cpp,FUN_004aa480,player-attr formatted reader,screens,PORTED_EXACT,crates/cm-domain/src/screen_batch32.rs,format_player_attribute,INDIRECT,PLAYER_VISIBLE,STRUCTURALLY_VERIFIED,memory:screen-builders-ported.md,17 cases + 5-window form,,
0x004aa9a0,,comp/comp_stats.cpp,FUN_004aa9a0,,GUI,PORTED_BEHAVIOURAL,crates/cm-domain/src/screen_batch32.rs;crates/cm-domain/src/screen_batch33.rs,,YES,SIMULATION_RELEVANT,UNVERIFIED,,,,
0x004ab310,,comp/comp_stats.cpp,FUN_004ab310,,GUI,PORTED_BEHAVIOURAL,crates/cm-domain/src/screen_batch29.rs;crates/cm-domain/src/screen_batch30.rs;crates/cm-domain/src/screen_batch32.rs;crates/cm-domain/src/screen_batch33.rs,,YES,SIMULATION_RELEVANT,UNVERIFIED,,,,
0x004ab4f0,,comp/comp_stats.cpp,FUN_004ab4f0,,GUI,PORTED_BEHAVIOURAL,crates/cm-domain/src/screen_batch32.rs;crates/cm-domain/src/screen_batch33.rs,,YES,SIMULATION_RELEVANT,UNVERIFIED,,,,
0x004ab5e0,,comp/comp_stats.cpp,FUN_004ab5e0,,GUI,PORTED_BEHAVIOURAL,crates/cm-domain/src/screen_batch32.rs;crates/cm-domain/src/screen_batch33.rs,,YES,SIMULATION_RELEVANT,UNVERIFIED,,,,
0x004ab880,,comp/comp_stats.cpp,FUN_004ab880,,GUI,PORTED_BEHAVIOURAL,crates/cm-domain/src/screen_batch32.rs;crates/cm-domain/src/screen_batch33.rs,,YES,SIMULATION_RELEVANT,UNVERIFIED,,,,
0x004abad0,,comp/comp_stats.cpp,FUN_004abad0,history-scope label,screens,PORTED_EXACT,crates/cm-domain/src/screen_batch32.rs,history_scope_label,INDIRECT,PLAYER_VISIBLE,STRUCTURALLY_VERIFIED,memory:screen-builders-ported.md,All Time/Current,,
0x004abbe0,,,FUN_004abbe0,season-record column names,screens,PORTED_EXACT,crates/cm-domain/src/screen_batch32.rs,season_record_column_name,INDIRECT,PLAYER_VISIBLE,STRUCTURALLY_VERIFIED,memory:screen-builders-ported.md,22 columns verified,,
0x004abf80,,,FUN_004abf80,per-tab screen enable gate,screens,PORTED_BEHAVIOURAL,crates/cm-domain/src/screen_batch32.rs,screen_enable_gate,INDIRECT,PLAYER_VISIBLE,STRUCTURALLY_VERIFIED,memory:screen-builders-ported.md,3-way gate,,
0x004abff0,,comp/comp_stats.cpp,FUN_004abff0,,GUI,PORTED_BEHAVIOURAL,crates/cm-domain/src/screen_batch32.rs,,YES,SIMULATION_RELEVANT,UNVERIFIED,,,,
0x004ac150,,comp/comp_stats.cpp,FUN_004ac150,,GUI,PORTED_BEHAVIOURAL,crates/cm-domain/src/screen_batch32.rs;crates/cm-domain/src/screen_batch34.rs;crates/cm-domain/src/screen_batch35.rs,,YES,SIMULATION_RELEVANT,UNVERIFIED,,,,
0x004ae9e0,,,FUN_004ae9e0,,GUI,PORTED_BEHAVIOURAL,crates/cm-domain/src/screen_batch34.rs,,YES,SIMULATION_RELEVANT,UNVERIFIED,,,,
0x004aea10,,comp/comp_stats.cpp,FUN_004aea10,,GUI,PORTED_BEHAVIOURAL,crates/cm-domain/src/match_engine_exe.rs;crates/cm-domain/src/screen_batch35.rs,,YES,SIMULATION_RELEVANT,UNVERIFIED,,,,
0x004b1b80,,,FUN_004b1b80,,,UNKNOWN,,,INDIRECT,,UNVERIFIED,,,,
0x004b2070,,,FUN_004b2070,,GUI,UNKNOWN,,,INDIRECT,,UNVERIFIED,,,,
0x004b2090,,,FUN_004b2090,,GUI,UNKNOWN,,,INDIRECT,,UNVERIFIED,,,,
0x004b20b0,,,FUN_004b20b0,,GUI,UNKNOWN,,,INDIRECT,,UNVERIFIED,,,,
0x004b2350,,comp/comp_stats.cpp,FUN_004b2350,,GUI,UNKNOWN,,,INDIRECT,,UNVERIFIED,,,,
0x004b2fa0,,comp/comp_stats.cpp,FUN_004b2fa0,,GUI,UNKNOWN,,,INDIRECT,,UNVERIFIED,,,,
0x004b3970,,comp/comp_stats.cpp,FUN_004b3970,,GUI,PORTED_BEHAVIOURAL,crates/cm-domain/src/african_nations.rs,,YES,SIMULATION_RELEVANT,UNVERIFIED,,,,
0x004b3af0,,comp/comp_stats.cpp,FUN_004b3af0,,GUI,UNKNOWN,,,INDIRECT,,UNVERIFIED,,,,
0x004b4140,,comp/comp_stats.cpp,FUN_004b4140,,GUI,PORTED_BEHAVIOURAL,crates/cm-domain/src/screen_batch30.rs,,YES,SIMULATION_RELEVANT,UNVERIFIED,,,,
0x004b42b0,,,FUN_004b42b0,,GUI,PORTED_BEHAVIOURAL,crates/cm-domain/src/screen_batch30.rs,,YES,SIMULATION_RELEVANT,UNVERIFIED,,,,
0x004b4380,,comp/comp_stats.cpp,FUN_004b4380,,GUI,UNKNOWN,,,INDIRECT,,UNVERIFIED,,,,
0x004b4480,,comp/comp_stats.cpp,FUN_004b4480,,GUI,UNKNOWN,,,INDIRECT,,UNVERIFIED,,,,
0x004b4dc0,,,FUN_004b4dc0,,GUI,UNKNOWN,,,INDIRECT,,UNVERIFIED,,,,
0x004b4fb0,,,FUN_004b4fb0,,UNKNOWN,PORTED_BEHAVIOURAL,crates/cm-domain/src/screen_batch33.rs,,YES,SIMULATION_RELEVANT,UNVERIFIED,,,,
0x004b5050,,,FUN_004b5050,,GUI,PORTED_BEHAVIOURAL,crates/cm-render/src/screen_wire_batch3.rs,,YES,SIMULATION_RELEVANT,UNVERIFIED,,,,
0x004b5080,,,FUN_004b5080,,GUI,PORTED_BEHAVIOURAL,crates/cm-domain/src/screen_batch15.rs,,YES,SIMULATION_RELEVANT,UNVERIFIED,,,,
0x004b50f0,,,FUN_004b50f0,,GUI,UNKNOWN,,,INDIRECT,,UNVERIFIED,,,,
0x004b5120,,comp_text.cpp,FUN_004b5120,,GUI,PORTED_BEHAVIOURAL,crates/cm-domain/src/screen_batch34.rs;crates/cm-domain/src/screen_batch35.rs,,YES,SIMULATION_RELEVANT,UNVERIFIED,,,,
0x004b5230,,comp_text.cpp,FUN_004b5230,,GUI,NON_USEFUL,,,NO,IMPLEMENTATION_ONLY,UNVERIFIED,,,,
0x004b5360,,comp_text.cpp,FUN_004b5360,,GUI,UNKNOWN,crates/cm-domain/src/screen_batch34.rs;crates/cm-domain/src/screen_batch35.rs,,INDIRECT,,UNVERIFIED,,,,
0x004b55b0,,comp_text.cpp,FUN_004b55b0,,GUI,UNKNOWN,,,INDIRECT,,UNVERIFIED,,,,
0x004b5e70,,,FUN_004b5e70,,GUI,PORTED_BEHAVIOURAL,crates/cm-domain/src/screen_batch35.rs,,YES,SIMULATION_RELEVANT,UNVERIFIED,,,,
0x004b5eb0,,,FUN_004b5eb0,,GUI,PORTED_BEHAVIOURAL,crates/cm-domain/src/club_season_records.rs,,YES,SIMULATION_RELEVANT,UNVERIFIED,,,,
0x004b5f70,,,FUN_004b5f70,,GUI,UNKNOWN,,,INDIRECT,,UNVERIFIED,,,,
0x004b6000,0x004b6230,comp/comp_util.cpp,FUN_004b6000,sort_and_shuffle,fixtures,PORTED_EXACT,crates/cm-domain/src/eng_second_fixtures.rs,sort_and_shuffle,YES,SIMULATION_RELEVANT,BEHAVIOURALLY_EXACT,memory:english-pyramid-final-graph.md,comparator sub_004b6e20 on Club+0x72/73/74/75/1d; validated via perturb 0/N,,
0x004b6110,,,FUN_004b6110,,UNKNOWN,UNKNOWN,,,INDIRECT,,UNVERIFIED,,,,
0x004b61b0,,comp/comp_util.cpp,FUN_004b61b0,,GUI,NOT_YET_PORTED,,,NO,SIMULATION_RELEVANT,UNVERIFIED,,,,
0x004b6230,,,,,,PORTED_BEHAVIOURAL,crates/cm-domain/src/eng_second_fixtures.rs,,YES,SIMULATION_RELEVANT,UNVERIFIED,,,,
0x004b62e0,,,FUN_004b62e0,,UNKNOWN,UNKNOWN,,,INDIRECT,,UNVERIFIED,,,,
0x004b6440,,,FUN_004b6440,,UNKNOWN,UNKNOWN,,,INDIRECT,,UNVERIFIED,,,,
0x004b6600,,,FUN_004b6600,,GUI,UNKNOWN,,,INDIRECT,,UNVERIFIED,,,,
0x004b6710,,,FUN_004b6710,,GUI,UNKNOWN,,,INDIRECT,,UNVERIFIED,,,,
0x004b6b30,,,FUN_004b6b30,,GUI,PORTED_BEHAVIOURAL,crates/cm-domain/src/club_season_records.rs;crates/cm-domain/src/screen_batch30.rs;crates/cm-domain/src/screen_batch31.rs;crates/cm-domain/src/screen_batch32.rs,,YES,SIMULATION_RELEVANT,UNVERIFIED,,,,
0x004b6c50,,,FUN_004b6c50,,GUI,UNKNOWN,,,INDIRECT,,UNVERIFIED,,,,
0x004b6c70,,,FUN_004b6c70,,GUI,UNKNOWN,,,INDIRECT,,UNVERIFIED,,,,
0x004b6c90,,,FUN_004b6c90,,UNKNOWN,UNKNOWN,,,INDIRECT,,UNVERIFIED,,,,
0x004b6e20,,,,,,PORTED_BEHAVIOURAL,crates/cm-domain/src/eng_second_fixtures.rs,,YES,SIMULATION_RELEVANT,UNVERIFIED,,,,
0x004b6f80,,,FUN_004b6f80,,GUI,UNKNOWN,,,INDIRECT,,UNVERIFIED,,,,
0x004ba820,,,FUN_004ba820,,GUI,UNKNOWN,,,INDIRECT,,UNVERIFIED,,,,
0x004ba990,,,FUN_004ba990,,GUI,UNKNOWN,,,INDIRECT,,UNVERIFIED,,,,
0x004bac50,,comp/comp_util.cpp,FUN_004bac50,,GUI,UNKNOWN,,,INDIRECT,,UNVERIFIED,,,,
0x004c0cf0,,,FUN_004c0cf0,,,UNKNOWN,,,INDIRECT,,UNVERIFIED,,,,
0x004c5c50,,,FUN_004c5c50,,,UNKNOWN,,,INDIRECT,,UNVERIFIED,,,,
0x004c5d30,,comp/comp_util.cpp,FUN_004c5d30,,GUI,UNKNOWN,,,INDIRECT,,UNVERIFIED,,,,
0x004c5e30,,comp/comp_util.cpp,FUN_004c5e30,,GUI,UNKNOWN,,,INDIRECT,,UNVERIFIED,,,,
0x004c6370,,,FUN_004c6370,,GUI,PORTED_BEHAVIOURAL,crates/cm-domain/src/screen_batch35.rs,,YES,SIMULATION_RELEVANT,UNVERIFIED,,,,
0x004c63c0,,comp/comp_util.cpp,FUN_004c63c0,,GUI,PORTED_BEHAVIOURAL,crates/cm-domain/src/screen_batch28.rs,,YES,SIMULATION_RELEVANT,UNVERIFIED,,,,
0x004c6540,,comp/comp_util.cpp,FUN_004c6540,,GUI,UNKNOWN,,,INDIRECT,,UNVERIFIED,,,,
0x004c6920,,comp/comp_util.cpp,FUN_004c6920,,GUI,UNKNOWN,,,INDIRECT,,UNVERIFIED,,,,
0x004c6b20,,,FUN_004c6b20,,GUI,UNKNOWN,,,INDIRECT,,UNVERIFIED,,,,
0x004c6cf0,,comp/comp_util.cpp,FUN_004c6cf0,,GUI,UNKNOWN,,,INDIRECT,,UNVERIFIED,,,,
0x004c6ea0,,,FUN_004c6ea0,,RESOURCE,UNKNOWN,,,INDIRECT,,UNVERIFIED,,,,
0x004c6f50,,,FUN_004c6f50,,GUI,UNKNOWN,,,INDIRECT,,UNVERIFIED,,,,
0x004c7010,,,FUN_004c7010,,RESOURCE,UNKNOWN,,,INDIRECT,,UNVERIFIED,,,,
0x004c7040,,comp/eurocomp/con_champ.cpp,FUN_004c7040,,GUI,UNKNOWN,,,INDIRECT,,UNVERIFIED,,,,
0x004c7210,,,FUN_004c7210,,UNKNOWN,UNKNOWN,,,INDIRECT,,UNVERIFIED,,,,
0x004c7230,,,FUN_004c7230,,UNKNOWN,UNKNOWN,,,INDIRECT,,UNVERIFIED,,,,
0x004c7300,,comp/eurocomp/con_champ.cpp,FUN_004c7300,,GUI,UNKNOWN,,,INDIRECT,,UNVERIFIED,,,,
0x004c75a0,,,FUN_004c75a0,,GUI,UNKNOWN,,,INDIRECT,,UNVERIFIED,,,,
0x004c7ac0,,comp/eurocomp/con_merc_cup.cpp,FUN_004c7ac0,,GUI,UNKNOWN,,,INDIRECT,,UNVERIFIED,,,,
0x004c7c50,,,FUN_004c7c50,,UNKNOWN,UNKNOWN,,,INDIRECT,,UNVERIFIED,,,,
0x004c7c70,,,FUN_004c7c70,,GUI,UNKNOWN,,,INDIRECT,,UNVERIFIED,,,,
0x004c81b0,,comp/eurocomp/con_merc_cup.cpp,FUN_004c81b0,,GUI,UNKNOWN,,,INDIRECT,,UNVERIFIED,,,,
0x004c82a0,,,FUN_004c82a0,,UNKNOWN,UNKNOWN,,,INDIRECT,,UNVERIFIED,,,,
0x004c8510,,comp/eurocomp/con_merc_cup.cpp,FUN_004c8510,,GUI,UNKNOWN,,,INDIRECT,,UNVERIFIED,,,,
0x004c8700,,comp/eurocomp/con_merc_cup.cpp,FUN_004c8700,,GUI,UNKNOWN,,,INDIRECT,,UNVERIFIED,,,,
0x004c8930,,comp/eurocomp/con_merc_cup.cpp,FUN_004c8930,,GUI,UNKNOWN,,,INDIRECT,,UNVERIFIED,,,,
0x004c9320,,,FUN_004c9320,,,UNKNOWN,,,INDIRECT,,UNVERIFIED,,,,
0x004c94b0,,,FUN_004c94b0,,UNKNOWN,UNKNOWN,,,INDIRECT,,UNVERIFIED,,,,
0x004c94d0,,,FUN_004c94d0,,GUI,UNKNOWN,,,INDIRECT,,UNVERIFIED,,,,
0x004c9b70,,comp/eurocomp/conmebol_liber.cpp,FUN_004c9b70,,GUI,UNKNOWN,,,INDIRECT,,UNVERIFIED,,,,
0x004c9c60,,,FUN_004c9c60,,UNKNOWN,UNKNOWN,,,INDIRECT,,UNVERIFIED,,,,
0x004c9ee0,,comp/eurocomp/conmebol_liber.cpp,FUN_004c9ee0,,GUI,UNKNOWN,,,INDIRECT,,UNVERIFIED,,,,
0x004ca0e0,,comp/eurocomp/conmebol_liber.cpp,FUN_004ca0e0,,GUI,UNKNOWN,,,INDIRECT,,UNVERIFIED,,,,
0x004ca310,,comp/eurocomp/conmebol_liber.cpp,FUN_004ca310,,GUI,UNKNOWN,,,INDIRECT,,UNVERIFIED,,,,
0x004caa90,,,FUN_004caa90,,,UNKNOWN,,,INDIRECT,,UNVERIFIED,,,,
0x004cac20,,,FUN_004cac20,,UNKNOWN,UNKNOWN,,,INDIRECT,,UNVERIFIED,,,,
0x004cac40,,,FUN_004cac40,,GUI,UNKNOWN,,,INDIRECT,,UNVERIFIED,,,,
0x004cb230,,comp/eurocomp/conmebol_merc.cpp,FUN_004cb230,,GUI,UNKNOWN,,,INDIRECT,,UNVERIFIED,,,,
0x004cb320,,,FUN_004cb320,,UNKNOWN,UNKNOWN,,,INDIRECT,,UNVERIFIED,,,,
0x004cb5b0,,comp/eurocomp/conmebol_merc.cpp,FUN_004cb5b0,,GUI,UNKNOWN,,,INDIRECT,,UNVERIFIED,,,,
0x004cb7b0,,comp/eurocomp/conmebol_merc.cpp,FUN_004cb7b0,,GUI,UNKNOWN,,,INDIRECT,,UNVERIFIED,,,,
0x004cbc30,,comp/eurocomp/conmebol_merc.cpp,FUN_004cbc30,,GUI,UNKNOWN,,,INDIRECT,,UNVERIFIED,,,,
0x004cc3c0,,,FUN_004cc3c0,,RESOURCE,UNKNOWN,,,INDIRECT,,UNVERIFIED,,,,
0x004cc590,,comp/conmebol_seeding.cpp,FUN_004cc590,,GUI,UNKNOWN,,,INDIRECT,,UNVERIFIED,,,,
0x004cc660,,comp/conmebol_seeding.cpp,FUN_004cc660,,GUI,UNKNOWN,,,INDIRECT,,UNVERIFIED,,,,
0x004cc810,,comp/conmebol_seeding.cpp,FUN_004cc810,,GUI,UNKNOWN,,,INDIRECT,,UNVERIFIED,,,,
0x004ccb10,,,FUN_004ccb10,,GUI,UNKNOWN,,,INDIRECT,,UNVERIFIED,,,,
0x004ccc70,,,FUN_004ccc70,,UNKNOWN,UNKNOWN,,,INDIRECT,,UNVERIFIED,,,,
0x004ccd40,,comp/conmebol_seeding.cpp,FUN_004ccd40,,GUI,UNKNOWN,,,INDIRECT,,UNVERIFIED,,,,
0x004ccf40,,comp/conmebol_seeding.cpp,FUN_004ccf40,,GUI,FOREIGN_BREADTH,,,NO,SIMULATION_RELEVANT,UNVERIFIED,,,,
0x004cd410,,,FUN_004cd410,,RESOURCE,UNKNOWN,,,INDIRECT,,UNVERIFIED,,,,
0x004cd8c0,,,FUN_004cd8c0,,GUI,UNKNOWN,,,INDIRECT,,UNVERIFIED,,,,
0x004cd930,,contract_manager.cpp,FUN_004cd930,CONTRACT_MANAGER::initialise_all,contracts,PORTED_BEHAVIOURAL,crates/cm-domain/src/contract_init.rs,initialise_all,YES,PERSISTENCE_RELEVANT,STRUCTURALLY_VERIFIED,memory:contract-clauses-generated-at-boot.md,0x50-stride pool + by_staff_id index; wired lib.rs:14248 boot; exact ordering + secondary index deferred,,
0x004cdd80,,,FUN_004cdd80,,GUI,UNKNOWN,,,INDIRECT,,UNVERIFIED,,,,
0x004cddd0,,contract_manager.cpp,FUN_004cddd0,,GUI,NOT_YET_PORTED,,,NO,SIMULATION_RELEVANT,UNVERIFIED,,,,
0x004cdef0,,,FUN_004cdef0,,GUI,UNKNOWN,,,INDIRECT,,UNVERIFIED,,,,
0x004d0390,,contract_manager.cpp,FUN_004d0390,,GUI,UNKNOWN,,,INDIRECT,,UNVERIFIED,,,,
0x004d05f0,,,FUN_004d05f0,,GUI,UNKNOWN,,,INDIRECT,,UNVERIFIED,,,,
0x004d06d0,,,FUN_004d06d0,,GUI,UNKNOWN,,,INDIRECT,,UNVERIFIED,,,,
0x004d0730,,contract_manager.cpp,FUN_004d0730,,GUI,NOT_YET_PORTED,,,NO,SIMULATION_RELEVANT,UNVERIFIED,,,,
0x004d08a0,,,FUN_004d08a0,,GUI,PORTED_BEHAVIOURAL,crates/cm-domain/src/transfer.rs,,YES,SIMULATION_RELEVANT,UNVERIFIED,,,,
0x004d0b00,,,FUN_004d0b00,played-XI morale delta,transfers,PORTED_PARTIAL,crates/cm-domain/src/lib.rs,,INDIRECT,SIMULATION_RELEVANT,PARTIAL,rust:crates/cm-domain/src/lib.rs,+/-3 morale delta applied; played XI approximated,,
0x004d14d0,,,FUN_004d14d0,,GUI,PORTED_BEHAVIOURAL,crates/cm-domain/src/transfer.rs,,YES,SIMULATION_RELEVANT,UNVERIFIED,,,,
0x004d1680,,,FUN_004d1680,,GUI,PORTED_BEHAVIOURAL,crates/cm-domain/src/transfer.rs,,YES,SIMULATION_RELEVANT,UNVERIFIED,,,,
0x004d1d90,,,FUN_004d1d90,,UNKNOWN,UNKNOWN,,,INDIRECT,,UNVERIFIED,,,,
0x004d1dc0,,,FUN_004d1dc0,,GUI,UNKNOWN,,,INDIRECT,,UNVERIFIED,,,,
0x004d1f50,,,FUN_004d1f50,,UNKNOWN,UNKNOWN,,,INDIRECT,,UNVERIFIED,,,,
0x004d1f90,,,FUN_004d1f90,,GUI,UNKNOWN,,,INDIRECT,,UNVERIFIED,,,,
0x004d2150,,,FUN_004d2150,,GUI,UNKNOWN,,,INDIRECT,,UNVERIFIED,,,,
0x004d24e0,,,FUN_004d24e0,,GUI,UNKNOWN,,,INDIRECT,,UNVERIFIED,,,,
0x004d2520,,,FUN_004d2520,,GUI,UNKNOWN,,,INDIRECT,,UNVERIFIED,,,,
0x004d2560,,contract_manager.cpp,FUN_004d2560,,GUI,NOT_YET_PORTED,,,NO,SIMULATION_RELEVANT,UNVERIFIED,,,,
0x004d2700,,,FUN_004d2700,,UNKNOWN,UNKNOWN,,,INDIRECT,,UNVERIFIED,,,,
0x004d2710,,,FUN_004d2710,player-morale display thresholds,transfers,PORTED_EXACT,crates/cm-domain/src/transfer.rs,morale_label,YES,PLAYER_VISIBLE,BYTE_EXACT,rust:transfer.rs,exact display thresholds,,
0x004d27d0,,,FUN_004d27d0,,UNKNOWN,UNKNOWN,,,INDIRECT,,UNVERIFIED,,,,
0x004d28c0,,,FUN_004d28c0,,GUI,PORTED_BEHAVIOURAL,crates/cm-domain/src/transfer.rs,,YES,SIMULATION_RELEVANT,UNVERIFIED,,,,
0x004d2c40,,,FUN_004d2c40,,GUI,UNKNOWN,,,INDIRECT,,UNVERIFIED,,,,
0x004d2d60,,,FUN_004d2d60,,GUI,UNKNOWN,,,INDIRECT,,UNVERIFIED,,,,
0x004d2e10,,,FUN_004d2e10,,GUI,PORTED_BEHAVIOURAL,crates/cm-domain/src/screen_batch24.rs;crates/cm-domain/src/screen_batch26.rs,,YES,SIMULATION_RELEVANT,UNVERIFIED,,,,
0x004d2e60,,,FUN_004d2e60,,GUI,UNKNOWN,,,INDIRECT,,UNVERIFIED,,,,
0x004d2ea0,,,FUN_004d2ea0,,GUI,UNKNOWN,,,INDIRECT,,UNVERIFIED,,,,
0x004d2f60,,,FUN_004d2f60,,GUI,UNKNOWN,,,INDIRECT,,UNVERIFIED,,,,
0x004d3020,,,FUN_004d3020,,GUI,UNKNOWN,,,INDIRECT,,UNVERIFIED,,,,
0x004d30d0,,contract_manager.cpp,FUN_004d30d0,,GUI,UNKNOWN,,,INDIRECT,,UNVERIFIED,,,,
0x004d3300,,,FUN_004d3300,,GUI,PORTED_BEHAVIOURAL,crates/cm-domain/src/person_news.rs,,YES,SIMULATION_RELEVANT,UNVERIFIED,,,,
0x004d3460,,,FUN_004d3460,relegation per-person walk,promotion,PORTED_BEHAVIOURAL,crates/cm-domain/src/c13_promotion_apply.rs,walk_relegation_persons,YES,SIMULATION_RELEVANT,STRUCTURALLY_VERIFIED,,Club+0xD7 slots; staff +0x1F 1->2; kind=3 news,,
0x004d3550,,,FUN_004d3550,promotion_person_walk,promotion,PORTED_BEHAVIOURAL,crates/cm-domain/src/c13_promotion_apply.rs,walk_promotion_persons,TEST_ONLY,SIMULATION_RELEVANT,STRUCTURALLY_VERIFIED,rust:c13_promotion_apply.rs,squad register (FUN_00843970) + clear staff+0x1F/+0x1C across self+reserve,,
0x004d35a0,,,,,,PORTED_BEHAVIOURAL,crates/cm-domain/src/eng_second_fixtures.rs,,YES,SIMULATION_RELEVANT,UNVERIFIED,,,,
0x004d3660,,,FUN_004d3660,,GUI,UNKNOWN,,,INDIRECT,,UNVERIFIED,,,,
0x004d3700,,,,,,PORTED_BEHAVIOURAL,crates/cm-domain/src/c13_promotion_apply.rs;crates/cm-domain/src/eng_second_fixtures.rs,,YES,SIMULATION_RELEVANT,UNVERIFIED,,,,
0x004d3b00,,contract_manager.cpp,FUN_004d3b00,,GUI,UNKNOWN,,,INDIRECT,,UNVERIFIED,,,,
0x004d3df0,,,FUN_004d3df0,,GUI,UNKNOWN,,,INDIRECT,,UNVERIFIED,,,,
0x004d3ea0,,,FUN_004d3ea0,,GUI,PORTED_BEHAVIOURAL,crates/cm-domain/src/transfer.rs,,YES,SIMULATION_RELEVANT,UNVERIFIED,,,,
0x004d4880,,,FUN_004d4880,,GUI,PORTED_BEHAVIOURAL,crates/cm-domain/src/transfer.rs,,YES,SIMULATION_RELEVANT,UNVERIFIED,,,,
0x004d4910,,contract_manager.cpp,FUN_004d4910,,GUI,UNKNOWN,,,INDIRECT,,UNVERIFIED,,,,
0x004d58d0,,,FUN_004d58d0,,GUI,UNKNOWN,,,INDIRECT,,UNVERIFIED,,,,
0x004d5990,,,FUN_004d5990,,GUI,UNKNOWN,,,INDIRECT,,UNVERIFIED,,,,
0x004d59d0,,,FUN_004d59d0,,GUI,PORTED_BEHAVIOURAL,crates/cm-domain/src/c14_5_squad_manager.rs;crates/cm-domain/src/c15_1_world_apply.rs;crates/cm-domain/src/screen_batch24.rs;crates/cm-domain/src/transfer.rs,,YES,SIMULATION_RELEVANT,UNVERIFIED,,,,
0x004d5a20,,,FUN_004d5a20,,GUI,PORTED_BEHAVIOURAL,crates/cm-domain/src/match_engine_exe.rs;crates/cm-domain/src/screen_batch25.rs;crates/cm-domain/src/transfer.rs,,YES,SIMULATION_RELEVANT,UNVERIFIED,,,foul-interaction / match-event leaf hypothesis,"later decode identified it as contract-manager logic, not match"
0x004d5b00,,,FUN_004d5b00,,GUI,PORTED_BEHAVIOURAL,crates/cm-domain/src/c14_5_squad_manager.rs;crates/cm-domain/src/c15_1_world_apply.rs,,YES,SIMULATION_RELEVANT,UNVERIFIED,,,,
0x004d5b50,,contract_manager.cpp,FUN_004d5b50,,GUI,UNKNOWN,,,INDIRECT,,UNVERIFIED,,,,
0x004d6610,,contract_manager.cpp,FUN_004d6610,,GUI,UNKNOWN,,,INDIRECT,,UNVERIFIED,,,,
0x004d6c10,,contract_manager.cpp,FUN_004d6c10,,GUI,UNKNOWN,,,INDIRECT,,UNVERIFIED,,,,
0x004d6f80,,,FUN_004d6f80,,GUI,UNKNOWN,,,INDIRECT,,UNVERIFIED,,,,
0x004d7000,,,FUN_004d7000,,GUI,UNKNOWN,,,INDIRECT,,UNVERIFIED,,,,
0x004d7050,,,FUN_004d7050,,GUI,PORTED_BEHAVIOURAL,crates/cm-domain/src/transfer.rs,,YES,SIMULATION_RELEVANT,UNVERIFIED,,,,
0x004d7090,,,FUN_004d7090,exact staff wage formula,contracts,NOT_YET_PORTED,crates/cm-domain/src/contract_init.rs,compute_wage,NO,SIMULATION_RELEVANT,UNVERIFIED,memory:contract-clauses-generated-at-boot.md,placeholder tier ladder; real doubles in .data BSS not liftable from static exe (needs Frida),,
0x004d79c0,,,FUN_004d79c0,contract-cost readback,transfers,PORTED_PARTIAL,crates/cm-domain/src/transfer.rs,contract_cost_readback,INDIRECT,SIMULATION_RELEVANT,STRUCTURALLY_VERIFIED,memory:transfer-deep-ports-done.md,position cap table byte-exact; mode-1 delta uses normalised rep_scale (raw bytes not threaded),,
0x004da500,,contract_manager.cpp,FUN_004da500,,GUI,UNKNOWN,,,INDIRECT,,UNVERIFIED,,,,
0x004da710,,,FUN_004da710,,GUI,UNKNOWN,,,INDIRECT,,UNVERIFIED,,,,
0x004da820,,,FUN_004da820,,GUI,UNKNOWN,,,INDIRECT,,UNVERIFIED,,,,
0x004da890,,,FUN_004da890,,GUI,UNKNOWN,,,INDIRECT,,UNVERIFIED,,,,
0x004daa60,,,FUN_004daa60,,GUI,UNKNOWN,,,INDIRECT,,UNVERIFIED,,,,
0x004dabd0,,contract_manager.cpp,FUN_004dabd0,,GUI,PORTED_BEHAVIOURAL,crates/cm-app/src/main.rs,,YES,SIMULATION_RELEVANT,UNVERIFIED,,,,
0x004db1e0,,contract_manager.cpp,FUN_004db1e0,,GUI,UNKNOWN,,,INDIRECT,,UNVERIFIED,,,,
0x004dc6d0,,,FUN_004dc6d0,,GUI,UNKNOWN,,,INDIRECT,,UNVERIFIED,,,,
0x004dc7b0,,,FUN_004dc7b0,,GUI,UNKNOWN,,,INDIRECT,,UNVERIFIED,,,,
0x004dc980,,contract_manager.cpp,FUN_004dc980,,GUI,PORTED_BEHAVIOURAL,crates/cm-app/src/main.rs,,YES,SIMULATION_RELEVANT,UNVERIFIED,,,,
0x004dcbf0,,,FUN_004dcbf0,,GUI,UNKNOWN,,,INDIRECT,,UNVERIFIED,,,,
0x004dcf60,,contract_manager.cpp,FUN_004dcf60,,GUI,PORTED_BEHAVIOURAL,crates/cm-app/src/main.rs,,YES,SIMULATION_RELEVANT,UNVERIFIED,,,,
0x004dd0d0,,,FUN_004dd0d0,,GUI,UNKNOWN,,,INDIRECT,,UNVERIFIED,,,,
0x004dd3a0,,,FUN_004dd3a0,,GUI,UNKNOWN,,,INDIRECT,,UNVERIFIED,,,,
0x004dd960,,,FUN_004dd960,,GUI,UNKNOWN,,,INDIRECT,,UNVERIFIED,,,,
0x004de7f0,,contract_manager.cpp,FUN_004de7f0,,GUI,UNKNOWN,,,INDIRECT,,UNVERIFIED,,,,
0x004deb70,,,FUN_004deb70,,GUI,UNKNOWN,,,INDIRECT,,UNVERIFIED,,,,
0x004df5a0,,,FUN_004df5a0,,,UNKNOWN,,,INDIRECT,,UNVERIFIED,,,,
0x004df720,,,FUN_004df720,,GUI,UNKNOWN,,,INDIRECT,,UNVERIFIED,,,,
0x004df980,,contract_manager.cpp,FUN_004df980,,GUI,UNKNOWN,,,INDIRECT,,UNVERIFIED,,,,
0x004dfbd0,,,FUN_004dfbd0,squad-status 7-branch enum,transfers,PORTED_BEHAVIOURAL,crates/cm-domain/src/transfer.rs,SquadStatus,INDIRECT,SIMULATION_RELEVANT,STRUCTURALLY_VERIFIED,memory:scouting-and-transfers-status.md,enum byte values match 7 news branches,,
0x004e00c0,,contract_manager.cpp,FUN_004e00c0,,GUI,UNKNOWN,,,INDIRECT,,UNVERIFIED,,,,
0x004e02d0,,,FUN_004e02d0,,GUI,UNKNOWN,,,INDIRECT,,UNVERIFIED,,,,
0x004e06d0,,,FUN_004e06d0,,GUI,UNKNOWN,,,INDIRECT,,UNVERIFIED,,,,
0x004e0b40,,,FUN_004e0b40,,GUI,UNKNOWN,,,INDIRECT,,UNVERIFIED,,,,
0x004e0f20,,,FUN_004e0f20,,GUI,UNKNOWN,,,INDIRECT,,UNVERIFIED,,,,
0x004e1000,,,FUN_004e1000,,GUI,UNKNOWN,,,INDIRECT,,UNVERIFIED,,,,
0x004e11f0,,,FUN_004e11f0,,GUI,UNKNOWN,,,INDIRECT,,UNVERIFIED,,,,
0x004e1420,,,FUN_004e1420,,GUI,UNKNOWN,,,INDIRECT,,UNVERIFIED,,,,
0x004e1700,,contract_manager.cpp,FUN_004e1700,,GUI,UNKNOWN,,,INDIRECT,,UNVERIFIED,,,,
0x004e24e0,,contract_manager.cpp,FUN_004e24e0,,GUI,UNKNOWN,,,INDIRECT,,UNVERIFIED,,,,
0x004e2a50,,,FUN_004e2a50,,UNKNOWN,UNKNOWN,,,INDIRECT,,UNVERIFIED,,,,
0x004e2af0,,,FUN_004e2af0,,GUI,PORTED_BEHAVIOURAL,crates/cm-render/src/news_action_classify.rs,,YES,SIMULATION_RELEVANT,UNVERIFIED,,,,
0x004e2b80,,,FUN_004e2b80,,GUI,PORTED_BEHAVIOURAL,crates/cm-domain/src/screen_batch13.rs;crates/cm-render/src/news_action_classify.rs,,YES,SIMULATION_RELEVANT,UNVERIFIED,,,,
0x004e2c70,,,,player screen setup,screens,PORTED_BEHAVIOURAL,crates/cm-render/src/screens_auto.rs,build_screen_4e2c70,INDIRECT,PLAYER_VISIBLE,STRUCTURALLY_VERIFIED,memory:screen-builders-ported.md,not pixel-verified,,
0x004e3300,,contract_screens.cpp,FUN_004e3300,,GUI,PORTED_BEHAVIOURAL,crates/cm-domain/src/screen_batch13.rs;crates/cm-domain/src/screen_batch24.rs,,YES,SIMULATION_RELEVANT,UNVERIFIED,,,,
0x004e38d0,,,,Set Role At Club screen setup,screens,PORTED_BEHAVIOURAL,crates/cm-render/src/screens_auto.rs,build_screen_4e38d0,INDIRECT,PLAYER_VISIBLE,STRUCTURALLY_VERIFIED,memory:screen-builders-ported.md,not pixel-verified,,
0x004e42b0,,,,empty screen builder,screens,PORTED_PARTIAL,crates/cm-render/src/screens_auto.rs,build_screen_4e42b0,INDIRECT,UI_RENDERING,STRUCTURALLY_VERIFIED,memory:screen-builders-ported.md,0-widget stub; root-area only,,
0x004e4580,,,FUN_004e4580,,GUI,PORTED_BEHAVIOURAL,crates/cm-domain/src/screen_batch13.rs,,YES,SIMULATION_RELEVANT,UNVERIFIED,,,,
0x004e4960,,,FUN_004e4960,,GUI,PORTED_BEHAVIOURAL,crates/cm-domain/src/screen_batch13.rs,,YES,SIMULATION_RELEVANT,UNVERIFIED,,,,
0x004e4e50,,contract_screens.cpp,FUN_004e4e50,,GUI,UNKNOWN,,,INDIRECT,,UNVERIFIED,,,,
0x004e6620,,,FUN_004e6620,,UNKNOWN,UNKNOWN,,,INDIRECT,,UNVERIFIED,,,,
0x004e6680,,,,empty screen builder,screens,PORTED_PARTIAL,crates/cm-render/src/screens_auto.rs,build_screen_4e6680,INDIRECT,UI_RENDERING,STRUCTURALLY_VERIFIED,memory:screen-builders-ported.md,0-widget stub,,
0x004e6b80,,,FUN_004e6b80,,GUI,UNKNOWN,,,INDIRECT,,UNVERIFIED,,,,
0x004e8ba0,,,FUN_004e8ba0,,,UNKNOWN,,,INDIRECT,,UNVERIFIED,,,,
0x004e9a10,,,FUN_004e9a10,,GUI,UNKNOWN,,,INDIRECT,,UNVERIFIED,,,,
0x004ea4d0,,contract_screens.cpp,FUN_004ea4d0,,GUI,UNKNOWN,,,INDIRECT,,UNVERIFIED,,,,
0x004eac70,,contract_screens.cpp,FUN_004eac70,,GUI,UNKNOWN,,,INDIRECT,,UNVERIFIED,,,,
0x004eb240,,,FUN_004eb240,,GUI,PORTED_BEHAVIOURAL,crates/cm-domain/src/screen_batch14.rs;crates/cm-render/src/view_render.rs,,YES,SIMULATION_RELEVANT,UNVERIFIED,,,,
0x004eb330,,contract_screens.cpp,FUN_004eb330,,GUI,UNKNOWN,,,INDIRECT,,UNVERIFIED,,,,
0x004ebf60,,,FUN_004ebf60,,,PORTED_BEHAVIOURAL,crates/cm-domain/src/screen_batch14.rs,,YES,SIMULATION_RELEVANT,UNVERIFIED,,,,
0x004ebfa0,,,,Terminate Contract screen setup,screens,PORTED_BEHAVIOURAL,crates/cm-render/src/screens_auto.rs,build_screen_4ebfa0,INDIRECT,PLAYER_VISIBLE,STRUCTURALLY_VERIFIED,memory:screen-builders-ported.md,not pixel-verified,,
0x004ec3a0,,,FUN_004ec3a0,,GUI,PORTED_BEHAVIOURAL,crates/cm-render/src/news_action_classify.rs,,YES,SIMULATION_RELEVANT,UNVERIFIED,,,,
0x004ec550,,,FUN_004ec550,,GUI,PORTED_BEHAVIOURAL,crates/cm-domain/src/menu.rs;crates/cm-domain/src/screen_batch14.rs;crates/cm-domain/src/sidebar_dispatcher.rs;crates/cm-render/src/dispatcher.rs,,YES,SIMULATION_RELEVANT,UNVERIFIED,,,,
0x004ec590,,,,Game Credits screen setup,screens,PORTED_BEHAVIOURAL,crates/cm-render/src/screens_auto.rs,build_screen_4ec590,INDIRECT,PLAYER_VISIBLE,STRUCTURALLY_VERIFIED,memory:screen-builders-ported.md,38 widgets; not pixel-verified,,
0x004fd1b0,,,FUN_004fd1b0,,GUI,PORTED_BEHAVIOURAL,crates/cm-domain/src/menu.rs;crates/cm-domain/src/screen_batch14.rs;crates/cm-domain/src/sidebar_dispatcher.rs,,YES,SIMULATION_RELEVANT,UNVERIFIED,,,,
0x004fd1f0,,,,Web Sites screen setup,screens,PORTED_BEHAVIOURAL,crates/cm-render/src/screens_auto.rs,build_screen_4fd1f0,INDIRECT,PLAYER_VISIBLE,STRUCTURALLY_VERIFIED,memory:screen-builders-ported.md,not pixel-verified,,
0x004fda80,,,FUN_004fda80,,GUI,PORTED_BEHAVIOURAL,crates/cm-render/src/screen_wire_batch3.rs,,YES,SIMULATION_RELEVANT,UNVERIFIED,,,,
0x004fdad0,,comp/leagues/cro_a1.cpp,FUN_004fdad0,,GUI,UNKNOWN,,,INDIRECT,,UNVERIFIED,,,,
0x004fdcf0,,,FUN_004fdcf0,,UNKNOWN,UNKNOWN,,,INDIRECT,,UNVERIFIED,,,,
0x004fdd10,,,FUN_004fdd10,,GUI,UNKNOWN,,,INDIRECT,,UNVERIFIED,,,,
0x004fe470,,comp/leagues/cro_a1.cpp,FUN_004fe470,,GUI,UNKNOWN,,,INDIRECT,,UNVERIFIED,,,,
0x004fe5a0,,,FUN_004fe5a0,,UNKNOWN,UNKNOWN,,,INDIRECT,,UNVERIFIED,,,,
0x004fe920,,comp/leagues/cro_a1.cpp,FUN_004fe920,,GUI,UNKNOWN,,,INDIRECT,,UNVERIFIED,,,,
0x004feb90,,comp/leagues/cro_a1.cpp,FUN_004feb90,,GUI,UNKNOWN,,,INDIRECT,,UNVERIFIED,,,,
0x004fee50,,,FUN_004fee50,,GUI,UNKNOWN,,,INDIRECT,,UNVERIFIED,,,,
0x004feff0,,comp/leagues/cro_a2a.cpp,FUN_004feff0,,GUI,UNKNOWN,,,INDIRECT,,UNVERIFIED,,,,
0x004ff210,,,FUN_004ff210,,UNKNOWN,UNKNOWN,,,INDIRECT,,UNVERIFIED,,,,
0x004ff230,,,FUN_004ff230,,GUI,UNKNOWN,,,INDIRECT,,UNVERIFIED,,,,
0x004ff990,,comp/leagues/cro_a2a.cpp,FUN_004ff990,,GUI,UNKNOWN,,,INDIRECT,,UNVERIFIED,,,,
0x004ffac0,,,FUN_004ffac0,,UNKNOWN,UNKNOWN,,,INDIRECT,,UNVERIFIED,,,,
0x004ffdd0,,comp/leagues/cro_a2a.cpp,FUN_004ffdd0,,GUI,UNKNOWN,,,INDIRECT,,UNVERIFIED,,,,
0x00500040,,comp/leagues/cro_a2b.cpp,FUN_00500040,,GUI,UNKNOWN,,,INDIRECT,,UNVERIFIED,,,,
0x00500260,,,FUN_00500260,,UNKNOWN,UNKNOWN,,,INDIRECT,,UNVERIFIED,,,,
0x00500280,,,FUN_00500280,,GUI,UNKNOWN,,,INDIRECT,,UNVERIFIED,,,,
0x005009e0,,comp/leagues/cro_a2b.cpp,FUN_005009e0,,GUI,UNKNOWN,,,INDIRECT,,UNVERIFIED,,,,
0x00500b10,,,FUN_00500b10,,UNKNOWN,UNKNOWN,,,INDIRECT,,UNVERIFIED,,,,
0x00500e20,,comp/leagues/cro_a2b.cpp,FUN_00500e20,,GUI,UNKNOWN,,,INDIRECT,,UNVERIFIED,,,,
0x00501160,,comp/cups/cro_cup.cpp,FUN_00501160,,GUI,UNKNOWN,,,INDIRECT,,UNVERIFIED,,,,
0x00501330,,,FUN_00501330,,UNKNOWN,UNKNOWN,,,INDIRECT,,UNVERIFIED,,,,
0x00501350,,,FUN_00501350,,UNKNOWN,UNKNOWN,,,INDIRECT,,UNVERIFIED,,,,
0x00501420,,comp/cups/cro_cup.cpp,FUN_00501420,,GUI,UNKNOWN,,,INDIRECT,,UNVERIFIED,,,,
0x00501890,,comp/cups/cro_cup.cpp,FUN_00501890,,GUI,UNKNOWN,,,INDIRECT,,UNVERIFIED,,,,
0x00501bf0,,,FUN_00501bf0,,GUI,UNKNOWN,,,INDIRECT,,UNVERIFIED,,,,
0x00501c80,,award/croatia_awards.cpp,FUN_00501c80,,GUI,UNKNOWN,,,INDIRECT,,UNVERIFIED,,,,
0x005021e0,,transfer/croatia_rules.cpp,FUN_005021e0,,GUI,UNKNOWN,,,INDIRECT,,UNVERIFIED,,,,
0x00502320,,,FUN_00502320,,GUI,UNKNOWN,,,INDIRECT,,UNVERIFIED,,,,
0x00502350,,,FUN_00502350,,UNKNOWN,UNKNOWN,,,INDIRECT,,UNVERIFIED,,,,
0x00502370,,,FUN_00502370,,UNKNOWN,UNKNOWN,,,INDIRECT,,UNVERIFIED,,,,
0x00502470,,comp/cup.cpp,FUN_00502470,cup fixture-tree mapper,cups,PORTED_BEHAVIOURAL,crates/cm-domain/src/domestic_cup.rs,CupState::progress,YES,SIMULATION_RELEVANT,BEHAVIOURALLY_EXACT,memory/cup-engine-progressive.md,shared cup map fn; English cups progressive,,
0x005026a0,,,,playoff_bracket_driver,promotion,NOT_YET_PORTED,crates/cm-domain/src/eng_second_fixtures.rs,,NO,SIMULATION_RELEVANT,UNVERIFIED,rust:eng_second_fixtures.rs,playoff match gen + winner Club+0x37=5 write; out of C9 scope,,
0x00503370,,,FUN_00503370,,GUI,UNKNOWN,,,INDIRECT,,UNVERIFIED,,,,
0x00503570,,,FUN_00503570,,GUI,UNKNOWN,,,INDIRECT,,UNVERIFIED,,,,
0x00503970,,comp/cup.cpp,FUN_00503970,,GUI,NOT_YET_PORTED,,,NO,SIMULATION_RELEVANT,UNVERIFIED,,,,
0x00503a70,,comp/cup.cpp,FUN_00503a70,,GUI,UNKNOWN,,,INDIRECT,,UNVERIFIED,,,,
0x00503ca0,,,FUN_00503ca0,,UNKNOWN,UNKNOWN,,,INDIRECT,,UNVERIFIED,,,,
0x00503e30,,comp/cup.cpp,FUN_00503e30,cup fixture processor (leg/replay),cups,PORTED_BEHAVIOURAL,crates/cm-domain/src/domestic_cup.rs,CupState::tie_outcome;draw_round,YES,SIMULATION_RELEVANT,BEHAVIOURALLY_EXACT,memory/cup-engine-progressive.md,leg==2 / replay via round_rec +0x20/+0x21/+0x22,,
0x005060f0,,,FUN_005060f0,,GUI,UNKNOWN,,,INDIRECT,,UNVERIFIED,,,,
0x005064e0,,comp/cup.cpp,FUN_005064e0,,GUI,UNKNOWN,,,INDIRECT,,UNVERIFIED,,,,
0x00506870,,,FUN_00506870,,GUI,UNKNOWN,,,INDIRECT,,UNVERIFIED,,,,
0x00506fb0,,comp/cup.cpp,FUN_00506fb0,,GUI,UNKNOWN,,,INDIRECT,,UNVERIFIED,,,,
0x005076d0,,comp/cup.cpp,FUN_005076d0,,GUI,UNKNOWN,,,INDIRECT,,UNVERIFIED,,,,
0x00507f00,,comp/cup.cpp,FUN_00507f00,,GUI,UNKNOWN,,,INDIRECT,,UNVERIFIED,,,,
0x00508550,,,FUN_00508550,,UNKNOWN,UNKNOWN,,,INDIRECT,,UNVERIFIED,,,,
0x005088c0,,comp/cup.cpp,FUN_005088c0,,GUI,UNKNOWN,,,INDIRECT,,UNVERIFIED,,,,
0x00509570,,,FUN_00509570,,GUI,UNKNOWN,,,INDIRECT,,UNVERIFIED,,,,
0x005098e0,,comp/cup.cpp,FUN_005098e0,,GUI,UNKNOWN,,,INDIRECT,,UNVERIFIED,,,,
0x0050b3f0,,comp/cup.cpp,FUN_0050b3f0,,GUI,UNKNOWN,,,INDIRECT,,UNVERIFIED,,,,
0x0050b610,,comp/cup.cpp,FUN_0050b610,,GUI,UNKNOWN,,,INDIRECT,,UNVERIFIED,,,,
0x0050b790,,,FUN_0050b790,,UNKNOWN,UNKNOWN,,,INDIRECT,,UNVERIFIED,,,,
0x0050b9c0,,,FUN_0050b9c0,,UNKNOWN,UNKNOWN,,,INDIRECT,,UNVERIFIED,,,,
0x0050ba60,,,FUN_0050ba60,,UNKNOWN,UNKNOWN,,,INDIRECT,,UNVERIFIED,,,,
0x0050bac0,,,FUN_0050bac0,,GUI,UNKNOWN,,,INDIRECT,,UNVERIFIED,,,,
0x0050bb10,,,FUN_0050bb10,,GUI,UNKNOWN,,,INDIRECT,,UNVERIFIED,,,,
0x0050bb70,,comp/cup.cpp,FUN_0050bb70,,GUI,UNKNOWN,,,INDIRECT,,UNVERIFIED,,,,
0x0050bea0,,,FUN_0050bea0,,GUI,UNKNOWN,,,INDIRECT,,UNVERIFIED,,,,
0x0050c000,,comp/cup.cpp,FUN_0050c000,,GUI,UNKNOWN,,,INDIRECT,,UNVERIFIED,,,,
0x0050c270,,,FUN_0050c270,,UNKNOWN,UNKNOWN,,,INDIRECT,,UNVERIFIED,,,,
0x0050c5b0,,,FUN_0050c5b0,,GUI,UNKNOWN,,,INDIRECT,,UNVERIFIED,,,,
0x0050c8d0,,,FUN_0050c8d0,,GUI,PORTED_BEHAVIOURAL,crates/cm-app/src/main.rs,,YES,SIMULATION_RELEVANT,UNVERIFIED,,,,
0x0050ca60,,comp/cups/cup_stage.cpp,FUN_0050ca60,,GUI,UNKNOWN,,,INDIRECT,,UNVERIFIED,,,,
0x0050cc90,,,,,,PORTED_BEHAVIOURAL,crates/cm-domain/src/eng_second_fixtures.rs,,YES,SIMULATION_RELEVANT,UNVERIFIED,,,,
0x0050cd20,,,FUN_0050cd20,,UNKNOWN,UNKNOWN,,,INDIRECT,,UNVERIFIED,,,,
0x0050cd40,,comp/cups/cup_stage.cpp,FUN_0050cd40,,GUI,UNKNOWN,,,INDIRECT,,UNVERIFIED,,,,
0x0050cf60,,,FUN_0050cf60,,UNKNOWN,UNKNOWN,,,INDIRECT,,UNVERIFIED,,,,
0x0050cfe0,,comp/cups/cup_stage.cpp,FUN_0050cfe0,,GUI,UNKNOWN,,,INDIRECT,,UNVERIFIED,,,,
0x0050db10,,comp/cups/cup_stage.cpp,FUN_0050db10,,GUI,UNKNOWN,,,INDIRECT,,UNVERIFIED,,,,
0x0050de40,,comp/cups/cup_stage.cpp,FUN_0050de40,,GUI,UNKNOWN,,,INDIRECT,,UNVERIFIED,,,,
0x0050e970,,,FUN_0050e970,,UNKNOWN,UNKNOWN,,,INDIRECT,,UNVERIFIED,,,,
0x0050e990,,,FUN_0050e990,,UNKNOWN,UNKNOWN,,,INDIRECT,,UNVERIFIED,,,,
0x0050e9b0,,,FUN_0050e9b0,,UNKNOWN,PORTED_BEHAVIOURAL,crates/cm-domain/src/screen_batch8.rs,,YES,SIMULATION_RELEVANT,UNVERIFIED,,,,
0x0050e9d0,,database.cpp,FUN_0050e9d0,,RESOURCE,UNKNOWN,,,INDIRECT,,UNVERIFIED,,,,
0x00510420,,database.cpp,FUN_00510420,,RESOURCE,UNKNOWN,,,INDIRECT,,UNVERIFIED,,,,
0x00510ea0,,database.cpp,FUN_00510ea0,,GUI,UNKNOWN,,,INDIRECT,,UNVERIFIED,,,,
0x00511b40,,,FUN_00511b40,,RESOURCE,UNKNOWN,,,INDIRECT,,UNVERIFIED,,,,
0x00511b80,,,FUN_00511b80,,RESOURCE,UNKNOWN,,,INDIRECT,,UNVERIFIED,,,,
0x00511bc0,,,FUN_00511bc0,,UNKNOWN,UNKNOWN,,,INDIRECT,,UNVERIFIED,,,,
0x00511ce0,,,FUN_00511ce0,,RESOURCE,UNKNOWN,,,INDIRECT,,UNVERIFIED,,,,
0x005121a0,,database.cpp,FUN_005121a0,start_new_game_section_loader,db-load,REPLACED_BY_RUST,crates/cm-domain/src/lib.rs,World::read_rust_db_dir,YES,PERSISTENCE_RELEVANT,STRUCTURALLY_VERIFIED,memory:start-new-game-flow.md,"exe fread-dispatches each .dat pool by index type/version; Rust reads same pools as JSON; whole world loaded, version guards honoured",,
0x005176c0,,database.cpp,FUN_005176c0,database section writer/loader hub,save-load,REPLACED_BY_RUST,crates/cm-ui-app/src/save_load.rs,save_game,YES,PERSISTENCE_RELEVANT,STRUCTURALLY_VERIFIED,memory/sav-file-format.md,exe .sav directory sections -> world.json overlay,,
0x0051b110,,database.cpp,FUN_0051b110,pool_link_id_to_pointer_swizzle,db-load,REPLACED_BY_RUST,crates/cm-domain/src/typed_records.rs,id_opt,YES,IMPLEMENTATION_ONLY,STRUCTURALLY_VERIFIED,rust:typed_records.rs,exe rewrites on-disk ids to heap pointers in place; Rust keeps id + resolves via Vec index,,
0x0051c970,,,FUN_0051c970,,GUI,UNKNOWN,,,INDIRECT,,UNVERIFIED,,,,
0x0051cbf0,,,FUN_0051cbf0,,GUI,UNKNOWN,,,INDIRECT,,UNVERIFIED,,,,
0x0051d160,,,FUN_0051d160,,GUI,UNKNOWN,,,INDIRECT,,UNVERIFIED,,,,
0x0051d280,,,FUN_0051d280,,GUI,UNKNOWN,,,INDIRECT,,UNVERIFIED,,,,
0x0051d510,,,FUN_0051d510,,GUI,UNKNOWN,,,INDIRECT,,UNVERIFIED,,,,
0x0051f480,,,FUN_0051f480,,UNKNOWN,UNKNOWN,,,INDIRECT,,UNVERIFIED,,,,
0x0051f490,,,FUN_0051f490,,GUI,UNKNOWN,,,INDIRECT,,UNVERIFIED,,,,
0x0051f5d0,,database.cpp,FUN_0051f5d0,player_init_seed_person,player-init,PORTED_PARTIAL,crates/cm-domain/src/lib.rs,PlayerInitState::seed;World::initialise_players,YES,SIMULATION_RELEVANT,STATE_EXACT,memory:player-init-decode.md,condition=156 morale cleared CA/PA age; position-weighted shaping + template clone + Pass-2 rescale NOT ported,,
0x00522710,,,FUN_00522710,,GUI,UNKNOWN,,,INDIRECT,,UNVERIFIED,,,,
0x00522a10,,,FUN_00522a10,,GUI,UNKNOWN,,,INDIRECT,,UNVERIFIED,,,,
0x00522fe0,,,FUN_00522fe0,,GUI,UNKNOWN,,,INDIRECT,,UNVERIFIED,,,,
0x005232a0,,database.cpp,FUN_005232a0,,GUI,UNKNOWN,,,INDIRECT,,UNVERIFIED,,,,
0x00523630,,,FUN_00523630,,UNKNOWN,UNKNOWN,,,INDIRECT,,UNVERIFIED,,,,
0x005236e0,,,FUN_005236e0,,GUI,UNKNOWN,,,INDIRECT,,UNVERIFIED,,,,
0x005237b0,,,FUN_005237b0,,GUI,UNKNOWN,,,INDIRECT,,UNVERIFIED,,,,
0x00523c30,,,FUN_00523c30,,GUI,UNKNOWN,,,INDIRECT,,UNVERIFIED,,,,
0x00523d00,,,FUN_00523d00,,GUI,UNKNOWN,,,INDIRECT,,UNVERIFIED,,,,
0x00524100,,,FUN_00524100,,GUI,UNKNOWN,,,INDIRECT,,UNVERIFIED,,,,
0x00524160,,,FUN_00524160,player_attr_generate_mode_a,player-init,PORTED_PARTIAL,crates/cm-domain/src/lib.rs,PlayerInitState::generate_attributes_core,YES,SIMULATION_RELEVANT,PARTIAL,memory:player-init-decode.md,CA-anchored roll; position weighting + mode B + exact slot order not ported,,
0x00524400,,,FUN_00524400,,UNKNOWN,UNKNOWN,,,INDIRECT,,UNVERIFIED,,,,
0x005244d0,,,FUN_005244d0,,UNKNOWN,UNKNOWN,,,INDIRECT,,UNVERIFIED,,,,
0x00524560,,,FUN_00524560,player attr generate mode-A slot order,player-init,PORTED_PARTIAL,crates/cm-domain/src/lib.rs,PlayerInitState::generate_attributes_core,YES,SIMULATION_RELEVANT,PARTIAL,memory:player-init-decode.md,companion decompile of curated 0x00524160; slot->byte order partially reproduced,,
0x005246e0,,database.cpp,FUN_005246e0,,GUI,PORTED_BEHAVIOURAL,crates/cm-app/src/main.rs,,YES,SIMULATION_RELEVANT,UNVERIFIED,,,,
0x00524790,,,FUN_00524790,,GUI,UNKNOWN,,,INDIRECT,,UNVERIFIED,,,,
0x00524850,,,FUN_00524850,club_job_role_name_switch,view-model,PORTED_EXACT,crates/cm-domain/src/general_info.rs,role_for_job,YES,PLAYER_VISIBLE,BEHAVIOURALLY_EXACT,rust:general_info.rs,cases 0..0xd role switch; verified vs Burnley staff,,
0x00524f20,,,FUN_00524f20,,,PORTED_BEHAVIOURAL,crates/cm-domain/src/screen_batch28.rs;crates/cm-domain/src/transfer.rs,,YES,SIMULATION_RELEVANT,UNVERIFIED,,,,
0x00525040,,database.cpp,FUN_00525040,linked +0x53 record resolver,competition,UNKNOWN,crates/cm-domain/src/lib.rs,,NO,IMPLEMENTATION_ONLY,UNVERIFIED,rust:crates/cm-domain/src/lib.rs,lift-workbench reference,,
0x00525160,,,FUN_00525160,,GUI,UNKNOWN,,,INDIRECT,,UNVERIFIED,,,,
0x00525170,,,FUN_00525170,,GUI,UNKNOWN,,,INDIRECT,,UNVERIFIED,,,,
0x00525190,,database.cpp,FUN_00525190,,GUI,PORTED_BEHAVIOURAL,crates/cm-domain/src/screen_batch27.rs;crates/cm-domain/src/tactic_dispatcher.rs;crates/cm-domain/src/typed_records.rs;crates/cm-render/src/dispatcher_club_toolbar.rs,,YES,SIMULATION_RELEVANT,UNVERIFIED,,,,
0x00525310,,database.cpp,FUN_00525310,,GUI,NOT_YET_PORTED,,,NO,SIMULATION_RELEVANT,UNVERIFIED,,,,
0x00525450,,database.cpp,FUN_00525450,,GUI,PORTED_BEHAVIOURAL,crates/cm-domain/src/c14_stadium_expansion.rs;crates/cm-domain/src/club_season_records.rs;crates/cm-domain/src/manager_creation.rs;crates/cm-domain/src/screen_batch11.rs;crates/cm-domain/src/screen_batch9.rs;crates/cm-domain/src/screen_club_dashboard.rs;crates/cm-domain/src/transfer.rs;crates/cm-render/src/dispatcher_club_toolbar.rs;crates/cm-render/src/screen_club_squad_faithful.rs,,YES,SIMULATION_RELEVANT,UNVERIFIED,,,,
0x005254f0,,database.cpp,FUN_005254f0,,GUI,UNKNOWN,,,INDIRECT,,UNVERIFIED,,,,
0x00525860,,database.cpp,FUN_00525860,,GUI,UNKNOWN,,,INDIRECT,,UNVERIFIED,,,,
0x00525ce0,,database.cpp,FUN_00525ce0,,GUI,UNKNOWN,,,INDIRECT,,UNVERIFIED,,,,
0x005260e0,,,FUN_005260e0,,,UNKNOWN,,,INDIRECT,,UNVERIFIED,,,,
0x00526420,,database.cpp,FUN_00526420,,GUI,NOT_YET_PORTED,,,NO,SIMULATION_RELEVANT,UNVERIFIED,,,,
0x00526500,,database.cpp,FUN_00526500,,GUI,UNKNOWN,,,INDIRECT,,UNVERIFIED,,,,
0x005265e0,,database.cpp,FUN_005265e0,,GUI,PORTED_BEHAVIOURAL,crates/cm-domain/src/screen_batch9.rs;crates/cm-render/src/dispatcher_club_toolbar.rs,,YES,SIMULATION_RELEVANT,UNVERIFIED,,,,
0x005266d0,,database.cpp,FUN_005266d0,,GUI,NOT_YET_PORTED,,,NO,SIMULATION_RELEVANT,UNVERIFIED,,,,
0x00526780,,database.cpp,FUN_00526780,,GUI,UNKNOWN,,,INDIRECT,,UNVERIFIED,,,,
0x005268b0,,database.cpp,FUN_005268b0,,GUI,UNKNOWN,,,INDIRECT,,UNVERIFIED,,,,
0x005269e0,,,FUN_005269e0,,GUI,UNKNOWN,,,INDIRECT,,UNVERIFIED,,,,
0x00526a30,,,FUN_00526a30,,GUI,UNKNOWN,,,INDIRECT,,UNVERIFIED,,,,
0x00527290,,,FUN_00527290,,GUI,UNKNOWN,,,INDIRECT,,UNVERIFIED,,,,
0x00527320,,,FUN_00527320,,UNKNOWN,UNKNOWN,,,INDIRECT,,UNVERIFIED,,,,
0x00527340,,,FUN_00527340,,GUI,PORTED_BEHAVIOURAL,crates/cm-domain/src/transfer.rs,,YES,SIMULATION_RELEVANT,UNVERIFIED,,,,
0x00527450,,,FUN_00527450,,UNKNOWN,UNKNOWN,,,INDIRECT,,UNVERIFIED,,,,
0x00527490,,,FUN_00527490,,UNKNOWN,UNKNOWN,,,INDIRECT,,UNVERIFIED,,,,
0x005274d0,,,FUN_005274d0,,GUI,UNKNOWN,,,INDIRECT,,UNVERIFIED,,,,
0x00527690,,,FUN_00527690,,UNKNOWN,UNKNOWN,,,INDIRECT,,UNVERIFIED,,,,
0x005276f0,,database.cpp,FUN_005276f0,,GUI,UNKNOWN,crates/cm-domain/src/menu.rs;crates/cm-domain/src/screen_batch27.rs;crates/cm-render/src/dispatcher.rs;crates/cm-render/src/screen_wire_batch3.rs,,INDIRECT,,UNVERIFIED,,,,
0x00527c90,,database.cpp,FUN_00527c90,,GUI,NOT_YET_PORTED,,,NO,SIMULATION_RELEVANT,UNVERIFIED,,,,
0x00527e30,,database.cpp,FUN_00527e30,,GUI,UNKNOWN,,,INDIRECT,,UNVERIFIED,,,,
0x005284e0,,database.cpp,FUN_005284e0,,GUI,NOT_YET_PORTED,,,NO,SIMULATION_RELEVANT,UNVERIFIED,,,,
0x00528600,,database.cpp,FUN_00528600,,GUI,UNKNOWN,,,INDIRECT,,UNVERIFIED,,,,
0x005289a0,,database.cpp,FUN_005289a0,multi_position_name_formatter,view-model,PORTED_BEHAVIOURAL,crates/cm-domain/src/player_profile.rs,position_full_name,YES,PLAYER_VISIBLE,BEHAVIOURALLY_EXACT,memory:no-inferring-display-codes.md,position bitmask + side ordering; Striker-vs-Forward test; Garner capture reproduced,,
0x00529bd0,,,FUN_00529bd0,,UNKNOWN,UNKNOWN,,,INDIRECT,,UNVERIFIED,,,,
0x00529c80,,,FUN_00529c80,,GUI,UNKNOWN,,,INDIRECT,,UNVERIFIED,,,,
0x00529dc0,,,FUN_00529dc0,,UNKNOWN,UNKNOWN,,,INDIRECT,,UNVERIFIED,,,,
0x00529e90,,database.cpp,FUN_00529e90,,GUI,NOT_YET_PORTED,,,NO,SIMULATION_RELEVANT,UNVERIFIED,,,,
0x00529fe0,,,FUN_00529fe0,,UNKNOWN,PORTED_BEHAVIOURAL,crates/cm-domain/src/match_engine_exe.rs,,YES,SIMULATION_RELEVANT,UNVERIFIED,,,,
0x0052a070,,database.cpp,FUN_0052a070,,GUI,UNKNOWN,,,INDIRECT,,UNVERIFIED,,,,
0x0052a2d0,,,FUN_0052a2d0,,UNKNOWN,UNKNOWN,,,INDIRECT,,UNVERIFIED,,,,
0x0052a330,,,FUN_0052a330,,GUI,PORTED_BEHAVIOURAL,crates/cm-domain/src/transfer.rs,,YES,SIMULATION_RELEVANT,UNVERIFIED,,,,
0x0052a410,,,FUN_0052a410,,GUI,UNKNOWN,,,INDIRECT,,UNVERIFIED,,,,
0x0052a4d0,,,FUN_0052a4d0,,GUI,UNKNOWN,,,INDIRECT,,UNVERIFIED,,,,
0x0052a500,,database.cpp,FUN_0052a500,,GUI,PORTED_BEHAVIOURAL,crates/cm-app/src/main.rs;crates/cm-domain/src/transfer.rs,,YES,SIMULATION_RELEVANT,UNVERIFIED,,,,
0x0052a5a0,,database.cpp,FUN_0052a5a0,,GUI,PORTED_BEHAVIOURAL,crates/cm-domain/src/c13_promotion_apply.rs;crates/cm-domain/src/c14_5_squad_manager.rs;crates/cm-domain/src/c15_1_world_apply.rs;crates/cm-domain/src/screen_batch12.rs,,YES,SIMULATION_RELEVANT,UNVERIFIED,,,,
0x0052b9b0,,,FUN_0052b9b0,,GUI,UNKNOWN,,,INDIRECT,,UNVERIFIED,,,,
0x0052bae0,,database.cpp,FUN_0052bae0,,GUI,NOT_YET_PORTED,,,NO,SIMULATION_RELEVANT,UNVERIFIED,,,,
0x0052bc50,,database.cpp,FUN_0052bc50,,GUI,UNKNOWN,,,INDIRECT,,UNVERIFIED,,,,
0x0052c290,,database.cpp,FUN_0052c290,,GUI,NOT_YET_PORTED,,,NO,SIMULATION_RELEVANT,UNVERIFIED,,,,
0x0052c3f0,,,FUN_0052c3f0,attribute-name function,view-model,UNKNOWN,crates/cm-domain/src/lib.rs;crates/cm-render/src/screen_club_squad_faithful.rs,,NO,IMPLEMENTATION_ONLY,UNVERIFIED,rust:crates/cm-domain/src/lib.rs,names ~30 engine attributes; doc-comment reference,,
0x0052cd30,,database.cpp,FUN_0052cd30,,GUI,NOT_YET_PORTED,,,NO,SIMULATION_RELEVANT,UNVERIFIED,,,,
0x0052cdd0,,,FUN_0052cdd0,,GUI,UNKNOWN,,,INDIRECT,,UNVERIFIED,,,,
0x0052cf90,,database.cpp,FUN_0052cf90,,GUI,UNKNOWN,,,INDIRECT,,UNVERIFIED,,,,
0x0052d090,,database.cpp,FUN_0052d090,type10_attribute_offset_dispatch,view-model,PORTED_BEHAVIOURAL,crates/cm-domain/src/player_profile.rs,PROFILE_ATTR_OFFSETS,YES,PLAYER_VISIBLE,STRUCTURALLY_VERIFIED,memory:type10-real-attribute-offsets.md,31-attribute grid offset table; Determination special-cased to Person+0x58,,
0x0052d660,,,FUN_0052d660,,,UNKNOWN,,,INDIRECT,,UNVERIFIED,,,,
0x0052da80,,database.cpp,FUN_0052da80,,GUI,NOT_YET_PORTED,,,NO,SIMULATION_RELEVANT,UNVERIFIED,,,,
0x0052db20,,database.cpp,FUN_0052db20,,GUI,UNKNOWN,,,INDIRECT,,UNVERIFIED,,,,
0x0052de40,,,FUN_0052de40,,UNKNOWN,UNKNOWN,,,INDIRECT,,UNVERIFIED,,,,
0x0052ded0,,,FUN_0052ded0,,UNKNOWN,UNKNOWN,,,INDIRECT,,UNVERIFIED,,,,
0x0052df60,,,FUN_0052df60,physio rating (x87),injuries,NOT_YET_PORTED,crates/cm-domain/src/lib.rs,,NO,SIMULATION_RELEVANT,HYPOTHESIS,memory:history-panels-noheuristic-ports.md,x87 physio rating not modelled (passed 0 in injury formula),,
0x0052dff0,,,FUN_0052dff0,,GUI,PORTED_BEHAVIOURAL,crates/cm-domain/src/screen_batch25.rs,,YES,SIMULATION_RELEVANT,UNVERIFIED,,,,
0x0052e070,,,FUN_0052e070,,GUI,UNKNOWN,,,INDIRECT,,UNVERIFIED,,,,
0x0052e0e0,,,FUN_0052e0e0,,GUI,PORTED_BEHAVIOURAL,crates/cm-domain/src/screen_batch25.rs,,YES,SIMULATION_RELEVANT,UNVERIFIED,,,,
0x0052e150,,,FUN_0052e150,,GUI,UNKNOWN,,,INDIRECT,,UNVERIFIED,,,,
0x0052e1c0,,,FUN_0052e1c0,,GUI,UNKNOWN,,,INDIRECT,,UNVERIFIED,,,,
0x0052e220,,,FUN_0052e220,,UNKNOWN,UNKNOWN,,,INDIRECT,,UNVERIFIED,,,,
0x0052e260,,,FUN_0052e260,form/morale byte setter,player,UNKNOWN,crates/cm-domain/src/lib.rs,,NO,SIMULATION_RELEVANT,UNVERIFIED,memory:squad-number-not-at-45.md,"reads/writes +0x45 [1,20]; doc-comment archaeology reference",,
0x0052e370,,,FUN_0052e370,club-pickable/league filter gate,manager,PORTED_BEHAVIOURAL,crates/cm-domain/src/manager_creation.rs,club_is_pickable,YES,SIMULATION_RELEVANT,BEHAVIOURALLY_EXACT,memory:league-dates-and-comp-wiring.md,club+0x57 div -> DAT_00ac688c AND nation +0x11c tier,,
0x0052e410,,database.cpp,FUN_0052e410,,GUI,UNKNOWN,,,INDIRECT,,UNVERIFIED,,,,
0x0052e4c0,,,FUN_0052e4c0,,GUI,UNKNOWN,,,INDIRECT,,UNVERIFIED,,,,
0x0052e7c0,,database.cpp,FUN_0052e7c0,,GUI,UNKNOWN,,,INDIRECT,,UNVERIFIED,,,,
0x0052ea80,,,FUN_0052ea80,,UNKNOWN,UNKNOWN,,,INDIRECT,,UNVERIFIED,,,,
0x0052eb10,,database.cpp,FUN_0052eb10,,GUI,UNKNOWN,,,INDIRECT,,UNVERIFIED,,,,
0x0052ef40,,,FUN_0052ef40,,GUI,UNKNOWN,,,INDIRECT,,UNVERIFIED,,,,
0x0052f010,,,FUN_0052f010,,GUI,UNKNOWN,,,INDIRECT,,UNVERIFIED,,,,
0x0052f0f0,,,FUN_0052f0f0,,GUI,UNKNOWN,,,INDIRECT,,UNVERIFIED,,,,
0x0052f1f0,,,FUN_0052f1f0,,GUI,UNKNOWN,,,INDIRECT,,UNVERIFIED,,,,
0x0052f2c0,,,FUN_0052f2c0,,GUI,UNKNOWN,,,INDIRECT,,UNVERIFIED,,,,
0x0052f3d0,,,FUN_0052f3d0,,GUI,UNKNOWN,,,INDIRECT,,UNVERIFIED,,,,
0x0052f4e0,,,FUN_0052f4e0,,GUI,UNKNOWN,,,INDIRECT,,UNVERIFIED,,,,
0x0052f5b0,,,FUN_0052f5b0,,GUI,UNKNOWN,,,INDIRECT,,UNVERIFIED,,,,
0x0052f910,,,FUN_0052f910,,GUI,UNKNOWN,,,INDIRECT,,UNVERIFIED,,,,
0x0052f9e0,,database.cpp,FUN_0052f9e0,,GUI,UNKNOWN,,,INDIRECT,,UNVERIFIED,,,,
0x0052fd90,,database.cpp,FUN_0052fd90,,GUI,UNKNOWN,,,INDIRECT,,UNVERIFIED,,,,
0x00530180,,database.cpp,FUN_00530180,,GUI,UNKNOWN,,,INDIRECT,,UNVERIFIED,,,,
0x00530690,,,FUN_00530690,,GUI,UNKNOWN,,,INDIRECT,,UNVERIFIED,,,,
0x00530cb0,,,FUN_00530cb0,,GUI,UNKNOWN,,,INDIRECT,,UNVERIFIED,,,,
0x00531350,,,FUN_00531350,,GUI,UNKNOWN,,,INDIRECT,,UNVERIFIED,,,,
0x00531370,,,FUN_00531370,,GUI,PORTED_BEHAVIOURAL,crates/cm-domain/src/transfer.rs,,YES,SIMULATION_RELEVANT,UNVERIFIED,,,,
0x005313b0,,,FUN_005313b0,,GUI,UNKNOWN,,,INDIRECT,,UNVERIFIED,,,,
0x005313f0,,,FUN_005313f0,,GUI,PORTED_BEHAVIOURAL,crates/cm-domain/src/transfer.rs,,YES,SIMULATION_RELEVANT,UNVERIFIED,,,,
0x00531420,,,FUN_00531420,,GUI,UNKNOWN,,,INDIRECT,,UNVERIFIED,,,,
0x00531450,,,FUN_00531450,,GUI,UNKNOWN,,,INDIRECT,,UNVERIFIED,,,,
0x00531520,,,FUN_00531520,,GUI,UNKNOWN,,,INDIRECT,,UNVERIFIED,,,,
0x005315f0,,,FUN_005315f0,,GUI,UNKNOWN,,,INDIRECT,,UNVERIFIED,,,,
0x005316d0,,,FUN_005316d0,,GUI,UNKNOWN,,,INDIRECT,,UNVERIFIED,,,,
0x005317b0,,,FUN_005317b0,,UNKNOWN,UNKNOWN,,,INDIRECT,,UNVERIFIED,,,,
0x005317f0,,,FUN_005317f0,,GUI,UNKNOWN,,,INDIRECT,,UNVERIFIED,,,,
0x00531830,,,FUN_00531830,,GUI,UNKNOWN,,,INDIRECT,,UNVERIFIED,,,,
0x00531870,,,FUN_00531870,,UNKNOWN,UNKNOWN,,,INDIRECT,,UNVERIFIED,,,,
0x005318c0,,,FUN_005318c0,,UNKNOWN,UNKNOWN,,,INDIRECT,,UNVERIFIED,,,,
0x00531910,,,FUN_00531910,,GUI,UNKNOWN,,,INDIRECT,,UNVERIFIED,,,,
0x00531940,,,FUN_00531940,,GUI,UNKNOWN,,,INDIRECT,,UNVERIFIED,,,,
0x00531970,,,FUN_00531970,,GUI,UNKNOWN,,,INDIRECT,,UNVERIFIED,,,,
0x00531a50,,,FUN_00531a50,,GUI,UNKNOWN,,,INDIRECT,,UNVERIFIED,,,,
0x00531b30,,,FUN_00531b30,,UNKNOWN,UNKNOWN,,,INDIRECT,,UNVERIFIED,,,,
0x00531b70,,,FUN_00531b70,,UNKNOWN,UNKNOWN,,,INDIRECT,,UNVERIFIED,,,,
0x00531c70,,,FUN_00531c70,,UNKNOWN,UNKNOWN,,,INDIRECT,,UNVERIFIED,,,,
0x00531cd0,,,FUN_00531cd0,,GUI,UNKNOWN,,,INDIRECT,,UNVERIFIED,,,,
0x00531d30,,,FUN_00531d30,,GUI,UNKNOWN,,,INDIRECT,,UNVERIFIED,,,,
0x00531d80,,,FUN_00531d80,,GUI,UNKNOWN,,,INDIRECT,,UNVERIFIED,,,,
0x00531ed0,,,FUN_00531ed0,,GUI,UNKNOWN,,,INDIRECT,,UNVERIFIED,,,,
0x00532390,,,FUN_00532390,,GUI,UNKNOWN,,,INDIRECT,,UNVERIFIED,,,,
0x005323b0,,,FUN_005323b0,,UNKNOWN,UNKNOWN,,,INDIRECT,,UNVERIFIED,,,,
0x005323f0,,,FUN_005323f0,,GUI,UNKNOWN,,,INDIRECT,,UNVERIFIED,,,,
0x00532980,,,FUN_00532980,,GUI,UNKNOWN,,,INDIRECT,,UNVERIFIED,,,,
0x00532ce0,,,FUN_00532ce0,,GUI,UNKNOWN,,,INDIRECT,,UNVERIFIED,,,,
0x00532de0,,,FUN_00532de0,,UNKNOWN,UNKNOWN,,,INDIRECT,,UNVERIFIED,,,,
0x00532ea0,,,FUN_00532ea0,,GUI,UNKNOWN,,,INDIRECT,,UNVERIFIED,,,,
0x00532fa0,,,FUN_00532fa0,,UNKNOWN,UNKNOWN,,,INDIRECT,,UNVERIFIED,,,,
0x00533050,,,FUN_00533050,,UNKNOWN,UNKNOWN,,,INDIRECT,,UNVERIFIED,,,,
0x005330b0,,,FUN_005330b0,,UNKNOWN,UNKNOWN,,,INDIRECT,,UNVERIFIED,,,,
0x00533190,,,FUN_00533190,,UNKNOWN,UNKNOWN,,,INDIRECT,,UNVERIFIED,,,,
0x00533270,,,FUN_00533270,,UNKNOWN,UNKNOWN,,,INDIRECT,,UNVERIFIED,,,,
0x00533350,,,FUN_00533350,,UNKNOWN,UNKNOWN,,,INDIRECT,,UNVERIFIED,,,,
0x00533430,,,FUN_00533430,,UNKNOWN,UNKNOWN,,,INDIRECT,,UNVERIFIED,,,,
0x00533520,,,FUN_00533520,,UNKNOWN,UNKNOWN,,,INDIRECT,,UNVERIFIED,,,,
0x00533610,,,FUN_00533610,,UNKNOWN,UNKNOWN,,,INDIRECT,,UNVERIFIED,,,,
0x00533870,,,FUN_00533870,,GUI,UNKNOWN,,,INDIRECT,,UNVERIFIED,,,,
0x005338d0,,,FUN_005338d0,,UNKNOWN,UNKNOWN,,,INDIRECT,,UNVERIFIED,,,,
0x00533940,,,FUN_00533940,,UNKNOWN,UNKNOWN,,,INDIRECT,,UNVERIFIED,,,,
0x005339b0,,,FUN_005339b0,,UNKNOWN,UNKNOWN,,,INDIRECT,,UNVERIFIED,,,,
0x00533a30,,,FUN_00533a30,,GUI,UNKNOWN,,,INDIRECT,,UNVERIFIED,,,,
0x00533a80,,,FUN_00533a80,,UNKNOWN,UNKNOWN,,,INDIRECT,,UNVERIFIED,,,,
0x00533ad0,,,FUN_00533ad0,undecoded schedule function,fixtures,UNKNOWN,crates/cm-domain/src/african_nations.rs;crates/cm-domain/src/lib.rs;crates/cm-domain/src/screen_batch11.rs,,NO,SIMULATION_RELEVANT,UNVERIFIED,rust:crates/cm-domain/src/lib.rs,NO_DECOMPILE: schedule day/month source; opener dates come from it,,
0x00533b50,0x00533d80,date.cpp,FUN_00533b50,pack_date (pre-snap),date,PORTED_EXACT,crates/cm-domain/src/exe_date.rs,pack_date,YES,SIMULATION_RELEVANT,BYTE_EXACT,memory/fixtures-runtime-capture-findings.md,"(day,month,year)->[doy,year,leap,0] via DAT_009a4b28/40; 2990-byte eng_second buffer byte-exact vs GDI+DD captures",,
0x00533cf0,,,FUN_00533cf0,,GUI,UNKNOWN,,,INDIRECT,,UNVERIFIED,,,,
0x00533d10,,date.cpp,FUN_00533d10,pack-date-with-snap entry,date,PORTED_BEHAVIOURAL,crates/cm-domain/src/exe_date.rs,pack_date;apply_flag_snap,YES,SIMULATION_RELEVANT,STRUCTURALLY_VERIFIED,rust:crates/cm-domain/src/exe_date.rs,DD carve entry chaining pack_date then flag-snap when flag!=-1,,
0x00533d80,,,,,,PORTED_BEHAVIOURAL,crates/cm-domain/src/eng_second_fixtures.rs,,YES,SIMULATION_RELEVANT,UNVERIFIED,,,,
0x00533eb0,0x005340e0,,FUN_00533eb0,weekday flag-snap,date,PORTED_EXACT,crates/cm-domain/src/exe_date.rs,apply_flag_snap,YES,SIMULATION_RELEVANT,BYTE_EXACT,memory/fixtures-runtime-capture-findings.md,42 flag-snap runtime calls byte-exact (2026-09-13); flag=target weekday delta [-3..3],,
0x00533fd0,,,FUN_00533fd0,,GUI,PORTED_BEHAVIOURAL,crates/cm-app/src/main.rs,,YES,SIMULATION_RELEVANT,UNVERIFIED,,,,
0x00534050,,date.cpp,FUN_00534050,,GUI,UNKNOWN,,,INDIRECT,,UNVERIFIED,,,,
0x00534230,,date.cpp,FUN_00534230,,GUI,UNKNOWN,,,INDIRECT,,UNVERIFIED,,,,
0x00534530,,date.cpp,FUN_00534530,,GUI,UNKNOWN,,,INDIRECT,,UNVERIFIED,,,,
0x005349f0,,,FUN_005349f0,,,UNKNOWN,,,INDIRECT,,UNVERIFIED,,,,
0x00534ed0,,date.cpp,FUN_00534ed0,,GUI,UNKNOWN,,,INDIRECT,,UNVERIFIED,,,,
0x00535130,,date.cpp,FUN_00535130,,GUI,UNKNOWN,,,INDIRECT,,UNVERIFIED,,,,
0x00535600,,date.cpp,FUN_00535600,news-manager pacing A,tick,NOT_YET_PORTED,crates/cm-domain/src/lib.rs,,NO,PLAYER_VISIBLE,HYPOTHESIS,rust:crates/cm-domain/src/lib.rs,steps 13-14; named stub,,
0x00535ad0,,date.cpp,FUN_00535ad0,,GUI,UNKNOWN,,,INDIRECT,,UNVERIFIED,,,,
0x00535f90,,date.cpp,FUN_00535f90,,GUI,UNKNOWN,,,INDIRECT,,UNVERIFIED,,,,
0x00536190,,,FUN_00536190,date-window builder,date,PORTED_BEHAVIOURAL,crates/cm-domain/src/lib.rs,CmPackedDate::add_days,INDIRECT,SIMULATION_RELEVANT,PARTIAL,rust:crates/cm-domain/src/lib.rs,contract/transfer windows via add_days literal offsets; plan text not capture-verified,,
0x00536350,,,FUN_00536350,add N weeks,date,PORTED_BEHAVIOURAL,crates/cm-domain/src/lib.rs,CmPackedDate::add_days,INDIRECT,SIMULATION_RELEVANT,STRUCTURALLY_VERIFIED,rust:crates/cm-domain/src/lib.rs,== add_days(weeks*7),,
0x005364c0,,,FUN_005364c0,add/subtract N days,date,PORTED_BEHAVIOURAL,crates/cm-domain/src/lib.rs,CmPackedDate::add_days;CmPackedDate::add_negative_days,YES,SIMULATION_RELEVANT,STRUCTURALLY_VERIFIED,rust:crates/cm-domain/src/lib.rs,year-crossing normalisation; drives GameDate advance in tick,,
0x00536690,,,FUN_00536690,subtract N weeks,date,PORTED_BEHAVIOURAL,crates/cm-domain/src/lib.rs,CmPackedDate::add_negative_days,INDIRECT,SIMULATION_RELEVANT,STRUCTURALLY_VERIFIED,rust:crates/cm-domain/src/lib.rs,folded into add_negative_days,,
0x00536810,,,FUN_00536810,,GUI,UNKNOWN,,,INDIRECT,,UNVERIFIED,,,,
0x00536990,,,FUN_00536990,,GUI,PORTED_BEHAVIOURAL,crates/cm-domain/src/screen_batch18.rs;crates/cm-domain/src/transfer.rs,,YES,SIMULATION_RELEVANT,UNVERIFIED,,,,
0x00536b50,,,FUN_00536b50,doy -> day-of-month unpack,date,PORTED_BEHAVIOURAL,crates/cm-domain/src/lib.rs,CmPackedDate::to_game_date,YES,SIMULATION_RELEVANT,STRUCTURALLY_VERIFIED,rust:crates/cm-domain/src/lib.rs,forward month scan,,
0x00536b90,,,FUN_00536b90,,GUI,PORTED_BEHAVIOURAL,crates/cm-app/src/main.rs;crates/cm-domain/src/screen_batch24.rs;crates/cm-domain/src/screen_batch26.rs;crates/cm-domain/src/screen_transfers.rs,,YES,SIMULATION_RELEVANT,UNVERIFIED,,,,
0x00536bc0,,,FUN_00536bc0,is-leap-year predicate,date,PORTED_BEHAVIOURAL,crates/cm-domain/src/lib.rs,,YES,SIMULATION_RELEVANT,STRUCTURALLY_VERIFIED,rust:crates/cm-domain/src/lib.rs,non-leap iff odd|not/4|century-not/400; inline in date helpers,,
0x00536c20,,,FUN_00536c20,,GUI,UNKNOWN,,,INDIRECT,,UNVERIFIED,,,,
0x00536d10,,,FUN_00536d10,,GUI,UNKNOWN,,,INDIRECT,,UNVERIFIED,,,,
0x00536d50,,,FUN_00536d50,,GUI,UNKNOWN,,,INDIRECT,,UNVERIFIED,,,,
0x00536df0,,,FUN_00536df0,,,UNKNOWN,,,INDIRECT,,UNVERIFIED,,,,
0x00536f90,,,FUN_00536f90,,,PORTED_BEHAVIOURAL,crates/cm-domain/src/next_match.rs,,YES,SIMULATION_RELEVANT,UNVERIFIED,,,,
0x00537130,,,FUN_00537130,,GUI,UNKNOWN,,,INDIRECT,,UNVERIFIED,,,,
0x00537160,,,FUN_00537160,,UNKNOWN,UNKNOWN,,,INDIRECT,,UNVERIFIED,,,,
0x00537190,,,FUN_00537190,,GUI,UNKNOWN,,,INDIRECT,,UNVERIFIED,,,,
0x005371c0,,db_files.cpp,FUN_005371c0,,GUI,PORTED_BEHAVIOURAL,crates/cm-domain/src/typed_records.rs,,YES,SIMULATION_RELEVANT,UNVERIFIED,,,,
0x005372c0,,,FUN_005372c0,continent_record_serializer,records,REPLACED_BY_RUST,crates/cm-domain/src/typed_records.rs,ContinentView,YES,SIMULATION_RELEVANT,STRUCTURALLY_VERIFIED,rust:typed_records.rs,198B; name/adjective/federation verified; strength coeff probable,,
0x00537320,,db_files.cpp,FUN_00537320,,GUI,PORTED_BEHAVIOURAL,crates/cm-domain/src/typed_records.rs,,YES,SIMULATION_RELEVANT,UNVERIFIED,,,,
0x00537420,,,FUN_00537420,nation_record_serializer,records,REPLACED_BY_RUST,crates/cm-domain/src/typed_records.rs,NationView,YES,SIMULATION_RELEVANT,STRUCTURALLY_VERIFIED,memory:record-layouts-decoded.md,290B; continent +0x71 verified; selection flags +0x11c runtime-only,,
0x00537480,,db_files.cpp,FUN_00537480,city_record_serializer,records,REPLACED_BY_RUST,crates/cm-domain/src/typed_records.rs,CityView,YES,SIMULATION_RELEVANT,STRUCTURALLY_VERIFIED,rust:typed_records.rs,56B; lat/long verified (London 51.519/-0.102),,
0x00537580,,,FUN_00537580,,GUI,UNKNOWN,,,INDIRECT,,UNVERIFIED,,,,
0x005375e0,,db_files.cpp,FUN_005375e0,stadium_record_serializer,records,REPLACED_BY_RUST,crates/cm-domain/src/typed_records.rs,StadiumView,YES,SIMULATION_RELEVANT,STRUCTURALLY_VERIFIED,rust:typed_records.rs,78B; capacities verified (Old Trafford 67800/exp 100000),,
0x005376d0,,,FUN_005376d0,,GUI,UNKNOWN,,,INDIRECT,,UNVERIFIED,,,,
0x00537730,,db_files.cpp,FUN_00537730,,GUI,PORTED_BEHAVIOURAL,crates/cm-domain/src/typed_records.rs,,YES,SIMULATION_RELEVANT,UNVERIFIED,,,,
0x00537870,,,FUN_00537870,,GUI,PORTED_BEHAVIOURAL,crates/cm-domain/src/typed_records.rs;crates/cm-import/src/bin/regen_clubs.rs,,YES,SIMULATION_RELEVANT,UNVERIFIED,,,,
0x005381b0,,,FUN_005381b0,club_record_serializer,records,REPLACED_BY_RUST,crates/cm-domain/src/typed_records.rs,ClubView,YES,SIMULATION_RELEVANT,STRUCTURALLY_VERIFIED,memory:club-record-decoded.md,581B r/w replaced by view+serde; many offsets verified; +0x5b..+0x7b semantics-TBD so not EXACT,,
0x00538210,,db_files.cpp,FUN_00538210,,GUI,PORTED_BEHAVIOURAL,crates/cm-domain/src/typed_records.rs,,YES,SIMULATION_RELEVANT,UNVERIFIED,,,,
0x00538300,,,FUN_00538300,staff_type6_person_serializer,records,REPLACED_BY_RUST,crates/cm-domain/src/typed_records.rs,PlayerView,YES,SIMULATION_RELEVANT,STRUCTURALLY_VERIFIED,memory:editor-is-ground-truth.md,157B v1 disk unpacks to 110B runtime; player_data link +0x91(v1)/+0x61(v2),,
0x00538360,,db_files.cpp,FUN_00538360,,GUI,PORTED_BEHAVIOURAL,crates/cm-domain/src/typed_records.rs,,YES,SIMULATION_RELEVANT,UNVERIFIED,,,,
0x00538460,,db_files.cpp,FUN_00538460,,GUI,PORTED_BEHAVIOURAL,crates/cm-domain/src/typed_records.rs,,YES,SIMULATION_RELEVANT,UNVERIFIED,,,,
0x00538580,,,FUN_00538580,,GUI,UNKNOWN,,,INDIRECT,,UNVERIFIED,,,,
0x00538bb0,,,FUN_00538bb0,,GUI,UNKNOWN,,,INDIRECT,,UNVERIFIED,,,,
0x00538c10,,db_files.cpp,FUN_00538c10,,GUI,PORTED_BEHAVIOURAL,crates/cm-domain/src/typed_records.rs,,YES,SIMULATION_RELEVANT,UNVERIFIED,,,,
0x00538d30,,,FUN_00538d30,,GUI,UNKNOWN,,,INDIRECT,,UNVERIFIED,,,,
0x00539790,,,FUN_00539790,,GUI,UNKNOWN,,,INDIRECT,,UNVERIFIED,,,,
0x005397f0,,db_files.cpp,FUN_005397f0,,GUI,PORTED_BEHAVIOURAL,crates/cm-domain/src/typed_records.rs,,YES,SIMULATION_RELEVANT,UNVERIFIED,,,,
0x005398e0,,,FUN_005398e0,,GUI,UNKNOWN,,,INDIRECT,,UNVERIFIED,,,,
0x00539940,,db_files.cpp,FUN_00539940,staff_history_record_serializer,records,REPLACED_BY_RUST,crates/cm-domain/src/typed_records.rs,StaffHistoryView,YES,PLAYER_VISIBLE,STRUCTURALLY_VERIFIED,memory:club-history-screen.md,17B; apps(+0xf)/goals(+0x10) verified; +0x0a is CLUB id not comp,,
0x00539a30,,,FUN_00539a30,,GUI,PORTED_BEHAVIOURAL,crates/cm-domain/src/typed_records.rs,,YES,SIMULATION_RELEVANT,UNVERIFIED,,,,
0x00539a90,,db_files.cpp,FUN_00539a90,,GUI,PORTED_BEHAVIOURAL,crates/cm-domain/src/typed_records.rs,,YES,SIMULATION_RELEVANT,UNVERIFIED,,,,
0x00539bb0,,,FUN_00539bb0,competition_record_serializer,records,REPLACED_BY_RUST,crates/cm-domain/src/typed_records.rs,CompetitionView,YES,SIMULATION_RELEVANT,STRUCTURALLY_VERIFIED,rust:typed_records.rs,107B club_comp/nation_comp; reputation 0..20 verified,,
0x00539db0,,,FUN_00539db0,,GUI,UNKNOWN,,,INDIRECT,,UNVERIFIED,,,,
0x00539e10,,db_files.cpp,FUN_00539e10,comp_history_record_serializer,records,REPLACED_BY_RUST,crates/cm-domain/src/typed_records.rs,ClubCompHistoryView,YES,PLAYER_VISIBLE,STRUCTURALLY_VERIFIED,rust:typed_records.rs,26B; honours fields verified (row0 1889 Preston/Aston Villa),,
0x00539f00,,,FUN_00539f00,,GUI,PORTED_BEHAVIOURAL,crates/cm-domain/src/typed_records.rs,,YES,SIMULATION_RELEVANT,UNVERIFIED,,,,
0x00539f60,,db_files.cpp,FUN_00539f60,,GUI,PORTED_BEHAVIOURAL,crates/cm-domain/src/typed_records.rs,,YES,SIMULATION_RELEVANT,UNVERIFIED,,,,
0x0053a050,,,FUN_0053a050,,GUI,UNKNOWN,,,INDIRECT,,UNVERIFIED,,,,
0x0053a0b0,,db_files.cpp,FUN_0053a0b0,colour_record_serializer,records,REPLACED_BY_RUST,crates/cm-domain/src/typed_records.rs,ColourView,YES,PLAYER_VISIBLE,BEHAVIOURALLY_EXACT,rust:typed_records.rs,58B; RGB +0x37/38/39 verified via kit-draw consumer (Red1 E00000 White FFFFFF),,
0x0053a1a0,,,FUN_0053a1a0,,GUI,PORTED_BEHAVIOURAL,crates/cm-domain/src/typed_records.rs,,YES,SIMULATION_RELEVANT,UNVERIFIED,,,,
0x0053a200,,db_files.cpp,FUN_0053a200,official_record_serializer,records,REPLACED_BY_RUST,crates/cm-domain/src/typed_records.rs,OfficialView,YES,SIMULATION_RELEVANT,PARTIAL,rust:typed_records.rs,43B referee; 7 rating bytes at +0x24 unresolved,,
0x0053a2f0,,,FUN_0053a2f0,,GUI,UNKNOWN,,,INDIRECT,,UNVERIFIED,,,,
0x0053a350,,db_files.cpp,FUN_0053a350,,GUI,PORTED_BEHAVIOURAL,crates/cm-domain/src/typed_records.rs,,YES,SIMULATION_RELEVANT,UNVERIFIED,,,,
0x0053a440,,db_files.cpp,FUN_0053a440,,GUI,PORTED_BEHAVIOURAL,crates/cm-domain/src/typed_records.rs,,YES,SIMULATION_RELEVANT,UNVERIFIED,,,,
0x0053a530,,,FUN_0053a530,,GUI,UNKNOWN,,,INDIRECT,,UNVERIFIED,,,,
0x0053a590,,comp/cups/den_cup.cpp,FUN_0053a590,,GUI,UNKNOWN,,,INDIRECT,,UNVERIFIED,,,,
0x0053a760,,,FUN_0053a760,,UNKNOWN,UNKNOWN,,,INDIRECT,,UNVERIFIED,,,,
0x0053a780,,,FUN_0053a780,,UNKNOWN,UNKNOWN,,,INDIRECT,,UNVERIFIED,,,,
0x0053a850,,comp/cups/den_cup.cpp,FUN_0053a850,,GUI,UNKNOWN,,,INDIRECT,,UNVERIFIED,,,,
0x0053ae20,,comp/cups/den_cup.cpp,FUN_0053ae20,,GUI,UNKNOWN,,,INDIRECT,,UNVERIFIED,,,,
0x0053b290,,,FUN_0053b290,,UNKNOWN,UNKNOWN,,,INDIRECT,,UNVERIFIED,,,,
0x0053b2d0,,comp/leagues/den_first.cpp,FUN_0053b2d0,,GUI,UNKNOWN,,,INDIRECT,,UNVERIFIED,,,,
0x0053b4e0,,,FUN_0053b4e0,,UNKNOWN,UNKNOWN,,,INDIRECT,,UNVERIFIED,,,,
0x0053b500,,,FUN_0053b500,,GUI,UNKNOWN,,,INDIRECT,,UNVERIFIED,,,,
0x0053be70,,comp/leagues/den_first.cpp,FUN_0053be70,,GUI,UNKNOWN,,,INDIRECT,,UNVERIFIED,,,,
0x0053bf90,,,FUN_0053bf90,,UNKNOWN,UNKNOWN,,,INDIRECT,,UNVERIFIED,,,,
0x0053c1c0,,comp/leagues/den_prm.cpp,FUN_0053c1c0,,GUI,UNKNOWN,,,INDIRECT,,UNVERIFIED,,,,
0x0053c430,,,FUN_0053c430,,UNKNOWN,UNKNOWN,,,INDIRECT,,UNVERIFIED,,,,
0x0053c450,,,FUN_0053c450,,GUI,UNKNOWN,,,INDIRECT,,UNVERIFIED,,,,
0x0053d4b0,,comp/leagues/den_prm.cpp,FUN_0053d4b0,,GUI,UNKNOWN,,,INDIRECT,,UNVERIFIED,,,,
0x0053d5e0,,,FUN_0053d5e0,,UNKNOWN,UNKNOWN,,,INDIRECT,,UNVERIFIED,,,,
0x0053d890,,comp/leagues/den_prm.cpp,FUN_0053d890,,GUI,UNKNOWN,,,INDIRECT,,UNVERIFIED,,,,
0x0053da60,,comp/leagues/den_second.cpp,FUN_0053da60,,GUI,UNKNOWN,,,INDIRECT,,UNVERIFIED,,,,
0x0053dc70,,,FUN_0053dc70,,UNKNOWN,UNKNOWN,,,INDIRECT,,UNVERIFIED,,,,
0x0053dc90,,,FUN_0053dc90,,GUI,UNKNOWN,,,INDIRECT,,UNVERIFIED,,,,
0x0053e620,,comp/leagues/den_second.cpp,FUN_0053e620,,GUI,UNKNOWN,,,INDIRECT,,UNVERIFIED,,,,
0x0053e740,,,FUN_0053e740,,UNKNOWN,UNKNOWN,,,INDIRECT,,UNVERIFIED,,,,
0x0053e9a0,,,FUN_0053e9a0,,GUI,UNKNOWN,,,INDIRECT,,UNVERIFIED,,,,
0x0053ea30,,award/denmark_awards.cpp,FUN_0053ea30,,GUI,UNKNOWN,,,INDIRECT,,UNVERIFIED,,,,
0x0053f040,,,FUN_0053f040,,UNKNOWN,UNKNOWN,,,INDIRECT,,UNVERIFIED,,,,
0x0053f0a0,,discipline.cpp,FUN_0053f0a0,,RESOURCE,UNKNOWN,,,INDIRECT,,UNVERIFIED,,,,
0x0053f390,,,FUN_0053f390,,GUI,UNKNOWN,,,INDIRECT,,UNVERIFIED,,,,
0x0053f460,,discipline.cpp,FUN_0053f460,,GUI,UNKNOWN,,,INDIRECT,,UNVERIFIED,,,,
0x0053f9d0,,discipline.cpp,FUN_0053f9d0,,GUI,UNKNOWN,,,INDIRECT,,UNVERIFIED,,,,
0x0053fe10,,,FUN_0053fe10,,UNKNOWN,UNKNOWN,,,INDIRECT,,UNVERIFIED,,,,
0x0053fe40,,,FUN_0053fe40,background subsystem D,tick,NOT_YET_PORTED,crates/cm-domain/src/lib.rs,,NO,SIMULATION_RELEVANT,HYPOTHESIS,rust:crates/cm-domain/src/lib.rs,step 10b; named stub,,
0x0053fe70,,discipline.cpp,FUN_0053fe70,,GUI,UNKNOWN,,,INDIRECT,,UNVERIFIED,,,,
0x0053fff0,,discipline.cpp,FUN_0053fff0,,GUI,UNKNOWN,,,INDIRECT,,UNVERIFIED,,,,
0x00540170,,,FUN_00540170,,GUI,UNKNOWN,,,INDIRECT,,UNVERIFIED,,,,
0x005403d0,,,FUN_005403d0,,GUI,UNKNOWN,,,INDIRECT,,UNVERIFIED,,,,
0x00540430,,,FUN_00540430,,GUI,UNKNOWN,,,INDIRECT,,UNVERIFIED,,,,
0x00540540,,discipline.cpp,FUN_00540540,,GUI,UNKNOWN,,,INDIRECT,,UNVERIFIED,,,,
0x00540870,,,FUN_00540870,,UNKNOWN,UNKNOWN,,,INDIRECT,,UNVERIFIED,,,,
0x00540900,,discipline.cpp,FUN_00540900,,GUI,UNKNOWN,,,INDIRECT,,UNVERIFIED,,,,
0x00540a90,,,FUN_00540a90,,GUI,UNKNOWN,,,INDIRECT,,UNVERIFIED,,,,
0x00540c00,,,FUN_00540c00,,GUI,UNKNOWN,,,INDIRECT,,UNVERIFIED,,,,
0x00540d20,,,FUN_00540d20,,GUI,UNKNOWN,,,INDIRECT,,UNVERIFIED,,,,
0x00540e80,,,FUN_00540e80,,GUI,UNKNOWN,,,INDIRECT,,UNVERIFIED,,,,
0x005412e0,,,FUN_005412e0,,GUI,UNKNOWN,,,INDIRECT,,UNVERIFIED,,,,
0x005454b0,,,FUN_005454b0,,GUI,UNKNOWN,,,INDIRECT,,UNVERIFIED,,,,
0x00546600,,,FUN_00546600,,GUI,UNKNOWN,,,INDIRECT,,UNVERIFIED,,,,
0x005466e0,,,FUN_005466e0,,GUI,UNKNOWN,,,INDIRECT,,UNVERIFIED,,,,
0x00546720,,,FUN_00546720,,GUI,UNKNOWN,,,INDIRECT,,UNVERIFIED,,,,
0x00546760,,,FUN_00546760,,GUI,UNKNOWN,,,INDIRECT,,UNVERIFIED,,,,
0x005467c0,,,FUN_005467c0,,UNKNOWN,UNKNOWN,,,INDIRECT,,UNVERIFIED,,,,
0x00546820,,discipline.cpp,FUN_00546820,,GUI,UNKNOWN,,,INDIRECT,,UNVERIFIED,,,,
0x00546a40,,discipline.cpp,FUN_00546a40,ban_scope_adjective,view-model,PORTED_BEHAVIOURAL,crates/cm-domain/src/player_profile.rs,World::competition_scope_adjective,YES,PLAYER_VISIBLE,STRUCTURALLY_VERIFIED,rust:player_profile.rs,continental->European else owning-nation adjective,,
0x00546ca0,,discipline.cpp,FUN_00546ca0,,GUI,UNKNOWN,,,INDIRECT,,UNVERIFIED,,,,
0x00546e70,,,FUN_00546e70,,GUI,PORTED_BEHAVIOURAL,crates/cm-domain/src/typed_records.rs;crates/cm-import/src/bin/regen_clubs.rs,,YES,SIMULATION_RELEVANT,UNVERIFIED,,,,
0x00546f60,,,FUN_00546f60,,UNKNOWN,UNKNOWN,,,INDIRECT,,UNVERIFIED,,,,
0x00546fc0,,,FUN_00546fc0,,UNKNOWN,UNKNOWN,,,INDIRECT,,UNVERIFIED,,,,
0x00547020,,discipline.cpp,FUN_00547020,,GUI,UNKNOWN,,,INDIRECT,,UNVERIFIED,,,,
0x00547d20,,discipline.cpp,FUN_00547d20,,GUI,NOT_YET_PORTED,,,NO,SIMULATION_RELEVANT,UNVERIFIED,,,,
0x00547e50,,,FUN_00547e50,,GUI,UNKNOWN,,,INDIRECT,,UNVERIFIED,,,,
0x00548170,,,FUN_00548170,,GUI,PORTED_BEHAVIOURAL,crates/cm-domain/src/screen_batch14.rs;crates/cm-render/src/news_action_classify.rs,,YES,SIMULATION_RELEVANT,UNVERIFIED,,,,
0x00548560,,,,Please-Confirm dialog setup,screens,PORTED_BEHAVIOURAL,crates/cm-render/src/screens_auto.rs,build_screen_548560,INDIRECT,UI_RENDERING,STRUCTURALLY_VERIFIED,memory:screen-builders-ported.md,confirm dialog; not pixel-verified,,
0x005488f0,,,,empty screen builder,screens,PORTED_PARTIAL,crates/cm-render/src/screens_auto.rs,build_screen_5488f0,INDIRECT,UI_RENDERING,STRUCTURALLY_VERIFIED,memory:screen-builders-ported.md,0-widget stub,,
0x00548b40,,,FUN_00548b40,ScreenManager session sub-object ctor,screens,PORTED_BEHAVIOURAL,crates/cm-render/src/scrman.rs,SessionSubObject::new,INDIRECT,IMPLEMENTATION_ONLY,STRUCTURALLY_VERIFIED,rust:cm-render/scrman.rs,two inline sessions,,
0x00548bd0,,,FUN_00548bd0,,GUI,UNKNOWN,crates/cm-render/src/scrman.rs,,INDIRECT,,UNVERIFIED,,,,
0x00548d50,,,,,,PORTED_BEHAVIOURAL,crates/cm-render/src/scrman.rs,,YES,SIMULATION_RELEVANT,UNVERIFIED,,,,
0x00548db0,,display.cpp,FUN_00548db0,,GUI,UNKNOWN,,,INDIRECT,,UNVERIFIED,,,,
0x00548de0,,,,,,PORTED_BEHAVIOURAL,crates/cm-render/src/packed_widget.rs;crates/cm-render/src/packed_widget_globals.rs,,YES,SIMULATION_RELEVANT,UNVERIFIED,,,,
0x00548e60,,,FUN_00548e60,,UNKNOWN,UNKNOWN,,,INDIRECT,,UNVERIFIED,,,,
0x00548e80,,,FUN_00548e80,,UNKNOWN,UNKNOWN,,,INDIRECT,,UNVERIFIED,,,,
0x00548eb0,,,FUN_00548eb0,,GUI,UNKNOWN,,,INDIRECT,,UNVERIFIED,,,,
0x00548ef0,,,FUN_00548ef0,,GUI,PORTED_BEHAVIOURAL,crates/cm-render/src/scrman.rs,,YES,SIMULATION_RELEVANT,UNVERIFIED,,,,
0x00549210,,display.cpp,FUN_00549210,,GUI,PORTED_BEHAVIOURAL,crates/cm-render/src/scrman.rs,,YES,SIMULATION_RELEVANT,UNVERIFIED,,,,
0x005493b0,,,FUN_005493b0,,GUI,PORTED_BEHAVIOURAL,crates/cm-render/src/scrman.rs,,YES,SIMULATION_RELEVANT,UNVERIFIED,,,,
0x00549580,,display.cpp,FUN_00549580,widget spawner (18-arg registrar),widgets,PORTED_EXACT,crates/cm-render/src/widget_pool.rs,spawn_widget,YES,UI_RENDERING,STRUCTURALLY_VERIFIED,memory:gui-core-ported.md,cap 0x4AF; 241 cites in screens_auto,,
0x00549790,,,FUN_00549790,area spawner,widgets,PORTED_EXACT,crates/cm-render/src/widget_pool.rs,spawn_area,YES,UI_RENDERING,STRUCTURALLY_VERIFIED,memory:gui-core-ported.md,cap 0xF8 stride 0xBF1,,
0x00549d30,,,FUN_00549d30,,GUI,UNKNOWN,,,INDIRECT,,UNVERIFIED,,,,
0x00549dd0,,,FUN_00549dd0,,GUI,UNKNOWN,,,INDIRECT,,UNVERIFIED,,,,
0x00549e80,,,FUN_00549e80,,GUI,UNKNOWN,,,INDIRECT,,UNVERIFIED,,,,
0x00549f30,,,FUN_00549f30,,GUI,UNKNOWN,,,INDIRECT,,UNVERIFIED,,,,
0x00549fd0,,display.cpp,FUN_00549fd0,,GUI,PORTED_BEHAVIOURAL,crates/cm-render/src/widget_pool.rs,,YES,SIMULATION_RELEVANT,UNVERIFIED,,,,
0x0054a080,,,FUN_0054a080,,GUI,UNKNOWN,,,INDIRECT,,UNVERIFIED,,,,
0x0054a820,,,FUN_0054a820,,GUI,UNKNOWN,,,INDIRECT,,UNVERIFIED,,,,
0x0054ac30,,display.cpp,FUN_0054ac30,,GUI,UI_GDI_DOMAIN,,,NO,UI_RENDERING,UNVERIFIED,,,,
0x0054adf0,,,FUN_0054adf0,,GUI,UNKNOWN,,,INDIRECT,,UNVERIFIED,,,,
0x0054b3a0,,display.cpp,FUN_0054b3a0,,GUI,UNKNOWN,,,INDIRECT,,UNVERIFIED,,,,
0x0054baf0,,display.cpp,FUN_0054baf0,,GUI,UNKNOWN,,,INDIRECT,,UNVERIFIED,,,,
0x0054bdd0,,,FUN_0054bdd0,,UNKNOWN,UNKNOWN,,,INDIRECT,,UNVERIFIED,,,,
0x0054be80,,,FUN_0054be80,,,PORTED_BEHAVIOURAL,crates/cm-render/src/scrman.rs,,YES,SIMULATION_RELEVANT,UNVERIFIED,,,,
0x0054bf50,,display.cpp,FUN_0054bf50,,GUI,UNKNOWN,,,INDIRECT,,UNVERIFIED,,,,
0x0054dc60,,,FUN_0054dc60,,GUI,PORTED_BEHAVIOURAL,crates/cm-render/src/scrman.rs,,YES,SIMULATION_RELEVANT,UNVERIFIED,,,,
0x005516a0,,,FUN_005516a0,,UNKNOWN,UNKNOWN,,,INDIRECT,,UNVERIFIED,,,,
0x005516c0,,,FUN_005516c0,,UNKNOWN,UNKNOWN,,,INDIRECT,,UNVERIFIED,,,,
0x005516e0,,,FUN_005516e0,,UNKNOWN,UNKNOWN,,,INDIRECT,,UNVERIFIED,,,,
0x00551720,,,FUN_00551720,,GUI,UNKNOWN,,,INDIRECT,,UNVERIFIED,,,,
0x005517c0,,,FUN_005517c0,,GUI,UNKNOWN,,,INDIRECT,,UNVERIFIED,,,,
0x00551860,,,FUN_00551860,,GUI,UNKNOWN,,,INDIRECT,,UNVERIFIED,,,,
0x00551910,,,FUN_00551910,,GUI,UNKNOWN,,,INDIRECT,,UNVERIFIED,,,,
0x005519c0,,,FUN_005519c0,,GUI,UNKNOWN,,,INDIRECT,,UNVERIFIED,,,,
0x00551a70,,,FUN_00551a70,,GUI,UNKNOWN,,,INDIRECT,,UNVERIFIED,,,,
0x00551b20,,,FUN_00551b20,,GUI,UNKNOWN,,,INDIRECT,,UNVERIFIED,,,,
0x00551bd0,,,FUN_00551bd0,,GUI,UNKNOWN,,,INDIRECT,,UNVERIFIED,,,,
0x00551c90,,,FUN_00551c90,,UNKNOWN,UNKNOWN,,,INDIRECT,,UNVERIFIED,,,,
0x00551cc0,,,FUN_00551cc0,,SOUND,UNKNOWN,,,INDIRECT,,UNVERIFIED,,,,
0x00551e60,,display.cpp,FUN_00551e60,,GUI,UI_GDI_DOMAIN,,,NO,UI_RENDERING,UNVERIFIED,,,,
0x00552040,,display.cpp,FUN_00552040,,GUI,UNKNOWN,,,INDIRECT,,UNVERIFIED,,,,
0x00552130,,,FUN_00552130,,GUI,UNKNOWN,,,INDIRECT,,UNVERIFIED,,,,
0x00553070,,,FUN_00553070,,GUI,UNKNOWN,,,INDIRECT,,UNVERIFIED,,,,
0x00553110,,,FUN_00553110,,GUI,UNKNOWN,,,INDIRECT,,UNVERIFIED,,,,
0x005531e0,,,FUN_005531e0,,GUI,UNKNOWN,,,INDIRECT,,UNVERIFIED,,,,
0x005533b0,,,FUN_005533b0,,RESOURCE,UNKNOWN,,,INDIRECT,,UNVERIFIED,,,,
0x005534a0,,,FUN_005534a0,,GUI,UNKNOWN,,,INDIRECT,,UNVERIFIED,,,,
0x005534e0,,,FUN_005534e0,,GUI,UNKNOWN,,,INDIRECT,,UNVERIFIED,,,,
0x005536b0,,dispute.cpp,FUN_005536b0,,GUI,UNKNOWN,,,INDIRECT,,UNVERIFIED,,,,
0x00553a00,,,FUN_00553a00,,GUI,UNKNOWN,,,INDIRECT,,UNVERIFIED,,,,
0x00553aa0,,,FUN_00553aa0,manager-job lifecycle D,tick,NOT_YET_PORTED,crates/cm-domain/src/lib.rs,,NO,SIMULATION_RELEVANT,HYPOTHESIS,rust:crates/cm-domain/src/lib.rs,step 10i; named stub,,
0x00553c00,,,FUN_00553c00,,GUI,UNKNOWN,,,INDIRECT,,UNVERIFIED,,,,
0x00553c60,,,FUN_00553c60,,GUI,UNKNOWN,,,INDIRECT,,UNVERIFIED,,,,
0x00553cd0,,,FUN_00553cd0,,GUI,UNKNOWN,,,INDIRECT,,UNVERIFIED,,,,
0x00553f80,,,FUN_00553f80,,GUI,UNKNOWN,,,INDIRECT,,UNVERIFIED,,,,
0x00554130,,,FUN_00554130,,GUI,UNKNOWN,,,INDIRECT,,UNVERIFIED,,,,
0x00554600,,comp/cups/eng_auto_cup.cpp,FUN_00554600,,GUI,UNKNOWN,,,INDIRECT,,UNVERIFIED,,,,
0x00554870,,,FUN_00554870,,UNKNOWN,UNKNOWN,,,INDIRECT,,UNVERIFIED,,,,
0x00554890,,,FUN_00554890,,UNKNOWN,UNKNOWN,,,INDIRECT,,UNVERIFIED,,,,
0x005549b0,,comp/cups/eng_auto_cup.cpp,FUN_005549b0,English Vans/AWS Trophy main-draw date helper,cups,PORTED_PARTIAL,crates/cm-domain/src/lib.rs,,YES,SIMULATION_RELEVANT,STRUCTURALLY_VERIFIED,rust:crates/cm-domain/src/lib.rs,date-only lift,,
0x00554f90,,comp/cups/eng_auto_cup.cpp,FUN_00554f90,,GUI,UNKNOWN,,,INDIRECT,,UNVERIFIED,,,,
0x005552d0,,,FUN_005552d0,,UNKNOWN,UNKNOWN,,,INDIRECT,,UNVERIFIED,,,,
0x00555310,,comp/cups/eng_auto_cup.cpp,FUN_00555310,,GUI,UNKNOWN,,,INDIRECT,,UNVERIFIED,,,,
0x00555690,,comp/cups/eng_auto_cup.cpp,FUN_00555690,,GUI,UNKNOWN,,,INDIRECT,,UNVERIFIED,,,,
0x005558c0,,comp/cups/eng_auto_cup.cpp,FUN_005558c0,,GUI,UNKNOWN,,,INDIRECT,,UNVERIFIED,,,,
0x00555bf0,,comp/cups/eng_auto_cup.cpp,FUN_00555bf0,,GUI,UNKNOWN,,,INDIRECT,,UNVERIFIED,,,,
0x00555e80,,comp/cups/eng_cc_cup.cpp,FUN_00555e80,,GUI,UNKNOWN,,,INDIRECT,,UNVERIFIED,,,,
0x00556060,,,FUN_00556060,,UNKNOWN,UNKNOWN,,,INDIRECT,,UNVERIFIED,,,,
0x00556080,,,FUN_00556080,,UNKNOWN,UNKNOWN,,,INDIRECT,,UNVERIFIED,,,,
0x00556150,,comp/cups/eng_cc_cup.cpp,FUN_00556150,English League Cup round-date helper,cups,PORTED_PARTIAL,crates/cm-domain/src/lib.rs,,YES,SIMULATION_RELEVANT,STRUCTURALLY_VERIFIED,rust:crates/cm-domain/src/lib.rs,date-only lift,,
0x005568a0,,comp/cups/eng_cc_cup.cpp,FUN_005568a0,,GUI,UNKNOWN,,,INDIRECT,,UNVERIFIED,,,,
0x00556ec0,,,FUN_00556ec0,,UNKNOWN,UNKNOWN,,,INDIRECT,,UNVERIFIED,,,,
0x00556f90,,comp/cups/eng_charity.cpp,FUN_00556f90,,GUI,UNKNOWN,,,INDIRECT,,UNVERIFIED,,,,
0x00557160,,,FUN_00557160,,UNKNOWN,UNKNOWN,,,INDIRECT,,UNVERIFIED,,,,
0x00557180,,,FUN_00557180,,UNKNOWN,UNKNOWN,,,INDIRECT,,UNVERIFIED,,,,
0x00557250,,comp/cups/eng_charity.cpp,FUN_00557250,,GUI,UNKNOWN,,,INDIRECT,,UNVERIFIED,,,,
0x00557390,,comp/cups/eng_charity.cpp,FUN_00557390,,GUI,UNKNOWN,,,INDIRECT,,UNVERIFIED,,,,
0x00557770,,,FUN_00557770,,UNKNOWN,UNKNOWN,,,INDIRECT,,UNVERIFIED,,,,
0x005577a0,,comp/leagues/eng_conf.cpp,FUN_005577a0,,GUI,UNKNOWN,,,INDIRECT,,UNVERIFIED,,,,
0x00557970,0x00557c70,,,eng_conf_schedule,fixtures,PORTED_EXACT,crates/cm-domain/src/english_traditional.rs,ENGLISH_CONFERENCE_RUNTIME,YES,SIMULATION_RELEVANT,STATE_EXACT,memory:c11-2-fixture-subsystem-frozen.md,full production golden 0/462,,
0x005579c0,,,FUN_005579c0,,UNKNOWN,UNKNOWN,,,INDIRECT,,UNVERIFIED,,,,
0x005579e0,,,FUN_005579e0,,GUI,UNKNOWN,,,INDIRECT,,UNVERIFIED,,,,
0x005588f0,,,FUN_005588f0,,,UNKNOWN,,,INDIRECT,,UNVERIFIED,,,,
0x00558a20,,,FUN_00558a20,,UNKNOWN,UNKNOWN,,,INDIRECT,,UNVERIFIED,,,,
0x00558c80,,comp/cups/eng_fa_cup.cpp,FUN_00558c80,,GUI,UNKNOWN,,,INDIRECT,,UNVERIFIED,,,,
0x00558e70,,,FUN_00558e70,,UNKNOWN,UNKNOWN,,,INDIRECT,,UNVERIFIED,,,,
0x00558e90,,,FUN_00558e90,,UNKNOWN,UNKNOWN,,,INDIRECT,,UNVERIFIED,,,,
0x00558f60,,comp/cups/eng_fa_cup.cpp,FUN_00558f60,English FA Cup round-date helper,cups,PORTED_PARTIAL,crates/cm-domain/src/lib.rs,,YES,SIMULATION_RELEVANT,STRUCTURALLY_VERIFIED,rust:crates/cm-domain/src/lib.rs,KO round start dates decoded+hardcoded in new-game cup schedule; helper logic not ported,,
0x005596f0,,comp/cups/eng_fa_cup.cpp,FUN_005596f0,,GUI,UNKNOWN,,,INDIRECT,,UNVERIFIED,,,,
0x0055a7d0,,,FUN_0055a7d0,,GUI,UNKNOWN,,,INDIRECT,,UNVERIFIED,,,,
0x0055a8f0,,comp/cups/eng_fa_trophy.cpp,FUN_0055a8f0,,GUI,UNKNOWN,,,INDIRECT,,UNVERIFIED,,,,
0x0055aac0,,,FUN_0055aac0,,UNKNOWN,UNKNOWN,,,INDIRECT,,UNVERIFIED,,,,
0x0055aae0,,,FUN_0055aae0,,UNKNOWN,UNKNOWN,,,INDIRECT,,UNVERIFIED,,,,
0x0055abb0,,comp/cups/eng_fa_trophy.cpp,FUN_0055abb0,English FA Trophy round-date helper,cups,PORTED_PARTIAL,crates/cm-domain/src/lib.rs,,YES,SIMULATION_RELEVANT,STRUCTURALLY_VERIFIED,rust:crates/cm-domain/src/lib.rs,R0=8 Nov 2001; date-only lift,,
0x0055afa0,,comp/cups/eng_fa_trophy.cpp,FUN_0055afa0,,GUI,UNKNOWN,,,INDIRECT,,UNVERIFIED,,,,
0x0055b340,,comp/leagues/eng_first.cpp,FUN_0055b340,,GUI,UNKNOWN,,,INDIRECT,,UNVERIFIED,,,,
0x0055b540,0x0055b840,,,eng_first_schedule,fixtures,PORTED_EXACT,crates/cm-domain/src/english_traditional.rs,ENGLISH_FIRST_RUNTIME,YES,SIMULATION_RELEVANT,STATE_EXACT,memory:c11-2-fixture-subsystem-frozen.md,full production golden 0/552,,
0x0055b560,,,FUN_0055b560,,UNKNOWN,UNKNOWN,,,INDIRECT,,UNVERIFIED,,,,
0x0055b580,,,FUN_0055b580,,GUI,UNKNOWN,,,INDIRECT,,UNVERIFIED,,,,
0x0055c8b0,,comp/leagues/eng_first.cpp,FUN_0055c8b0,,GUI,UNKNOWN,,,INDIRECT,,UNVERIFIED,,,,
0x0055ca50,,,FUN_0055ca50,,UNKNOWN,UNKNOWN,,,INDIRECT,,UNVERIFIED,,,,
0x0055cd40,,comp/leagues/eng_first.cpp,FUN_0055cd40,,GUI,UNKNOWN,,,INDIRECT,,UNVERIFIED,,,,
0x0055ceb0,,,,,,PORTED_BEHAVIOURAL,crates/cm-domain/src/eng_second_fixtures.rs,,YES,SIMULATION_RELEVANT,UNVERIFIED,,,,
0x0055cf20,,comp/leagues/eng_prm.cpp,FUN_0055cf20,,GUI,UNKNOWN,,,INDIRECT,,UNVERIFIED,,,,
0x0055cf40,,,,english_playoff_builder,promotion,PORTED_PARTIAL,crates/cm-domain/src/eng_second_fixtures.rs,build_english_playoff,TEST_ONLY,SIMULATION_RELEVANT,STRUCTURALLY_VERIFIED,rust:eng_second_fixtures.rs,participant selection + subcomp init only; bracket driver 0x005026a0 NOT ported,,
0x0055d120,0x0055d400,,,eng_prem_schedule,fixtures,PORTED_EXACT,crates/cm-domain/src/english_traditional.rs,ENGLISH_PREMIER_RUNTIME,YES,SIMULATION_RELEVANT,STATE_EXACT,memory:c11-2-fixture-subsystem-frozen.md,full production golden 0/380,,
0x0055d150,,,FUN_0055d150,,UNKNOWN,UNKNOWN,,,INDIRECT,,UNVERIFIED,,,,
0x0055d170,,,FUN_0055d170,,GUI,UNKNOWN,,,INDIRECT,,UNVERIFIED,,,,
0x0055e5c0,,comp/leagues/eng_prm.cpp,FUN_0055e5c0,,GUI,UNKNOWN,,,INDIRECT,,UNVERIFIED,,,,
0x0055e710,,,FUN_0055e710,,UNKNOWN,UNKNOWN,,,INDIRECT,,UNVERIFIED,,,,
0x0055e7b0,0x0055e9b0,comp/leagues/eng_prm.cpp,,english_conference_dispatch,promotion,PORTED_PARTIAL,crates/cm-domain/src/eng_second_fixtures.rs,english_conference_dispatch,TEST_ONLY,SIMULATION_RELEVANT,STRUCTURALLY_VERIFIED,rust:eng_second_fixtures.rs,branch-dispatch subset; wrapper Ghidra-uncracked,,
0x0055e7c0,,,,,,PORTED_BEHAVIOURAL,crates/cm-domain/src/eng_second_fixtures.rs,,YES,SIMULATION_RELEVANT,UNVERIFIED,,,,
0x0055e9b0,,,,,,PORTED_BEHAVIOURAL,crates/cm-domain/src/eng_second_fixtures.rs,,YES,SIMULATION_RELEVANT,UNVERIFIED,,,,
0x0055ea00,0x0055ec00,comp/leagues/eng_prm.cpp,FUN_0055ea00,conference_fallback_promotion,promotion,PORTED_BEHAVIOURAL,crates/cm-domain/src/eng_second_fixtures.rs,conference_fallback_promotion,TEST_ONLY,SIMULATION_RELEVANT,STRUCTURALLY_VERIFIED,rust:eng_second_fixtures.rs,single-club fallback when Conference not selected; news template 2,,
0x0055ec00,,,,,,PORTED_BEHAVIOURAL,crates/cm-domain/src/eng_second_fixtures.rs,,YES,SIMULATION_RELEVANT,UNVERIFIED,,,,
0x0055ec40,0x0055ee40,comp/leagues/eng_prm.cpp,FUN_0055ec40,conference_feeder_swap,promotion,PORTED_BEHAVIOURAL,crates/cm-domain/src/eng_second_fixtures.rs,conference_feeder_swap,TEST_ONLY,SIMULATION_RELEVANT,STRUCTURALLY_VERIFIED,memory:english-pyramid-final-graph.md,only English tier-6 mutator; Conf<->Isthmian/Southern/Northern; promote top-3 feeders,,
0x0055ee40,,,,,,PORTED_BEHAVIOURAL,crates/cm-domain/src/eng_second_fixtures.rs,,YES,SIMULATION_RELEVANT,UNVERIFIED,,,,
0x0055ee90,0x0055f080,,FUN_0055ee90,english_pyramid_annual_rollover,promotion,PORTED_BEHAVIOURAL,crates/cm-domain/src/eng_second_fixtures.rs,english_pyramid_annual_rollover,TEST_ONLY,SIMULATION_RELEVANT,STRUCTURALLY_VERIFIED,memory:english-pyramid-final-graph.md,4x FUN_0066ea90 (Prem/First/Second/Third edges),,
0x0055f040,0x0055f240,comp/leagues/eng_second.cpp,FUN_0055f040,eng_second_ctor,fixtures,PORTED_BEHAVIOURAL,crates/cm-domain/src/english_traditional.rs,generate_english_traditional_league,YES,SIMULATION_RELEVANT,STATE_EXACT,memory:eng-second-ctor-identity-confirmed.md,production dispatch 0/552 vs captured GDI; ctor sets comp+0x50=9 calls driver 0x00668450,,
0x0055f080,,,,,,PORTED_BEHAVIOURAL,crates/cm-domain/src/eng_second_fixtures.rs;crates/cm-domain/src/year_end_statuses.rs,,YES,SIMULATION_RELEVANT,UNVERIFIED,,,,
0x0055f260,,,FUN_0055f260,,UNKNOWN,UNKNOWN,,,INDIRECT,,UNVERIFIED,,,,
0x0055f280,,,FUN_0055f280,,GUI,UNKNOWN,,,INDIRECT,,UNVERIFIED,,,,
0x0055f340,0x0055f540,comp/leagues/eng_second.cpp,,eng_second_schedule_getter,fixtures,PORTED_EXACT,crates/cm-domain/src/exe_date.rs,build_eng_second_schedule,YES,SIMULATION_RELEVANT,BYTE_EXACT,memory:fixtures-runtime-capture-findings.md,2990-byte round buffer + 46 dates byte-exact vs live GDI (vtable +0x3c),,
0x0055f540,,,,,,PORTED_BEHAVIOURAL,crates/cm-domain/src/exe_date.rs,,YES,SIMULATION_RELEVANT,UNVERIFIED,,,,
0x005601d0,,comp/leagues/eng_second.cpp,FUN_005601d0,,GUI,UNKNOWN,,,INDIRECT,,UNVERIFIED,,,,
0x00560320,,,FUN_00560320,,UNKNOWN,UNKNOWN,,,INDIRECT,,UNVERIFIED,,,,
0x005603d0,,,,,,PORTED_BEHAVIOURAL,crates/cm-domain/src/eng_second_fixtures.rs,,YES,SIMULATION_RELEVANT,UNVERIFIED,,,,
0x00560520,,,,,,PORTED_BEHAVIOURAL,crates/cm-domain/src/season_roll_scheduler.rs,,YES,SIMULATION_RELEVANT,UNVERIFIED,,,,
0x005605c0,,,,,,PORTED_BEHAVIOURAL,crates/cm-domain/src/lib.rs;crates/cm-domain/src/season_roll_scheduler.rs,,YES,SIMULATION_RELEVANT,UNVERIFIED,,,,
0x00560610,,comp/leagues/eng_second.cpp,FUN_00560610,,GUI,UNKNOWN,,,INDIRECT,,UNVERIFIED,,,,
0x00560780,,,,,,PORTED_BEHAVIOURAL,crates/cm-domain/src/eng_second_fixtures.rs,,YES,SIMULATION_RELEVANT,UNVERIFIED,,,,
0x00560810,,,,,,PORTED_BEHAVIOURAL,crates/cm-domain/src/eng_second_fixtures.rs,,YES,SIMULATION_RELEVANT,UNVERIFIED,,,,
0x00560b40,,comp/leagues/eng_third.cpp,FUN_00560b40,,GUI,UNKNOWN,,,INDIRECT,,UNVERIFIED,,,,
0x00560d40,0x00561050,,,eng_third_schedule,fixtures,PORTED_EXACT,crates/cm-domain/src/english_traditional.rs,ENGLISH_THIRD_RUNTIME,YES,SIMULATION_RELEVANT,STATE_EXACT,memory:c11-2-fixture-subsystem-frozen.md,full production golden 0/552,,
0x00560d70,,,FUN_00560d70,,UNKNOWN,UNKNOWN,,,INDIRECT,,UNVERIFIED,,,,
0x00560d90,,,FUN_00560d90,,GUI,UNKNOWN,,,INDIRECT,,UNVERIFIED,,,,
0x00561ce0,,comp/leagues/eng_third.cpp,FUN_00561ce0,,GUI,UNKNOWN,,,INDIRECT,,UNVERIFIED,,,,
0x00561e30,,,FUN_00561e30,,UNKNOWN,UNKNOWN,,,INDIRECT,,UNVERIFIED,,,,
0x00562130,,comp/leagues/eng_third.cpp,FUN_00562130,,GUI,UNKNOWN,,,INDIRECT,,UNVERIFIED,,,,
0x005622a0,,,,,,PORTED_BEHAVIOURAL,crates/cm-domain/src/eng_second_fixtures.rs,,YES,SIMULATION_RELEVANT,UNVERIFIED,,,,
0x00562330,,,,,,PORTED_BEHAVIOURAL,crates/cm-domain/src/eng_second_fixtures.rs,,YES,SIMULATION_RELEVANT,UNVERIFIED,,,,
0x00562440,,award/england_awards.cpp,FUN_00562440,,GUI,UNKNOWN,,,INDIRECT,,UNVERIFIED,,,,
0x00562580,,award/england_awards.cpp,FUN_00562580,english_award_pool_resolver,view-model,PORTED_PARTIAL,crates/cm-domain/src/player_profile.rs,World::resolve_award_text,YES,PLAYER_VISIBLE,PARTIAL,memory:deferred-awards-engine.md,English PFA/TotS ids byte-exact; other nations generic fallback,,
0x005637f0,,transfer/england_rules.cpp,FUN_005637f0,,GUI,UNKNOWN,,,INDIRECT,,UNVERIFIED,,,,
0x00563910,,,FUN_00563910,,UNKNOWN,UNKNOWN,,,INDIRECT,,UNVERIFIED,,,,
0x00563d30,,,FUN_00563d30,,UNKNOWN,UNKNOWN,,,INDIRECT,,UNVERIFIED,,,,
0x00563da0,,comp/eurocomp/eur_super_cup.cpp,FUN_00563da0,,GUI,UNKNOWN,,,INDIRECT,,UNVERIFIED,,,,
0x00563f70,,,FUN_00563f70,,UNKNOWN,UNKNOWN,,,INDIRECT,,UNVERIFIED,,,,
0x00563f90,,,FUN_00563f90,,UNKNOWN,UNKNOWN,,,INDIRECT,,UNVERIFIED,,,,
0x00564060,,comp/eurocomp/eur_super_cup.cpp,FUN_00564060,,GUI,UNKNOWN,,,INDIRECT,,UNVERIFIED,,,,
0x005641a0,,comp/eurocomp/eur_super_cup.cpp,FUN_005641a0,,GUI,UNKNOWN,,,INDIRECT,,UNVERIFIED,,,,
0x00564530,,comp/intercomp/euro_champ.cpp,FUN_00564530,,GUI,UNKNOWN,,,INDIRECT,,UNVERIFIED,,,,
0x00564750,,,FUN_00564750,,UNKNOWN,UNKNOWN,,,INDIRECT,,UNVERIFIED,,,,
0x00564770,,,FUN_00564770,,GUI,UNKNOWN,,,INDIRECT,,UNVERIFIED,,,,
0x005651d0,,comp/intercomp/euro_champ.cpp,FUN_005651d0,,GUI,UNKNOWN,,,INDIRECT,,UNVERIFIED,,,,
0x005652d0,,,FUN_005652d0,,UNKNOWN,UNKNOWN,,,INDIRECT,,UNVERIFIED,,,,
0x005653d0,,,FUN_005653d0,,UNKNOWN,UNKNOWN,,,INDIRECT,,UNVERIFIED,,,,
0x005655b0,,comp/intercomp/euro_champ.cpp,FUN_005655b0,,GUI,UNKNOWN,,,INDIRECT,,UNVERIFIED,,,,
0x005657e0,,comp/intercomp/euro_champ.cpp,FUN_005657e0,,GUI,UNKNOWN,,,INDIRECT,,UNVERIFIED,,,,
0x00565a20,,comp/intercomp/euro_champ.cpp,FUN_00565a20,,GUI,UNKNOWN,,,INDIRECT,,UNVERIFIED,,,,
0x00565dc0,,comp/intercomp/euro_champ.cpp,FUN_00565dc0,,GUI,UNKNOWN,,,INDIRECT,,UNVERIFIED,,,,
0x00565e70,,comp/intercomp/euro_champ.cpp,FUN_00565e70,,GUI,UNKNOWN,,,INDIRECT,,UNVERIFIED,,,,
0x00565fc0,,comp/intercomp/euro_champ.cpp,FUN_00565fc0,,GUI,UNKNOWN,,,INDIRECT,,UNVERIFIED,,,,
0x005663b0,,comp/intercomp/euro_champ.cpp,FUN_005663b0,,GUI,UNKNOWN,,,INDIRECT,,UNVERIFIED,,,,
0x00566a20,,,FUN_00566a20,,UNKNOWN,UNKNOWN,,,INDIRECT,,UNVERIFIED,,,,
0x00566ab0,,comp/intercomp/euro_champ_qual.cpp,FUN_00566ab0,,GUI,UNKNOWN,,,INDIRECT,,UNVERIFIED,,,,
0x00566d20,,,FUN_00566d20,,UNKNOWN,UNKNOWN,,,INDIRECT,,UNVERIFIED,,,,
0x00566d40,,,FUN_00566d40,,GUI,UNKNOWN,,,INDIRECT,,UNVERIFIED,,,,
0x00567680,,comp/intercomp/euro_champ_qual.cpp,FUN_00567680,,GUI,UNKNOWN,,,INDIRECT,,UNVERIFIED,,,,
0x00567760,,comp/intercomp/euro_champ_qual.cpp,FUN_00567760,,GUI,UNKNOWN,,,INDIRECT,,UNVERIFIED,,,,
0x00568490,,comp/intercomp/euro_champ_qual.cpp,FUN_00568490,,GUI,UNKNOWN,,,INDIRECT,,UNVERIFIED,,,,
0x005685a0,,,FUN_005685a0,,UNKNOWN,UNKNOWN,,,INDIRECT,,UNVERIFIED,,,,
0x005689c0,,comp/intercomp/euro_champ_qual.cpp,FUN_005689c0,,GUI,UNKNOWN,,,INDIRECT,,UNVERIFIED,,,,
0x00568c00,,comp/intercomp/euro_champ_qual.cpp,FUN_00568c00,,GUI,UNKNOWN,,,INDIRECT,,UNVERIFIED,,,,
0x005692b0,,comp/intercomp/euro_champ_qual.cpp,FUN_005692b0,,GUI,UNKNOWN,,,INDIRECT,,UNVERIFIED,,,,
0x005695d0,,,FUN_005695d0,,GUI,UNKNOWN,,,INDIRECT,,UNVERIFIED,,,,
0x005696c0,,comp/intercomp/euro_champ_qual.cpp,FUN_005696c0,,GUI,UNKNOWN,,,INDIRECT,,UNVERIFIED,,,,
0x00569a10,,comp/intercomp/euro_champ_qual.cpp,FUN_00569a10,,GUI,UNKNOWN,,,INDIRECT,,UNVERIFIED,,,,
0x00569cc0,,,FUN_00569cc0,,UNKNOWN,UNKNOWN,,,INDIRECT,,UNVERIFIED,,,,
0x00569cf0,,,FUN_00569cf0,,UNKNOWN,UNKNOWN,,,INDIRECT,,UNVERIFIED,,,,
0x0056a830,,,FUN_0056a830,,UNKNOWN,UNKNOWN,,,INDIRECT,,UNVERIFIED,,,,
0x0056a880,,comp/intercomp/euro_champ_qual.cpp,FUN_0056a880,,GUI,UNKNOWN,,,INDIRECT,,UNVERIFIED,,,,
0x0056cba0,,comp/intercomp/euro_champ_qual.cpp,FUN_0056cba0,,GUI,UNKNOWN,,,INDIRECT,,UNVERIFIED,,,,
0x0056cf30,,,FUN_0056cf30,,UNKNOWN,UNKNOWN,,,INDIRECT,,UNVERIFIED,,,,
0x0056cf70,,,FUN_0056cf70,,UNKNOWN,UNKNOWN,,,INDIRECT,,UNVERIFIED,,,,
0x0056d0b0,,,FUN_0056d0b0,,GUI,UNKNOWN,,,INDIRECT,,UNVERIFIED,,,,
0x0056d120,,award/european_awards.cpp,FUN_0056d120,,GUI,UNKNOWN,,,INDIRECT,,UNVERIFIED,,,,
0x0056d460,,comp/eurocomp/european_cup.cpp,FUN_0056d460,,GUI,UNKNOWN,,,INDIRECT,,UNVERIFIED,,,,
0x0056d670,,,FUN_0056d670,,UNKNOWN,UNKNOWN,,,INDIRECT,,UNVERIFIED,,,,
0x0056d690,,,FUN_0056d690,,UNKNOWN,UNKNOWN,,,INDIRECT,,UNVERIFIED,,,,
0x0056d8e0,,comp/eurocomp/european_cup.cpp,FUN_0056d8e0,,GUI,UNKNOWN,,,INDIRECT,,UNVERIFIED,,,,
0x0056e620,,comp/eurocomp/european_cup.cpp,FUN_0056e620,,GUI,UNKNOWN,,,INDIRECT,,UNVERIFIED,,,,
0x0056ec30,,comp/eurocomp/european_cup.cpp,FUN_0056ec30,,GUI,UNKNOWN,,,INDIRECT,,UNVERIFIED,,,,
0x0056ef20,,comp/eurocomp/european_cup.cpp,FUN_0056ef20,,GUI,UNKNOWN,,,INDIRECT,,UNVERIFIED,,,,
0x0056f740,,comp/eurocomp/european_cup.cpp,FUN_0056f740,,GUI,UNKNOWN,,,INDIRECT,,UNVERIFIED,,,,
0x0056ffc0,,comp/eurocomp/european_cup.cpp,FUN_0056ffc0,,GUI,UNKNOWN,,,INDIRECT,,UNVERIFIED,,,,
0x00570590,,comp/eurocomp/european_cup.cpp,FUN_00570590,,GUI,UNKNOWN,,,INDIRECT,,UNVERIFIED,,,,
0x00570eb0,,,FUN_00570eb0,,GUI,UNKNOWN,,,INDIRECT,,UNVERIFIED,,,,
0x00571000,,,FUN_00571000,,GUI,UNKNOWN,,,INDIRECT,,UNVERIFIED,,,,
0x00571290,,,FUN_00571290,,GUI,UNKNOWN,,,INDIRECT,,UNVERIFIED,,,,
0x00571490,,,FUN_00571490,,GUI,UNKNOWN,,,INDIRECT,,UNVERIFIED,,,,
0x005718f0,,,FUN_005718f0,,GUI,UNKNOWN,,,INDIRECT,,UNVERIFIED,,,,
0x00571b20,,,FUN_00571b20,,GUI,UNKNOWN,,,INDIRECT,,UNVERIFIED,,,,
0x00571f60,,,FUN_00571f60,,GUI,UNKNOWN,,,INDIRECT,,UNVERIFIED,,,,
0x00572080,,,FUN_00572080,,GUI,UNKNOWN,,,INDIRECT,,UNVERIFIED,,,,
0x00572250,,,FUN_00572250,,GUI,UNKNOWN,,,INDIRECT,,UNVERIFIED,,,,
0x00572360,,,FUN_00572360,,GUI,UNKNOWN,,,INDIRECT,,UNVERIFIED,,,,
0x00572530,,,FUN_00572530,,GUI,UNKNOWN,,,INDIRECT,,UNVERIFIED,,,,
0x00572670,,,FUN_00572670,,GUI,UNKNOWN,,,INDIRECT,,UNVERIFIED,,,,
0x00572960,,,FUN_00572960,,GUI,UNKNOWN,,,INDIRECT,,UNVERIFIED,,,,
0x00572b90,,,FUN_00572b90,,GUI,UNKNOWN,,,INDIRECT,,UNVERIFIED,,,,
0x00572f90,,,FUN_00572f90,,,UNKNOWN,,,INDIRECT,,UNVERIFIED,,,,
0x00573110,,,FUN_00573110,,GUI,UNKNOWN,,,INDIRECT,,UNVERIFIED,,,,
0x00573360,,,FUN_00573360,,GUI,UNKNOWN,,,INDIRECT,,UNVERIFIED,,,,
0x00573510,,,FUN_00573510,,GUI,UNKNOWN,,,INDIRECT,,UNVERIFIED,,,,
0x00573850,,,FUN_00573850,,GUI,UNKNOWN,,,INDIRECT,,UNVERIFIED,,,,
0x005739f0,,,FUN_005739f0,,GUI,UNKNOWN,,,INDIRECT,,UNVERIFIED,,,,
0x00573d00,,,FUN_00573d00,,GUI,UNKNOWN,,,INDIRECT,,UNVERIFIED,,,,
0x00573ea0,,,FUN_00573ea0,,GUI,UNKNOWN,,,INDIRECT,,UNVERIFIED,,,,
0x00574160,,,FUN_00574160,,GUI,UNKNOWN,,,INDIRECT,,UNVERIFIED,,,,
0x005742f0,,,FUN_005742f0,,GUI,UNKNOWN,,,INDIRECT,,UNVERIFIED,,,,
0x00574520,,,FUN_00574520,,GUI,UNKNOWN,,,INDIRECT,,UNVERIFIED,,,,
0x00574590,,,FUN_00574590,,GUI,UNKNOWN,,,INDIRECT,,UNVERIFIED,,,,
0x00574610,,,FUN_00574610,,GUI,UNKNOWN,,,INDIRECT,,UNVERIFIED,,,,
0x005746f0,,,FUN_005746f0,,GUI,UNKNOWN,,,INDIRECT,,UNVERIFIED,,,,
0x00574960,,,FUN_00574960,,GUI,PORTED_BEHAVIOURAL,crates/cm-domain/src/screen_batch15.rs;crates/cm-render/src/view_render.rs,,YES,SIMULATION_RELEVANT,UNVERIFIED,,,,
0x005749c0,,,FUN_005749c0,,GUI,UNKNOWN,,,INDIRECT,,UNVERIFIED,,,,
0x005750c0,,comp/intercomp/fifa_confed.cpp,FUN_005750c0,,GUI,UNKNOWN,,,INDIRECT,,UNVERIFIED,,,,
0x00575230,,,FUN_00575230,,UNKNOWN,UNKNOWN,,,INDIRECT,,UNVERIFIED,,,,
0x00575250,,,FUN_00575250,,GUI,UNKNOWN,,,INDIRECT,,UNVERIFIED,,,,
0x00575a60,,comp/intercomp/fifa_confed.cpp,FUN_00575a60,,GUI,UNKNOWN,,,INDIRECT,,UNVERIFIED,,,,
0x00575b60,,,FUN_00575b60,,UNKNOWN,UNKNOWN,,,INDIRECT,,UNVERIFIED,,,,
0x00575da0,,,FUN_00575da0,,UNKNOWN,UNKNOWN,,,INDIRECT,,UNVERIFIED,,,,
0x00575eb0,,comp/intercomp/fifa_confed.cpp,FUN_00575eb0,,GUI,UNKNOWN,,,INDIRECT,,UNVERIFIED,,,,
0x00576080,,comp/intercomp/fifa_confed.cpp,FUN_00576080,,GUI,UNKNOWN,,,INDIRECT,,UNVERIFIED,,,,
0x00576260,,comp/intercomp/fifa_confed.cpp,FUN_00576260,,GUI,UNKNOWN,,,INDIRECT,,UNVERIFIED,,,,
0x00576460,,comp/intercomp/fifa_confed.cpp,FUN_00576460,,GUI,UNKNOWN,,,INDIRECT,,UNVERIFIED,,,,
0x00576a60,,,FUN_00576a60,,GUI,UNKNOWN,,,INDIRECT,,UNVERIFIED,,,,
0x00576c50,,,FUN_00576c50,,GUI,UNKNOWN,,,INDIRECT,,UNVERIFIED,,,,
0x00576cd0,,,FUN_00576cd0,,UNKNOWN,UNKNOWN,,,INDIRECT,,UNVERIFIED,,,,
0x00576d20,,comp/fifa_rankings.cpp,FUN_00576d20,,GUI,UNKNOWN,,,INDIRECT,,UNVERIFIED,,,,
0x00577210,,,FUN_00577210,comp_fifa_monthly_maintenance,fifa-rankings,NOT_YET_PORTED,crates/cm-domain/src/fifa_rankings.rs,NationRanking::history,NO,SIMULATION_RELEVANT,PARTIAL,memory:fifa-rankings-mechanism.md,"monthly-18th expiry + annual history shift; state carried, evolution unported",,
0x005773c0,,comp/fifa_rankings.cpp,FUN_005773c0,comp_fifa_rank_array_build_sort,fifa-rankings,PORTED_BEHAVIOURAL,crates/cm-domain/src/fifa_rankings.rs,fifa_rankings::compute,YES,PLAYER_VISIBLE,STATE_EXACT,rust:fifa_rankings.rs,skips null-continent nations; 1-based after descending sort,,
0x005774c0,,,FUN_005774c0,,UNKNOWN,UNKNOWN,,,INDIRECT,,UNVERIFIED,,,,
0x00577550,,comp/fifa_rankings.cpp,FUN_00577550,,GUI,UNKNOWN,,,INDIRECT,,UNVERIFIED,,,,
0x00577890,,comp/fifa_rankings.cpp,FUN_00577890,,GUI,UNKNOWN,,,INDIRECT,,UNVERIFIED,,,,
0x00577b00,,comp/fifa_rankings.cpp,FUN_00577b00,comp_fifa_build_runtime_table,fifa-rankings,PORTED_EXACT,crates/cm-domain/src/fifa_rankings.rs,fifa_rankings::compute,YES,PLAYER_VISIBLE,BYTE_EXACT,memory:fifa-rankings-mechanism.md,points=coef/35; computed at new-game + year-rollover,,
0x00577c50,,,FUN_00577c50,,GUI,UNKNOWN,,,INDIRECT,,UNVERIFIED,,,,
0x00577d70,,,FUN_00577d70,comp_fifa_recompute_points,fifa-rankings,NOT_YET_PORTED,crates/cm-domain/src/fifa_rankings.rs,,NO,SIMULATION_RELEVANT,PARTIAL,memory:fifa-rankings-mechanism.md,annual recompute + re-rank; tick-side port outstanding,,
0x00577f40,,,FUN_00577f40,,UNKNOWN,UNKNOWN,,,INDIRECT,,UNVERIFIED,,,,
0x00577ff0,,,,comp_fifa_sort_comparator,fifa-rankings,PORTED_EXACT,crates/cm-domain/src/fifa_rankings.rs,fifa_rankings::compute,YES,SIMULATION_RELEVANT,BEHAVIOURALLY_EXACT,rust:fifa_rankings.rs,descending by points; tie keeps record order,,
0x00578030,,file_llist.cpp,FUN_00578030,,GUI,REPLACED_BY_RUST,,,INDIRECT,SIMULATION_RELEVANT,UNVERIFIED,,,,
0x005780e0,,file_llist.cpp,FUN_005780e0,,GUI,UNKNOWN,,,INDIRECT,,UNVERIFIED,,,,
0x00578750,,file_llist.cpp,FUN_00578750,,GUI,UNKNOWN,,,INDIRECT,,UNVERIFIED,,,,
0x00578eb0,,,FUN_00578eb0,,GUI,UNKNOWN,,,INDIRECT,,UNVERIFIED,,,,
0x00578ec0,,file_llist.cpp,FUN_00578ec0,,GUI,UNKNOWN,,,INDIRECT,,UNVERIFIED,,,,
0x005792a0,,file_screens.cpp,FUN_005792a0,,GUI,PORTED_BEHAVIOURAL,crates/cm-domain/src/screen_batch15.rs,,YES,SIMULATION_RELEVANT,UNVERIFIED,,,,
0x0057b9c0,,file_screens.cpp,FUN_0057b9c0,,GUI,PORTED_BEHAVIOURAL,crates/cm-domain/src/screen_batch15.rs;crates/cm-domain/src/screen_batch27.rs;crates/cm-render/src/dispatcher.rs;crates/cm-render/src/dispatcher_club_toolbar.rs,,YES,SIMULATION_RELEVANT,UNVERIFIED,,,,
0x0057bb30,,file_screens.cpp,FUN_0057bb30,,GUI,PORTED_BEHAVIOURAL,crates/cm-domain/src/screen_batch15.rs,,YES,SIMULATION_RELEVANT,UNVERIFIED,,,,
0x0057c1a0,,,FUN_0057c1a0,foreground-league set writer,save-load,REPLACED_BY_RUST,crates/cm-domain/src/lib.rs,RuntimeSaveGame::nation_tiers,YES,PERSISTENCE_RELEVANT,STRUCTURALLY_VERIFIED,memory/league-tier-model.md,selected/foreground bitfield -> nation_tiers 3-state,,
0x0057c470,,comp/cups/fin_cup.cpp,FUN_0057c470,,GUI,UNKNOWN,,,INDIRECT,,UNVERIFIED,,,,
0x0057c640,,,FUN_0057c640,,UNKNOWN,UNKNOWN,,,INDIRECT,,UNVERIFIED,,,,
0x0057c660,,,FUN_0057c660,,UNKNOWN,UNKNOWN,,,INDIRECT,,UNVERIFIED,,,,
0x0057c730,,comp/cups/fin_cup.cpp,FUN_0057c730,Finnish Cup round-date helper,cups,PORTED_PARTIAL,crates/cm-domain/src/lib.rs,,YES,SIMULATION_RELEVANT,STRUCTURALLY_VERIFIED,rust:crates/cm-domain/src/lib.rs,foreign cup; R0 date lifted,,
0x0057cc40,,comp/cups/fin_cup.cpp,FUN_0057cc40,,GUI,UNKNOWN,,,INDIRECT,,UNVERIFIED,,,,
0x0057d0c0,,comp/leagues/fin_first.cpp,FUN_0057d0c0,,GUI,UNKNOWN,,,INDIRECT,,UNVERIFIED,,,,
0x0057d2f0,,,FUN_0057d2f0,,UNKNOWN,UNKNOWN,,,INDIRECT,,UNVERIFIED,,,,
0x0057d310,,,FUN_0057d310,,GUI,UNKNOWN,,,INDIRECT,,UNVERIFIED,,,,
0x0057dc80,,comp/leagues/fin_first.cpp,FUN_0057dc80,,GUI,UNKNOWN,,,INDIRECT,,UNVERIFIED,,,,
0x0057dd90,,,FUN_0057dd90,,UNKNOWN,UNKNOWN,,,INDIRECT,,UNVERIFIED,,,,
0x0057e290,,comp/leagues/fin_first.cpp,FUN_0057e290,,GUI,UNKNOWN,,,INDIRECT,,UNVERIFIED,,,,
0x0057e820,,comp/leagues/fin_first.cpp,FUN_0057e820,,GUI,UNKNOWN,,,INDIRECT,,UNVERIFIED,,,,
0x0057eee0,,comp/leagues/fin_first.cpp,FUN_0057eee0,,GUI,UNKNOWN,,,INDIRECT,,UNVERIFIED,,,,
0x0057f200,,comp/leagues/fin_first.cpp,FUN_0057f200,,GUI,UNKNOWN,,,INDIRECT,,UNVERIFIED,,,,
0x0057f370,,comp/leagues/fin_prm.cpp,FUN_0057f370,,GUI,UNKNOWN,,,INDIRECT,,UNVERIFIED,,,,
0x0057f600,,,FUN_0057f600,,UNKNOWN,UNKNOWN,,,INDIRECT,,UNVERIFIED,,,,
0x0057f620,,,FUN_0057f620,,GUI,UNKNOWN,,,INDIRECT,,UNVERIFIED,,,,
0x0057fd70,,comp/leagues/fin_prm.cpp,FUN_0057fd70,,GUI,UNKNOWN,,,INDIRECT,,UNVERIFIED,,,,
0x0057fe90,,,FUN_0057fe90,,UNKNOWN,UNKNOWN,,,INDIRECT,,UNVERIFIED,,,,
0x00580100,,,FUN_00580100,,GUI,UNKNOWN,,,INDIRECT,,UNVERIFIED,,,,
0x00580250,,,FUN_00580250,,UNKNOWN,UNKNOWN,,,INDIRECT,,UNVERIFIED,,,,
0x005803d0,,finance.cpp,FUN_005803d0,initial club-finance seed,finance,PORTED_EXACT,crates/cm-domain/src/finance.rs,ClubFinance::seed_from;START_CASH,YES,PERSISTENCE_RELEVANT,STATE_EXACT,memory:finance-mechanisms-decoded.md,START_CASH byte-exact from VA 0x009b48e0 (16-entry); budget cascade simplified,,
0x00580a90,,,FUN_00580a90,player-rating wage-cap cascade,transfers,PORTED_PARTIAL,crates/cm-domain/src/transfer.rs,resolve_wage_cap,INDIRECT,SIMULATION_RELEVANT,STRUCTURALLY_VERIFIED,memory:transfer-deep-ports-done.md,most chunks ported w/ pefile .rdata consts; OPEN __ftol mult 483-484 + FUN_005ea590 gate,,
0x00581f70,,,FUN_00581f70,,,UNKNOWN,,,INDIRECT,,UNVERIFIED,,,,
0x00582500,,,FUN_00582500,,GUI,UNKNOWN,,,INDIRECT,,UNVERIFIED,,,,
0x00582530,,,FUN_00582530,,GUI,UNKNOWN,,,INDIRECT,,UNVERIFIED,,,,
0x00582870,,,FUN_00582870,finance-status classifier,finance,PORTED_EXACT,crates/cm-domain/src/finance.rs,ClubFinance::status;FinanceStatus::to_signed_byte,YES,SIMULATION_RELEVANT,STATE_EXACT,rust:finance.rs,5 thresholds verbatim -> signed byte -2..2,,
0x00582980,,,FUN_00582980,,UNKNOWN,UNKNOWN,,,INDIRECT,,UNVERIFIED,,,,
0x005829c0,,,FUN_005829c0,,GUI,PORTED_BEHAVIOURAL,crates/cm-domain/src/screen_batch13.rs,,YES,SIMULATION_RELEVANT,UNVERIFIED,,,,
0x005839c0,,,FUN_005839c0,,GUI,UNKNOWN,,,INDIRECT,,UNVERIFIED,,,,
0x00583a10,,,FUN_00583a10,,UNKNOWN,UNKNOWN,,,INDIRECT,,UNVERIFIED,,,,
0x00583a50,,,FUN_00583a50,,GUI,UNKNOWN,,,INDIRECT,,UNVERIFIED,,,,
0x00583aa0,,,FUN_00583aa0,,UNKNOWN,UNKNOWN,,,INDIRECT,,UNVERIFIED,,,,
0x00583ae0,,,FUN_00583ae0,,UNKNOWN,UNKNOWN,,,INDIRECT,,UNVERIFIED,,,,
0x00583b20,,,FUN_00583b20,,UNKNOWN,UNKNOWN,,,INDIRECT,,UNVERIFIED,,,,
0x00583b60,,,FUN_00583b60,,GUI,UNKNOWN,,,INDIRECT,,UNVERIFIED,,,,
0x00583be0,,,FUN_00583be0,,GUI,UNKNOWN,,,INDIRECT,,UNVERIFIED,,,,
0x00583fc0,0x00584150,,FUN_00583fc0,stadium-expansion transaction + chairman-overrun-gate (CONFLICT),stadium,PORTED_EXACT,crates/cm-domain/src/c14_stadium_expansion.rs;crates/cm-domain/src/finance.rs;crates/cm-domain/src/eng_second_fixtures.rs,apply_stadium_expansion;compute_expansion_cost;chairman_approves_overrun;stadium_meets_capacity_target,INDIRECT,SIMULATION_RELEVANT,STRUCTURALLY_VERIFIED,rust:c14_stadium_expansion.rs,SUPERSEDES stadium-expansion-deferred memory: c14 full 169-line port wired via c15 rollover. CONFLICT: finance.rs reads same VA+0x20 as chairman-generosity overrun gate vs c14 stadium owner-refuse-counter; c14 more authoritative; finance attribution suspect (HYPOTHESIS),,
0x00584150,,,,,,PORTED_BEHAVIOURAL,crates/cm-domain/src/eng_second_fixtures.rs,,YES,SIMULATION_RELEVANT,UNVERIFIED,,,,
0x00584530,,finance.cpp,FUN_00584530,,RESOURCE,PORTED_BEHAVIOURAL,crates/cm-domain/src/c15_1_world_apply.rs,,YES,SIMULATION_RELEVANT,UNVERIFIED,,,,
0x00584760,,,FUN_00584760,,GUI,UNKNOWN,,,INDIRECT,,UNVERIFIED,,,,
0x00584790,,finance.cpp,FUN_00584790,post-match gate receipts + TV/prize,finance,PORTED_PARTIAL,crates/cm-domain/src/finance.rs,FinanceBook::record_match_income,YES,SIMULATION_RELEVANT,PARTIAL,rust:finance.rs,gate uses REAL shipped attendance; ticket-price + TV/prize FPU switch Simplified,,
0x00585060,,,FUN_00585060,,,PORTED_BEHAVIOURAL,crates/cm-domain/src/finance.rs,,YES,SIMULATION_RELEVANT,UNVERIFIED,,,,
0x005853c0,,finance.cpp,FUN_005853c0,,GUI,NOT_YET_PORTED,,,NO,SIMULATION_RELEVANT,UNVERIFIED,,,,
0x005854d0,,finance.cpp,FUN_005854d0,,GUI,PORTED_BEHAVIOURAL,crates/cm-domain/src/c15_1_world_apply.rs,,YES,SIMULATION_RELEVANT,UNVERIFIED,,,,
0x005855e0,,finance.cpp,FUN_005855e0,,GUI,NOT_YET_PORTED,,,NO,SIMULATION_RELEVANT,UNVERIFIED,,,,
0x00585750,,,FUN_00585750,,UNKNOWN,UNKNOWN,,,INDIRECT,,UNVERIFIED,,,,
0x00585900,,,FUN_00585900,,GUI,UNKNOWN,,,INDIRECT,,UNVERIFIED,,,,
0x00585ae0,,,FUN_00585ae0,media/board mood pass B,tick,NOT_YET_PORTED,crates/cm-domain/src/lib.rs,,NO,SIMULATION_RELEVANT,HYPOTHESIS,rust:crates/cm-domain/src/lib.rs,step 10h; named stub,,
0x00586cf0,,finance.cpp,FUN_00586cf0,end-of-month rollover,finance,PORTED_BEHAVIOURAL,crates/cm-domain/src/finance.rs,FinanceBook::end_of_month,YES,SIMULATION_RELEVANT,BEHAVIOURALLY_EXACT,rust:finance.rs,clears ledgers + in-red counter; runs takeover+debt first; confidence deltas shape-verified,,
0x00586e70,,,FUN_00586e70,,UNKNOWN,UNKNOWN,,,INDIRECT,,UNVERIFIED,,,,
0x00586ec0,,finance.cpp,FUN_00586ec0,weekly finance tick (stadium-share GBP20M + wage cascade),finance,PORTED_BEHAVIOURAL,crates/cm-domain/src/finance.rs,FinanceBook::stadium_share_transfers;FinanceBook::pay_weekly_wages,YES,SIMULATION_RELEVANT,STATE_EXACT,memory:finance-mechanisms-decoded.md,stadium-share :56-114 STATE_EXACT; wage cascade :363-421 3 tiers BEHAVIOURAL (chairman-sat proxied),,
0x00587c40,,,FUN_00587c40,board debt payment (news case 4),finance,PORTED_EXACT,crates/cm-domain/src/finance.rs,FinanceBook::board_debt_payment,YES,SIMULATION_RELEVANT,STATE_EXACT,memory:finance-mechanisms-decoded.md,"per-status denoms {3,15} verified; amounts rep*450/rep*300; charisma gate TODO",,
0x00587f50,,,FUN_00587f50,chairman cash injection,finance,PORTED_EXACT,crates/cm-domain/src/finance.rs,chairman_cash_inject_cap,YES,SIMULATION_RELEVANT,STATE_EXACT,rust:finance.rs,date-gated rand(generosity x GBP1M); generosity floor 5; fires InTheRed/Admin,,
0x005884a0,,,FUN_005884a0,new-board takeover (news case 3),finance,PORTED_BEHAVIOURAL,crates/cm-domain/src/finance.rs,FinanceBook::takeover_check,YES,SIMULATION_RELEVANT,STATE_EXACT,memory:finance-mechanisms-decoded.md,no-chairman amount+prob byte-exact; chairman-branch amount formula TODO; exempt nations 92/128/207,,
0x00588840,,,FUN_00588840,silent-takeover trigger + chairman reroll,finance,PORTED_PARTIAL,crates/cm-domain/src/finance.rs,chairman_takeover_fires;reroll_chairman_stats,YES,SIMULATION_RELEVANT,STATE_EXACT,memory:finance-mechanisms-decoded.md,trigger+reroll ported; full debt-clear + news-case-2 broadcast DEFERRED (needs ChairmanBook),,
0x00588c70,,finance.cpp,FUN_00588c70,monthly board dispatch,finance,PORTED_BEHAVIOURAL,crates/cm-domain/src/finance.rs,FinanceBook::tick_month_board,YES,SIMULATION_RELEVANT,STATE_EXACT,rust:finance.rs,stepped patience decrement verified; confidence deltas approximated; sack threshold 0x33,,
0x00589200,,,FUN_00589200,,,UNKNOWN,,,INDIRECT,,UNVERIFIED,,,,
0x005892e0,,,FUN_005892e0,,GUI,UNKNOWN,,,INDIRECT,,UNVERIFIED,,,,
0x00589800,,,FUN_00589800,,,UNKNOWN,,,INDIRECT,,UNVERIFIED,,,,
0x005898c0,,,FUN_005898c0,,GUI,UNKNOWN,,,INDIRECT,,UNVERIFIED,,,,
0x005899e0,,,FUN_005899e0,,GUI,UNKNOWN,,,INDIRECT,,UNVERIFIED,,,,
0x00589a90,,,FUN_00589a90,,GUI,UNKNOWN,,,INDIRECT,,UNVERIFIED,,,,
0x00589b60,,,FUN_00589b60,,GUI,UNKNOWN,,,INDIRECT,,UNVERIFIED,,,,
0x00589bf0,,,FUN_00589bf0,,GUI,UNKNOWN,,,INDIRECT,,UNVERIFIED,,,,
0x00589d10,,,FUN_00589d10,,GUI,UNKNOWN,,,INDIRECT,,UNVERIFIED,,,,
0x00589db0,,,FUN_00589db0,,GUI,UNKNOWN,,,INDIRECT,,UNVERIFIED,,,,
0x00589eb0,,,FUN_00589eb0,,GUI,UNKNOWN,,,INDIRECT,,UNVERIFIED,,,,
0x00589f50,,,FUN_00589f50,,GUI,UNKNOWN,,,INDIRECT,,UNVERIFIED,,,,
0x0058a130,,,FUN_0058a130,,GUI,UNKNOWN,,,INDIRECT,,UNVERIFIED,,,,
0x0058a1f0,,,FUN_0058a1f0,,GUI,UNKNOWN,,,INDIRECT,,UNVERIFIED,,,,
0x0058a280,,,FUN_0058a280,,GUI,UNKNOWN,,,INDIRECT,,UNVERIFIED,,,,
0x0058a310,,,FUN_0058a310,stadium-expansion news broadcast (template 0x1780),stadium,PORTED_EXACT,crates/cm-domain/src/c14_stadium_expansion.rs,StadiumExpansionNews,INDIRECT,PLAYER_VISIBLE,STRUCTURALLY_VERIFIED,rust:c14_stadium_expansion.rs,template 0x1780 direct from decompile; mode byte verified,,
0x0058a3c0,,,FUN_0058a3c0,,GUI,UNKNOWN,,,INDIRECT,,UNVERIFIED,,,,
0x0058a490,,finance.cpp,FUN_0058a490,,GUI,PORTED_BEHAVIOURAL,crates/cm-domain/src/c15_1_world_apply.rs;crates/cm-domain/src/screen_batch25.rs,,YES,SIMULATION_RELEVANT,UNVERIFIED,,,,
0x0058a550,,find_screens.cpp,FUN_0058a550,,GUI,UNKNOWN,crates/cm-domain/src/screen_batch8.rs;crates/cm-domain/src/sidebar_dispatcher.rs;crates/cm-domain/tests/sidebar_dispatcher.rs;crates/cm-render/src/view_render.rs,,INDIRECT,,UNVERIFIED,,,,
0x0058a740,,find_screens.cpp,,Continent screen setup,screens,PORTED_BEHAVIOURAL,crates/cm-render/src/screens_auto.rs,build_screen_58a740,INDIRECT,PLAYER_VISIBLE,STRUCTURALLY_VERIFIED,memory:screen-builders-ported.md,not pixel-verified,,
0x0058af50,,,FUN_0058af50,,,UNKNOWN,,,INDIRECT,,UNVERIFIED,,,,
0x0058b410,,find_screens.cpp,FUN_0058b410,,GUI,UNKNOWN,,,INDIRECT,,UNVERIFIED,,,,
0x0058b9b0,,find_screens.cpp,FUN_0058b9b0,,GUI,UNKNOWN,,,INDIRECT,,UNVERIFIED,,,,
0x0058bec0,,find_screens.cpp,FUN_0058bec0,,GUI,UNKNOWN,,,INDIRECT,,UNVERIFIED,,,,
0x0058c370,,find_screens.cpp,FUN_0058c370,,GUI,UNKNOWN,,,INDIRECT,,UNVERIFIED,,,,
0x0058cce0,,,FUN_0058cce0,,GUI,UNKNOWN,,,INDIRECT,,UNVERIFIED,,,,
0x0058cde0,,,FUN_0058cde0,,GUI,UNKNOWN,crates/cm-domain/src/screen_batch8.rs;crates/cm-domain/src/sidebar_dispatcher.rs;crates/cm-render/src/view_render.rs,,INDIRECT,,UNVERIFIED,,,,
0x0058d000,,,,Nation screen setup,screens,PORTED_BEHAVIOURAL,crates/cm-render/src/screens_auto.rs,build_screen_58d000,INDIRECT,PLAYER_VISIBLE,STRUCTURALLY_VERIFIED,memory:screen-builders-ported.md,not pixel-verified,,
0x0058d2c0,,,FUN_0058d2c0,,GUI,PORTED_BEHAVIOURAL,crates/cm-domain/src/typed_records.rs,,YES,SIMULATION_RELEVANT,UNVERIFIED,,,,
0x0058d830,,,FUN_0058d830,,GUI,UNKNOWN,,,INDIRECT,,UNVERIFIED,,,,
0x0058de50,,,FUN_0058de50,,GUI,UNKNOWN,,,INDIRECT,,UNVERIFIED,,,,
0x0058e4d0,,,FUN_0058e4d0,,GUI,UNKNOWN,,,INDIRECT,,UNVERIFIED,,,,
0x0058eb30,,,FUN_0058eb30,,GUI,UNKNOWN,,,INDIRECT,,UNVERIFIED,,,,
0x0058eec0,,,FUN_0058eec0,,GUI,UNKNOWN,,,INDIRECT,,UNVERIFIED,,,,
0x0058f170,,,FUN_0058f170,,GUI,UNKNOWN,,,INDIRECT,,UNVERIFIED,,,,
0x0058f530,,,FUN_0058f530,,RESOURCE,UNKNOWN,,,INDIRECT,,UNVERIFIED,,,,
0x0058f690,,,FUN_0058f690,,GUI,UNKNOWN,,,INDIRECT,,UNVERIFIED,,,,
0x0058f6f0,,,FUN_0058f6f0,,GUI,UNKNOWN,,,INDIRECT,,UNVERIFIED,,,,
0x0058f930,,fine.cpp,FUN_0058f930,,GUI,UNKNOWN,,,INDIRECT,,UNVERIFIED,,,,
0x0058fd80,,,FUN_0058fd80,manager-job lifecycle E,tick,NOT_YET_PORTED,crates/cm-domain/src/lib.rs,,NO,SIMULATION_RELEVANT,HYPOTHESIS,rust:crates/cm-domain/src/lib.rs,step 10i; named stub,,
0x0058fe90,,,FUN_0058fe90,,UNKNOWN,UNKNOWN,,,INDIRECT,,UNVERIFIED,,,,
0x0058fec0,,,FUN_0058fec0,,UNKNOWN,UNKNOWN,,,INDIRECT,,UNVERIFIED,,,,
0x0058fee0,,,FUN_0058fee0,,GUI,UNKNOWN,,,INDIRECT,,UNVERIFIED,,,,
0x00590f10,,,FUN_00590f10,,GUI,UNKNOWN,,,INDIRECT,,UNVERIFIED,,,,
0x00591900,,,FUN_00591900,,GUI,UNKNOWN,,,INDIRECT,,UNVERIFIED,,,,
0x00591a10,,,FUN_00591a10,,GUI,UNKNOWN,,,INDIRECT,,UNVERIFIED,,,,
0x00591c40,,,FUN_00591c40,,GUI,UNKNOWN,,,INDIRECT,,UNVERIFIED,,,,
0x00592430,,,FUN_00592430,,GUI,UNKNOWN,,,INDIRECT,,UNVERIFIED,,,,
0x00592480,,,FUN_00592480,,GUI,UNKNOWN,,,INDIRECT,,UNVERIFIED,,,,
0x005925f0,,,FUN_005925f0,,GUI,UNKNOWN,,,INDIRECT,,UNVERIFIED,,,,
0x005928e0,,,FUN_005928e0,,GUI,PORTED_BEHAVIOURAL,crates/cm-domain/src/screen_batch15.rs,,YES,SIMULATION_RELEVANT,UNVERIFIED,,,,
0x00592940,,,FUN_00592940,,GUI,UNKNOWN,,,INDIRECT,,UNVERIFIED,,,,
0x00593620,,award/finland_awards.cpp,FUN_00593620,,GUI,UNKNOWN,,,INDIRECT,,UNVERIFIED,,,,
0x00593760,,award/finland_awards.cpp,FUN_00593760,,GUI,UNKNOWN,,,INDIRECT,,UNVERIFIED,,,,
0x00593fd0,,transfer/finland_rules.cpp,FUN_00593fd0,,GUI,UNKNOWN,,,INDIRECT,,UNVERIFIED,,,,
0x00594220,,,FUN_00594220,loan recall/send-back date gate,transfers,PORTED_EXACT,crates/cm-domain/src/transfer.rs,compute_earliest_recall,INDIRECT,SIMULATION_RELEVANT,STATE_EXACT,memory:transfer-deep-ports-done.md,18-Aug/15-Nov cutoffs verified via strings dump,,
0x00594370,,comp/fix_man.cpp,FUN_00594370,,RESOURCE,UNKNOWN,,,INDIRECT,,UNVERIFIED,,,,
0x00594750,,comp/fix_man.cpp,FUN_00594750,,GUI,NOT_YET_PORTED,,,NO,SIMULATION_RELEVANT,UNVERIFIED,,,,
0x00594950,,comp/fix_man.cpp,FUN_00594950,year-rollover tick hook,tick,PORTED_BEHAVIOURAL,crates/cm-domain/src/lib.rs,RuntimeSaveGame::hook_year_rollover,YES,SIMULATION_RELEVANT,STRUCTURALLY_VERIFIED,rust:crates/cm-domain/src/lib.rs,game.cpp step 1; marks FIFA dirty + resets discipline + fires awards; exe recompute is 0x005c01d0,,
0x00594d00,,comp/fix_man.cpp,FUN_00594d00,,GUI,PORTED_BEHAVIOURAL,crates/cm-app/src/main.rs,,YES,SIMULATION_RELEVANT,UNVERIFIED,,,,
0x005952f0,,,FUN_005952f0,,GUI,UNKNOWN,,,INDIRECT,,UNVERIFIED,,,,
0x00595580,,,FUN_00595580,fixture/news cleanup,tick,NOT_YET_PORTED,crates/cm-domain/src/lib.rs,,NO,SIMULATION_RELEVANT,HYPOTHESIS,rust:crates/cm-domain/src/lib.rs,step 10c; named stub,,
0x005958b0,,comp/fix_man.cpp,FUN_005958b0,,GUI,NOT_YET_PORTED,,,NO,SIMULATION_RELEVANT,UNVERIFIED,,,,
0x00595a40,,,FUN_00595a40,,GUI,UNKNOWN,,,INDIRECT,,UNVERIFIED,,,,
0x00595b90,,comp/fix_man.cpp,FUN_00595b90,,GUI,UNKNOWN,,,INDIRECT,,UNVERIFIED,,,,
0x00596190,,,FUN_00596190,,GUI,UNKNOWN,,,INDIRECT,,UNVERIFIED,,,,
0x005962b0,,comp/fix_man.cpp,FUN_005962b0,,GUI,PORTED_BEHAVIOURAL,crates/cm-app/src/main.rs,,YES,SIMULATION_RELEVANT,UNVERIFIED,,,,
0x00596410,,comp/fix_man.cpp,FUN_00596410,,GUI,NOT_YET_PORTED,,,NO,SIMULATION_RELEVANT,UNVERIFIED,,,,
0x00596590,,comp/fix_man.cpp,FUN_00596590,participant maintenance branch,competition,UNKNOWN,crates/cm-app/src/main.rs;crates/cm-domain/src/lib.rs,,NO,IMPLEMENTATION_ONLY,UNVERIFIED,rust:crates/cm-domain/src/lib.rs,lift-workbench reference,,
0x005966e0,,comp/fix_man.cpp,FUN_005966e0,,GUI,UNKNOWN,,,INDIRECT,,UNVERIFIED,,,,
0x00596a30,,comp/fix_man.cpp,FUN_00596a30,,GUI,UNKNOWN,,,INDIRECT,,UNVERIFIED,,,,
0x00596e20,,comp/fix_man.cpp,FUN_00596e20,,GUI,UNKNOWN,,,INDIRECT,,UNVERIFIED,,,,
0x00596fa0,,,FUN_00596fa0,contract date-window helper,transfers,UNKNOWN,crates/cm-app/src/main.rs;crates/cm-domain/src/lib.rs,,NO,IMPLEMENTATION_ONLY,UNVERIFIED,rust:crates/cm-domain/src/lib.rs,lift-workbench reference (uses 0x00536190 windows),,
0x00597260,,comp/fix_man.cpp,FUN_00597260,,GUI,PORTED_BEHAVIOURAL,crates/cm-app/src/main.rs,,YES,SIMULATION_RELEVANT,UNVERIFIED,,,,
0x00597560,,comp/fix_man.cpp,FUN_00597560,,GUI,UNKNOWN,,,INDIRECT,,UNVERIFIED,,,,
0x00597e00,,comp/fix_man.cpp,FUN_00597e00,,GUI,UNKNOWN,,,INDIRECT,,UNVERIFIED,,,,
0x00598220,,comp/fix_man.cpp,FUN_00598220,,GUI,UNKNOWN,,,INDIRECT,,UNVERIFIED,,,,
0x00598a00,,comp/fix_man.cpp,FUN_00598a00,,GUI,UNKNOWN,,,INDIRECT,,UNVERIFIED,,,,
0x00598d20,,,FUN_00598d20,,,PORTED_BEHAVIOURAL,crates/cm-app/src/main.rs;crates/cm-domain/src/match_engine_exe.rs,,YES,SIMULATION_RELEVANT,UNVERIFIED,,,,
0x00598d50,,comp/fix_man.cpp,FUN_00598d50,,GUI,UNKNOWN,,,INDIRECT,,UNVERIFIED,,,,
0x00598ef0,,,FUN_00598ef0,,GUI,UNKNOWN,,,INDIRECT,,UNVERIFIED,,,,
0x00599050,,,FUN_00599050,,GUI,UNKNOWN,,,INDIRECT,,UNVERIFIED,,,,
0x005994c0,,,FUN_005994c0,,UNKNOWN,UNKNOWN,,,INDIRECT,,UNVERIFIED,,,,
0x005994e0,,,FUN_005994e0,,UNKNOWN,UNKNOWN,,,INDIRECT,,UNVERIFIED,,,,
0x00599510,,comp/fix_man.cpp,FUN_00599510,,GUI,UNKNOWN,,,INDIRECT,,UNVERIFIED,,,,
0x005996c0,,comp/fix_man.cpp,FUN_005996c0,,GUI,UNKNOWN,,,INDIRECT,,UNVERIFIED,,,,
0x00599800,,comp/fix_man.cpp,FUN_00599800,,GUI,NOT_YET_PORTED,,,NO,SIMULATION_RELEVANT,UNVERIFIED,,,,
0x00599970,,,FUN_00599970,,UNKNOWN,UNKNOWN,,,INDIRECT,,UNVERIFIED,,,,
0x00599a10,,comp/fix_man.cpp,FUN_00599a10,,GUI,UNKNOWN,,,INDIRECT,,UNVERIFIED,,,,
0x00599b20,,comp/fix_man.cpp,FUN_00599b20,,GUI,UNKNOWN,,,INDIRECT,,UNVERIFIED,,,,
0x00599c30,,,FUN_00599c30,,GUI,UNKNOWN,,,INDIRECT,,UNVERIFIED,,,,
0x00599cb0,,,FUN_00599cb0,,UNKNOWN,UNKNOWN,,,INDIRECT,,UNVERIFIED,,,,
0x00599d20,,,FUN_00599d20,,UNKNOWN,UNKNOWN,,,INDIRECT,,UNVERIFIED,,,,
0x00599d60,,fog_of_war.cpp,FUN_00599d60,attribute-fog display filter,scouting,PORTED_PARTIAL,crates/cm-domain/src/scouting.rs,AttributeReveal;PlayerKnowledge::reveal,YES,PLAYER_VISIBLE,PARTIAL,rust:scouting.rs,display-only fog (human); per-attribute reveal linear interp,,
0x0059a150,,fog_of_war.cpp,FUN_0059a150,,GUI,UNKNOWN,,,INDIRECT,,UNVERIFIED,,,,
0x0059a360,,,FUN_0059a360,,UNKNOWN,UNKNOWN,,,INDIRECT,,UNVERIFIED,,,,
0x0059a380,,,FUN_0059a380,,UNKNOWN,UNKNOWN,,,INDIRECT,,UNVERIFIED,,,,
0x0059a3f0,,,FUN_0059a3f0,,GUI,UNKNOWN,,,INDIRECT,,UNVERIFIED,,,,
0x0059a460,,,FUN_0059a460,,GUI,UNKNOWN,,,INDIRECT,,UNVERIFIED,,,,
0x0059a480,,,FUN_0059a480,,GUI,UNKNOWN,,,INDIRECT,,UNVERIFIED,,,,
0x0059a580,,,FUN_0059a580,,GUI,UNKNOWN,,,INDIRECT,,UNVERIFIED,,,,
0x0059a690,,fog_of_war.cpp,FUN_0059a690,,GUI,UNKNOWN,,,INDIRECT,,UNVERIFIED,,,,
0x0059a7f0,,fog_of_war.cpp,FUN_0059a7f0,,GUI,UNKNOWN,,,INDIRECT,,UNVERIFIED,,,,
0x0059a8e0,,,FUN_0059a8e0,,UNKNOWN,UNKNOWN,,,INDIRECT,,UNVERIFIED,,,,
0x0059a970,,,FUN_0059a970,,GUI,UNKNOWN,,,INDIRECT,,UNVERIFIED,,,,
0x0059aa60,,,FUN_0059aa60,,UNKNOWN,UNKNOWN,,,INDIRECT,,UNVERIFIED,,,,
0x0059ad60,,,FUN_0059ad60,,UNKNOWN,UNKNOWN,,,INDIRECT,,UNVERIFIED,,,,
0x0059b050,,,FUN_0059b050,,GUI,UNKNOWN,,,INDIRECT,,UNVERIFIED,,,,
0x0059b1b0,,,FUN_0059b1b0,,UNKNOWN,UNKNOWN,,,INDIRECT,,UNVERIFIED,,,,
0x0059b1d0,,,FUN_0059b1d0,,GUI,UNKNOWN,,,INDIRECT,,UNVERIFIED,,,,
0x0059b3a0,,,FUN_0059b3a0,,UNKNOWN,UNKNOWN,,,INDIRECT,,UNVERIFIED,,,,
0x0059b550,,,,,,PORTED_BEHAVIOURAL,crates/cm-render/src/packed_glyph.rs;crates/cm-render/src/packed_widget_globals.rs,,YES,SIMULATION_RELEVANT,UNVERIFIED,,,,
0x0059bed0,,,FUN_0059bed0,,UNKNOWN,PORTED_BEHAVIOURAL,crates/cm-domain/src/ui_schema.rs;crates/cm-render/src/primitives.rs,,YES,SIMULATION_RELEVANT,UNVERIFIED,,,,
0x0059bf70,,,FUN_0059bf70,,UNKNOWN,UNKNOWN,,,INDIRECT,,UNVERIFIED,,,,
0x0059c030,,,FUN_0059c030,,UNKNOWN,UNKNOWN,,,INDIRECT,,UNVERIFIED,,,,
0x0059c1d0,,,FUN_0059c1d0,,UNKNOWN,UNKNOWN,,,INDIRECT,,UNVERIFIED,,,,
0x0059c570,,,FUN_0059c570,,UNKNOWN,UNKNOWN,,,INDIRECT,,UNVERIFIED,,,,
0x0059c630,,,FUN_0059c630,,UNKNOWN,UNKNOWN,,,INDIRECT,,UNVERIFIED,,,,
0x0059c640,,,FUN_0059c640,,UNKNOWN,UNKNOWN,,,INDIRECT,,UNVERIFIED,,,,
0x0059c6b0,,,FUN_0059c6b0,,UNKNOWN,UNKNOWN,,,INDIRECT,,UNVERIFIED,,,,
0x0059c6e0,,,FUN_0059c6e0,,UNKNOWN,UNKNOWN,,,INDIRECT,,UNVERIFIED,,,,
0x0059c750,,,FUN_0059c750,,GUI,UNKNOWN,,,INDIRECT,,UNVERIFIED,,,,
0x0059c840,,,FUN_0059c840,,GUI,UNKNOWN,,,INDIRECT,,UNVERIFIED,,,,
0x0059cad0,,,FUN_0059cad0,,GUI,UNKNOWN,,,INDIRECT,,UNVERIFIED,,,,
0x0059cc40,,formation.cpp,FUN_0059cc40,,GUI,NOT_YET_PORTED,,,NO,SIMULATION_RELEVANT,UNVERIFIED,,,,
0x0059cdf0,,formation.cpp,FUN_0059cdf0,,GUI,PORTED_BEHAVIOURAL,crates/cm-app/src/main.rs,,YES,SIMULATION_RELEVANT,UNVERIFIED,,,,
0x0059ceb0,,formation.cpp,FUN_0059ceb0,,GUI,PORTED_BEHAVIOURAL,crates/cm-domain/src/tactic_dispatcher.rs,,YES,SIMULATION_RELEVANT,UNVERIFIED,,,,
0x0059d190,,,FUN_0059d190,,GUI,UNKNOWN,,,INDIRECT,,UNVERIFIED,,,,
0x0059d220,,,FUN_0059d220,,UNKNOWN,UNKNOWN,,,INDIRECT,,UNVERIFIED,,,,
0x0059d240,,formation.cpp,FUN_0059d240,,GUI,PORTED_BEHAVIOURAL,crates/cm-domain/src/tactic_dispatcher.rs,,YES,SIMULATION_RELEVANT,UNVERIFIED,,,,
0x0059d4c0,,formation.cpp,FUN_0059d4c0,,GUI,NOT_YET_PORTED,,,NO,SIMULATION_RELEVANT,UNVERIFIED,,,,
0x0059d580,,,FUN_0059d580,,,UNKNOWN,,,INDIRECT,,UNVERIFIED,,,,
0x0059d770,,formation.cpp,FUN_0059d770,,GUI,UNKNOWN,,,INDIRECT,,UNVERIFIED,,,,
0x0059d870,,formation.cpp,FUN_0059d870,per-slot player-instruction setter,tactics,PORTED_PARTIAL,crates/cm-domain/src/tactic_file.rs,TacticSlot,YES,SIMULATION_RELEVANT,PARTIAL,memory:tactics-port-status.md,gap #5 96B slot body; per-field u16 index TBD,,
0x0059df80,,formation.cpp,FUN_0059df80,,GUI,UNKNOWN,,,INDIRECT,,UNVERIFIED,,,,
0x0059e0f0,,formation.cpp,FUN_0059e0f0,,GUI,UNKNOWN,,,INDIRECT,,UNVERIFIED,,,,
0x0059e2a0,,formation.cpp,FUN_0059e2a0,,GUI,PORTED_BEHAVIOURAL,crates/cm-domain/src/tactic_dispatcher.rs,,YES,SIMULATION_RELEVANT,UNVERIFIED,,,,
0x0059e430,,formation.cpp,FUN_0059e430,,GUI,UNKNOWN,,,INDIRECT,,UNVERIFIED,,,,
0x0059e5b0,,formation.cpp,FUN_0059e5b0,,GUI,PORTED_BEHAVIOURAL,crates/cm-domain/src/tactic_dispatcher.rs,,YES,SIMULATION_RELEVANT,UNVERIFIED,,,,
0x0059e720,,formation.cpp,FUN_0059e720,,GUI,UNKNOWN,,,INDIRECT,,UNVERIFIED,,,,
0x0059e8c0,,formation.cpp,FUN_0059e8c0,,GUI,UNKNOWN,,,INDIRECT,,UNVERIFIED,,,,
0x0059eab0,,formation.cpp,FUN_0059eab0,,GUI,PORTED_BEHAVIOURAL,crates/cm-domain/src/tactic_dispatcher.rs,,YES,SIMULATION_RELEVANT,UNVERIFIED,,,,
0x0059ed70,,formation.cpp,FUN_0059ed70,,GUI,UNKNOWN,,,INDIRECT,,UNVERIFIED,,,,
0x0059ee80,,formation.cpp,FUN_0059ee80,,GUI,UNKNOWN,,,INDIRECT,,UNVERIFIED,,,,
0x0059f1f0,,formation.cpp,FUN_0059f1f0,,GUI,UNKNOWN,,,INDIRECT,,UNVERIFIED,,,,
0x0059f3e0,,formation.cpp,FUN_0059f3e0,,GUI,PORTED_BEHAVIOURAL,crates/cm-domain/src/tactic_file.rs,,YES,SIMULATION_RELEVANT,UNVERIFIED,,,,
0x0059f580,,,FUN_0059f580,,,UNKNOWN,,,INDIRECT,,UNVERIFIED,,,,
0x0059f5a0,,formation.cpp,FUN_0059f5a0,,GUI,PORTED_BEHAVIOURAL,crates/cm-domain/src/tactic_dispatcher.rs,,YES,SIMULATION_RELEVANT,UNVERIFIED,,,,
0x0059fad0,,,FUN_0059fad0,,GUI,UNKNOWN,,,INDIRECT,,UNVERIFIED,,,,
0x0059fae0,,formation.cpp,FUN_0059fae0,,GUI,PORTED_BEHAVIOURAL,crates/cm-domain/src/tactic_dispatcher.rs,,YES,SIMULATION_RELEVANT,UNVERIFIED,,,,
0x0059fbf0,,,FUN_0059fbf0,,GUI,UNKNOWN,,,INDIRECT,,UNVERIFIED,,,,
0x0059fc20,,,FUN_0059fc20,,GUI,UNKNOWN,,,INDIRECT,,UNVERIFIED,,,,
0x0059fc70,,,FUN_0059fc70,,UNKNOWN,UNKNOWN,,,INDIRECT,,UNVERIFIED,,,,
0x0059fcb0,,,FUN_0059fcb0,,GUI,UNKNOWN,,,INDIRECT,,UNVERIFIED,,,,
0x0059fd70,,,FUN_0059fd70,,UNKNOWN,UNKNOWN,,,INDIRECT,,UNVERIFIED,,,,
0x005a0020,,formation.cpp,FUN_005a0020,,GUI,UNKNOWN,,,INDIRECT,,UNVERIFIED,,,,
0x005a0c10,,formation.cpp,FUN_005a0c10,,GUI,PORTED_BEHAVIOURAL,crates/cm-domain/src/tactic_dispatcher.rs,,YES,SIMULATION_RELEVANT,UNVERIFIED,,,,
0x005a1470,,,FUN_005a1470,global team-settings setters,tactics,PORTED_PARTIAL,crates/cm-domain/src/tactic_file.rs,TeamSettings,YES,SIMULATION_RELEVANT,PARTIAL,memory:tactics-port-status.md,gap #4 mentality bits done; 10 switches bitmap TBD,,
0x005a16b0,,formation.cpp,FUN_005a16b0,,GUI,PORTED_BEHAVIOURAL,crates/cm-domain/src/formation.rs,,YES,SIMULATION_RELEVANT,UNVERIFIED,,,,
0x005a1890,,formation.cpp,FUN_005a1890,,GUI,PORTED_BEHAVIOURAL,crates/cm-domain/src/player_profile.rs,,YES,SIMULATION_RELEVANT,UNVERIFIED,,,,
0x005a1b20,,formation.cpp,FUN_005a1b20,,GUI,UNKNOWN,,,INDIRECT,,UNVERIFIED,,,,
0x005a1dc0,,formation.cpp,FUN_005a1dc0,,GUI,UNKNOWN,,,INDIRECT,,UNVERIFIED,,,,
0x005a2030,,formation.cpp,FUN_005a2030,position eligibility-bits decoder,view-model,PORTED_EXACT,crates/cm-domain/src/lib.rs,PlayerView::position_eligibility_bits,YES,PLAYER_VISIBLE,STRUCTURALLY_VERIFIED,rust:crates/cm-domain/src/lib.rs,live x64dbg-verified vs FUN_00488f70 squad filter; sliding threshold 15->9 over +0xf..+0x1a; bits 0x1..0x800; NO stored position field,,
0x005a2170,,formation.cpp,FUN_005a2170,,GUI,UNKNOWN,,,INDIRECT,,UNVERIFIED,,,,
0x005a2910,,formation.cpp,FUN_005a2910,,GUI,PORTED_BEHAVIOURAL,crates/cm-domain/src/screen_batch22.rs,,YES,SIMULATION_RELEVANT,UNVERIFIED,,,,
0x005a2c70,,formation.cpp,FUN_005a2c70,formation primary mask classifier,match-engine,OUT_OF_SCOPE,crates/cm-domain/src/match_engine_exe.rs,,NO,SIMULATION_RELEVANT,PARTIAL,memory:match-engine-gap-audit.md,token model uses aggregate zone bits; frontier only lib.rs:23234,,
0x005a30d0,,formation.cpp,FUN_005a30d0,,GUI,UNKNOWN,,,INDIRECT,,UNVERIFIED,,,,
0x005a34d0,,comp/leagues/fra_cfa.cpp,FUN_005a34d0,,GUI,UNKNOWN,,,INDIRECT,,UNVERIFIED,,,,
0x005a3730,,,FUN_005a3730,,UNKNOWN,UNKNOWN,,,INDIRECT,,UNVERIFIED,,,,
0x005a3750,,,FUN_005a3750,,UNKNOWN,UNKNOWN,,,INDIRECT,,UNVERIFIED,,,,
0x005a4290,,comp/leagues/fra_cfa.cpp,FUN_005a4290,,GUI,UNKNOWN,,,INDIRECT,,UNVERIFIED,,,,
0x005a4390,,comp/cups/fra_cup.cpp,FUN_005a4390,,GUI,UNKNOWN,,,INDIRECT,,UNVERIFIED,,,,
0x005a4560,,,FUN_005a4560,,UNKNOWN,UNKNOWN,,,INDIRECT,,UNVERIFIED,,,,
0x005a4580,,,FUN_005a4580,,UNKNOWN,UNKNOWN,,,INDIRECT,,UNVERIFIED,,,,
0x005a4650,,comp/cups/fra_cup.cpp,FUN_005a4650,French Cup round-date helper,cups,PORTED_PARTIAL,crates/cm-domain/src/lib.rs,,YES,SIMULATION_RELEVANT,STRUCTURALLY_VERIFIED,rust:crates/cm-domain/src/lib.rs,foreign cup; date-only lift,,
0x005a4cb0,,comp/cups/fra_cup.cpp,FUN_005a4cb0,,GUI,UNKNOWN,,,INDIRECT,,UNVERIFIED,,,,
0x005a5390,,comp/leagues/fra_first.cpp,FUN_005a5390,,GUI,UNKNOWN,,,INDIRECT,,UNVERIFIED,,,,
0x005a5770,,,FUN_005a5770,,UNKNOWN,UNKNOWN,,,INDIRECT,,UNVERIFIED,,,,
0x005a5790,,,FUN_005a5790,,UNKNOWN,UNKNOWN,,,INDIRECT,,UNVERIFIED,,,,
0x005a57d0,,,FUN_005a57d0,,UNKNOWN,UNKNOWN,,,INDIRECT,,UNVERIFIED,,,,
0x005a57f0,,,FUN_005a57f0,,UNKNOWN,UNKNOWN,,,INDIRECT,,UNVERIFIED,,,,
0x005a5800,,,FUN_005a5800,,UNKNOWN,UNKNOWN,,,INDIRECT,,UNVERIFIED,,,,
0x005a5820,,,FUN_005a5820,,GUI,UNKNOWN,,,INDIRECT,,UNVERIFIED,,,,
0x005a64f0,,comp/leagues/fra_first.cpp,FUN_005a64f0,,GUI,UNKNOWN,,,INDIRECT,,UNVERIFIED,,,,
0x005a6650,,,FUN_005a6650,,UNKNOWN,UNKNOWN,,,INDIRECT,,UNVERIFIED,,,,
0x005a69c0,,comp/leagues/fra_first.cpp,FUN_005a69c0,,GUI,UNKNOWN,,,INDIRECT,,UNVERIFIED,,,,
0x005a6bc0,,comp/cups/fra_lge_cup.cpp,FUN_005a6bc0,,GUI,UNKNOWN,,,INDIRECT,,UNVERIFIED,,,,
0x005a6d90,,,FUN_005a6d90,,UNKNOWN,UNKNOWN,,,INDIRECT,,UNVERIFIED,,,,
0x005a6db0,,,FUN_005a6db0,,UNKNOWN,UNKNOWN,,,INDIRECT,,UNVERIFIED,,,,
0x005a6e80,,comp/cups/fra_lge_cup.cpp,FUN_005a6e80,French League Cup round-date helper,cups,PORTED_PARTIAL,crates/cm-domain/src/lib.rs,,YES,SIMULATION_RELEVANT,STRUCTURALLY_VERIFIED,rust:crates/cm-domain/src/lib.rs,foreign cup; date-only lift,,
0x005a73a0,,comp/cups/fra_lge_cup.cpp,FUN_005a73a0,,GUI,UNKNOWN,,,INDIRECT,,UNVERIFIED,,,,
0x005a7810,,,FUN_005a7810,,UNKNOWN,UNKNOWN,,,INDIRECT,,UNVERIFIED,,,,
0x005a7840,,comp/leagues/fra_lower.cpp,FUN_005a7840,,GUI,UNKNOWN,,,INDIRECT,,UNVERIFIED,,,,
0x005a7a90,,,FUN_005a7a90,,UNKNOWN,UNKNOWN,,,INDIRECT,,UNVERIFIED,,,,
0x005a7ab0,,,FUN_005a7ab0,,UNKNOWN,UNKNOWN,,,INDIRECT,,UNVERIFIED,,,,
0x005a8470,,comp/leagues/fra_lower.cpp,FUN_005a8470,,GUI,UNKNOWN,,,INDIRECT,,UNVERIFIED,,,,
0x005a8570,,,FUN_005a8570,,UNKNOWN,UNKNOWN,,,INDIRECT,,UNVERIFIED,,,,
0x005a8600,,comp/leagues/fra_second.cpp,FUN_005a8600,,GUI,UNKNOWN,,,INDIRECT,,UNVERIFIED,,,,
0x005a8810,,,FUN_005a8810,,UNKNOWN,UNKNOWN,,,INDIRECT,,UNVERIFIED,,,,
0x005a8830,,,FUN_005a8830,,GUI,UNKNOWN,,,INDIRECT,,UNVERIFIED,,,,
0x005a91e0,,comp/leagues/fra_second.cpp,FUN_005a91e0,,GUI,UNKNOWN,,,INDIRECT,,UNVERIFIED,,,,
0x005a9370,,,FUN_005a9370,,UNKNOWN,UNKNOWN,,,INDIRECT,,UNVERIFIED,,,,
0x005a95f0,,comp/cups/fra_super.cpp,FUN_005a95f0,,GUI,UNKNOWN,,,INDIRECT,,UNVERIFIED,,,,
0x005a97b0,,,FUN_005a97b0,,UNKNOWN,UNKNOWN,,,INDIRECT,,UNVERIFIED,,,,
0x005a97d0,,,FUN_005a97d0,,UNKNOWN,UNKNOWN,,,INDIRECT,,UNVERIFIED,,,,
0x005a98a0,,comp/cups/fra_super.cpp,FUN_005a98a0,,GUI,UNKNOWN,,,INDIRECT,,UNVERIFIED,,,,
0x005a9a40,,comp/cups/fra_super.cpp,FUN_005a9a40,,GUI,UNKNOWN,,,INDIRECT,,UNVERIFIED,,,,
0x005a9e10,,comp/leagues/fra_third.cpp,FUN_005a9e10,,GUI,UNKNOWN,,,INDIRECT,,UNVERIFIED,,,,
0x005aa020,,,FUN_005aa020,,UNKNOWN,UNKNOWN,,,INDIRECT,,UNVERIFIED,,,,
0x005aa040,,,FUN_005aa040,,GUI,UNKNOWN,,,INDIRECT,,UNVERIFIED,,,,
0x005aa8a0,,comp/leagues/fra_third.cpp,FUN_005aa8a0,,GUI,UNKNOWN,,,INDIRECT,,UNVERIFIED,,,,
0x005aa9d0,,,FUN_005aa9d0,,UNKNOWN,UNKNOWN,,,INDIRECT,,UNVERIFIED,,,,
0x005aac50,,,FUN_005aac50,,GUI,UNKNOWN,,,INDIRECT,,UNVERIFIED,,,,
0x005aacf0,,award/france_awards.cpp,FUN_005aacf0,,GUI,UNKNOWN,,,INDIRECT,,UNVERIFIED,,,,
0x005ab840,,,FUN_005ab840,,GUI,UNKNOWN,,,INDIRECT,,UNVERIFIED,,,,
0x005ab8b0,,transfer/france_rules.cpp,FUN_005ab8b0,,GUI,UNKNOWN,,,INDIRECT,,UNVERIFIED,,,,
0x005ab9e0,,,FUN_005ab9e0,,UNKNOWN,UNKNOWN,,,INDIRECT,,UNVERIFIED,,,,
0x005ac250,,comp/friendly.cpp,FUN_005ac250,,RESOURCE,UNKNOWN,,,INDIRECT,,UNVERIFIED,,,,
0x005ac570,,,FUN_005ac570,,UNKNOWN,UNKNOWN,,,INDIRECT,,UNVERIFIED,,,,
0x005ac590,,,FUN_005ac590,,UNKNOWN,UNKNOWN,,,INDIRECT,,UNVERIFIED,,,,
0x005ac5a0,,,FUN_005ac5a0,,GUI,UNKNOWN,,,INDIRECT,,UNVERIFIED,,,,
0x005aca70,,comp/friendly.cpp,FUN_005aca70,,GUI,UNKNOWN,,,INDIRECT,,UNVERIFIED,,,,
0x005acc60,,,FUN_005acc60,,GUI,UNKNOWN,,,INDIRECT,,UNVERIFIED,,,,
0x005acc80,,,FUN_005acc80,,GUI,UNKNOWN,,,INDIRECT,,UNVERIFIED,,,,
0x005acdb0,,,FUN_005acdb0,,GUI,UNKNOWN,,,INDIRECT,,UNVERIFIED,,,,
0x005ad010,,,FUN_005ad010,,GUI,UNKNOWN,,,INDIRECT,,UNVERIFIED,,,,
0x005ad310,,,FUN_005ad310,,GUI,UNKNOWN,,,INDIRECT,,UNVERIFIED,,,,
0x005adeb0,,comp/friendly.cpp,FUN_005adeb0,,GUI,UNKNOWN,,,INDIRECT,,UNVERIFIED,,,,
0x005ae310,,,FUN_005ae310,,GUI,UNKNOWN,,,INDIRECT,,UNVERIFIED,,,,
0x005ae650,,,FUN_005ae650,,GUI,UNKNOWN,,,INDIRECT,,UNVERIFIED,,,,
0x005ae870,,,FUN_005ae870,,GUI,UNKNOWN,,,INDIRECT,,UNVERIFIED,,,,
0x005ae950,,,FUN_005ae950,,UNKNOWN,UNKNOWN,,,INDIRECT,,UNVERIFIED,,,,
0x005aea40,,comp/friendly.cpp,FUN_005aea40,,GUI,UNKNOWN,,,INDIRECT,,UNVERIFIED,,,,
0x005aee30,,comp/friendly.cpp,FUN_005aee30,,GUI,UNKNOWN,,,INDIRECT,,UNVERIFIED,,,,
0x005aef80,,,FUN_005aef80,,GUI,UNKNOWN,,,INDIRECT,,UNVERIFIED,,,,
0x005af310,,,FUN_005af310,,GUI,UNKNOWN,,,INDIRECT,,UNVERIFIED,,,,
0x005af5a0,,,FUN_005af5a0,,UNKNOWN,UNKNOWN,,,INDIRECT,,UNVERIFIED,,,,
0x005af5e0,,comp/friendly.cpp,FUN_005af5e0,,GUI,UNKNOWN,,,INDIRECT,,UNVERIFIED,,,,
0x005af840,,comp/friendly.cpp,FUN_005af840,,GUI,PORTED_BEHAVIOURAL,crates/cm-render/src/dispatcher_club_toolbar.rs,,YES,SIMULATION_RELEVANT,UNVERIFIED,,,,
0x005afaa0,,,FUN_005afaa0,,UNKNOWN,PORTED_BEHAVIOURAL,crates/cm-render/src/dispatcher_club_toolbar.rs,,YES,SIMULATION_RELEVANT,UNVERIFIED,,,,
0x005afaf0,,comp/friendly.cpp,FUN_005afaf0,,GUI,UNKNOWN,,,INDIRECT,,UNVERIFIED,,,,
0x005b0210,,,FUN_005b0210,,GUI,UNKNOWN,,,INDIRECT,,UNVERIFIED,,,,
0x005b0620,,,FUN_005b0620,,GUI,UNKNOWN,,,INDIRECT,,UNVERIFIED,,,,
0x005b07b0,,,FUN_005b07b0,,UNKNOWN,UNKNOWN,,,INDIRECT,,UNVERIFIED,,,,
0x005b0840,,,FUN_005b0840,,GUI,UNKNOWN,,,INDIRECT,,UNVERIFIED,,,,
0x005b09e0,,,FUN_005b09e0,,GUI,PORTED_BEHAVIOURAL,crates/cm-domain/src/club_season_records.rs;crates/cm-domain/src/screen_batch30.rs;crates/cm-domain/src/screen_batch32.rs,,YES,SIMULATION_RELEVANT,UNVERIFIED,,,,
0x005b0a10,,,FUN_005b0a10,,GUI,UNKNOWN,,,INDIRECT,,UNVERIFIED,,,,
0x005b0b00,,,FUN_005b0b00,,UNKNOWN,PORTED_BEHAVIOURAL,crates/cm-domain/src/screen_batch9.rs;crates/cm-render/src/dispatcher_club_toolbar.rs,,YES,SIMULATION_RELEVANT,UNVERIFIED,,,,
0x005b0b70,,,FUN_005b0b70,,GUI,PORTED_BEHAVIOURAL,crates/cm-domain/src/screen_batch9.rs;crates/cm-render/src/dispatcher_club_toolbar.rs,,YES,SIMULATION_RELEVANT,UNVERIFIED,,,,
0x005b0be0,,,FUN_005b0be0,,GUI,PORTED_BEHAVIOURAL,crates/cm-domain/src/screen_batch9.rs;crates/cm-render/src/dispatcher_club_toolbar.rs,,YES,SIMULATION_RELEVANT,UNVERIFIED,,,,
0x005b0c50,,comp/friendly.cpp,FUN_005b0c50,,GUI,PORTED_BEHAVIOURAL,crates/cm-render/src/dispatcher_club_toolbar.rs,,YES,SIMULATION_RELEVANT,UNVERIFIED,,,,
0x005b0e20,,comp/friendly.cpp,FUN_005b0e20,,GUI,PORTED_BEHAVIOURAL,crates/cm-render/src/dispatcher_club_toolbar.rs,,YES,SIMULATION_RELEVANT,UNVERIFIED,,,,
0x005b10b0,,,FUN_005b10b0,,GUI,UNKNOWN,,,INDIRECT,,UNVERIFIED,,,,
0x005b11a0,,comp/friendly.cpp,FUN_005b11a0,,GUI,PORTED_BEHAVIOURAL,crates/cm-render/src/dispatcher_club_toolbar.rs,,YES,SIMULATION_RELEVANT,UNVERIFIED,,,,
0x005b1490,,comp/friendly.cpp,FUN_005b1490,,GUI,UNKNOWN,,,INDIRECT,,UNVERIFIED,,,,
0x005b1770,,comp/friendly.cpp,FUN_005b1770,,GUI,UNKNOWN,,,INDIRECT,,UNVERIFIED,,,,
0x005b1840,,comp/friendly.cpp,FUN_005b1840,,GUI,UNKNOWN,crates/cm-render/src/dispatcher_club_toolbar.rs;crates/cm-render/src/screen_club_fixtures_faithful.rs,,INDIRECT,,UNVERIFIED,,,,
0x005b2500,,comp/friendly.cpp,FUN_005b2500,,GUI,UNKNOWN,,,INDIRECT,,UNVERIFIED,,,,
0x005b2870,,comp/friendly.cpp,FUN_005b2870,,GUI,NOT_YET_PORTED,,,NO,SIMULATION_RELEVANT,UNVERIFIED,,,,
0x005b2a50,,comp/friendly.cpp,FUN_005b2a50,,GUI,NOT_YET_PORTED,,,NO,SIMULATION_RELEVANT,UNVERIFIED,,,,
0x005b2b90,,,FUN_005b2b90,,GUI,PORTED_BEHAVIOURAL,crates/cm-domain/src/screen_batch11.rs,,YES,SIMULATION_RELEVANT,UNVERIFIED,,,,
0x005b2c40,,,FUN_005b2c40,,GUI,PORTED_BEHAVIOURAL,crates/cm-domain/src/screen_batch11.rs,,YES,SIMULATION_RELEVANT,UNVERIFIED,,,,
0x005b2c90,,comp/friendly.cpp,FUN_005b2c90,,GUI,UNKNOWN,,,INDIRECT,,UNVERIFIED,,,,
0x005b3860,,,FUN_005b3860,,UNKNOWN,UNKNOWN,,,INDIRECT,,UNVERIFIED,,,,
0x005b4260,,,FUN_005b4260,,UNKNOWN,UNKNOWN,,,INDIRECT,,UNVERIFIED,,,,
0x005b42c0,,comp/friendly.cpp,FUN_005b42c0,,GUI,NOT_YET_PORTED,,,NO,SIMULATION_RELEVANT,UNVERIFIED,,,,
0x005b44c0,,comp/friendly.cpp,FUN_005b44c0,,GUI,NOT_YET_PORTED,,,NO,SIMULATION_RELEVANT,UNVERIFIED,,,,
0x005b4610,,comp/friendly.cpp,FUN_005b4610,,GUI,UNKNOWN,,,INDIRECT,,UNVERIFIED,,,,
0x005b4720,,comp/friendly.cpp,FUN_005b4720,,GUI,UNKNOWN,,,INDIRECT,,UNVERIFIED,,,,
0x005b5be0,,,FUN_005b5be0,,UNKNOWN,UNKNOWN,,,INDIRECT,,UNVERIFIED,,,,
0x005b5c10,,,FUN_005b5c10,,GUI,UNKNOWN,,,INDIRECT,,UNVERIFIED,,,,
0x005b5d30,,,FUN_005b5d30,,GUI,UNKNOWN,,,INDIRECT,,UNVERIFIED,,,,
0x005b6000,,,FUN_005b6000,,UNKNOWN,UNKNOWN,,,INDIRECT,,UNVERIFIED,,,,
0x005b6020,,comp/friendly.cpp,FUN_005b6020,,GUI,UNKNOWN,,,INDIRECT,,UNVERIFIED,,,,
0x005b6500,,comp/friendly.cpp,FUN_005b6500,,GUI,UNKNOWN,,,INDIRECT,,UNVERIFIED,,,,
0x005b6610,,,FUN_005b6610,,UNKNOWN,UNKNOWN,,,INDIRECT,,UNVERIFIED,,,,
0x005b6740,,,FUN_005b6740,,GUI,UNKNOWN,,,INDIRECT,,UNVERIFIED,,,,
0x005b6820,,,FUN_005b6820,,UNKNOWN,UNKNOWN,,,INDIRECT,,UNVERIFIED,,,,
0x005b6920,,,FUN_005b6920,,UNKNOWN,UNKNOWN,,,INDIRECT,,UNVERIFIED,,,,
0x005b6940,,,FUN_005b6940,init / DB-load entry,startup,UNKNOWN,crates/cm-app/src/main.rs,,NO,IMPLEMENTATION_ONLY,UNVERIFIED,rust:crates/cm-app/src/main.rs,execution-model report; loads DB via curated 0x005121a0; not a port,,
0x005b6a10,,,FUN_005b6a10,,GUI,PORTED_BEHAVIOURAL,crates/cm-render/src/dispatcher.rs;crates/cm-render/src/msgbox.rs,,YES,SIMULATION_RELEVANT,UNVERIFIED,,,,
0x005b6a70,,,FUN_005b6a70,,UNKNOWN,UNKNOWN,,,INDIRECT,,UNVERIFIED,,,,
0x005b6a90,,,FUN_005b6a90,,GUI,PORTED_BEHAVIOURAL,crates/cm-domain/src/bin/simulate_season.rs;crates/cm-domain/src/game.rs;crates/cm-domain/src/menu.rs;crates/cm-domain/src/season_roll_scheduler.rs;crates/cm-ui-app/src/main.rs,,YES,SIMULATION_RELEVANT,UNVERIFIED,,,,
0x005b6f10,,game.cpp,FUN_005b6f10,startup intro/logo flow,startup,UNKNOWN,crates/cm-app/src/main.rs;crates/cm-render/src/background.rs;crates/cm-render/src/fade.rs,,NO,IMPLEMENTATION_ONLY,UNVERIFIED,rust:crates/cm-app/src/main.rs,execution-model report reference,,
0x005b7f10,,,FUN_005b7f10,background subsystem A,tick,NOT_YET_PORTED,crates/cm-domain/src/lib.rs,,NO,SIMULATION_RELEVANT,HYPOTHESIS,rust:crates/cm-domain/src/lib.rs,step 10b background subsystem; named stub,,
0x005b8390,,,FUN_005b8390,event-drain predicate,tick,NOT_YET_PORTED,crates/cm-domain/src/lib.rs,,NO,SIMULATION_RELEVANT,HYPOTHESIS,rust:crates/cm-domain/src/lib.rs,step 11 while-loop drain; named stub,,
0x005b85b0,,game.cpp,FUN_005b85b0,daily AI dispatcher (staff/transfers/AI),tick,NOT_YET_PORTED,crates/cm-domain/src/lib.rs,,NO,SIMULATION_RELEVANT,HYPOTHESIS,rust:crates/cm-domain/src/lib.rs,game.cpp step 10; 30467-byte dispatcher; explicit named stub hook_daily_ai_dispatch,,
0x005bfcd0,,,FUN_005bfcd0,,UNKNOWN,UNKNOWN,,,INDIRECT,,UNVERIFIED,,,,
0x005bfce0,,,FUN_005bfce0,,UNKNOWN,UNKNOWN,,,INDIRECT,,UNVERIFIED,,,,
0x005bfcf0,,,FUN_005bfcf0,,UNKNOWN,UNKNOWN,,,INDIRECT,,UNVERIFIED,,,,
0x005bfd00,,,FUN_005bfd00,,UNKNOWN,UNKNOWN,,,INDIRECT,,UNVERIFIED,,,,
0x005bfd10,,,FUN_005bfd10,,UNKNOWN,UNKNOWN,,,INDIRECT,,UNVERIFIED,,,,
0x005bfd60,,,FUN_005bfd60,,UNKNOWN,UNKNOWN,,,INDIRECT,,UNVERIFIED,,,,
0x005bfd70,,,FUN_005bfd70,,UNKNOWN,UNKNOWN,,,INDIRECT,,UNVERIFIED,,,,
0x005bfd90,,,FUN_005bfd90,season_roll_dispatcher,season-roll,PORTED_BEHAVIOURAL,crates/cm-domain/src/season_roll_scheduler.rs,SeasonRollScheduler::fire_for_day,YES,SIMULATION_RELEVANT,STRUCTURALLY_VERIFIED,memory:league-dates-and-comp-wiring.md,walks DAT_00b4bc70; daily driver FUN_005b6a90; Rust BTreeMap not fixed 34-array,,
0x005c01d0,,game.cpp,FUN_005c01d0,game_recompute_fifa_rankings,fifa-rankings,PORTED_EXACT,crates/cm-domain/src/fifa_rankings.rs,fifa_rankings::fifa_score,TEST_ONLY,SIMULATION_RELEVANT,BYTE_EXACT,memory:fifa-rankings-mechanism.md,6-slot weighted formula (weights lifted from .rdata); exact but not wired into tick,,
0x005c0480,,,FUN_005c0480,,UNKNOWN,UNKNOWN,,,INDIRECT,,UNVERIFIED,,,,
0x005c0500,,,FUN_005c0500,,GUI,UNKNOWN,,,INDIRECT,,UNVERIFIED,,,,
0x005c0d20,,,FUN_005c0d20,player-ranking summary B,tick,NOT_YET_PORTED,crates/cm-domain/src/lib.rs,,NO,SIMULATION_RELEVANT,HYPOTHESIS,rust:crates/cm-domain/src/lib.rs,step 10j; named stub,,
0x005c0f90,,,FUN_005c0f90,player-ranking summary A,tick,NOT_YET_PORTED,crates/cm-domain/src/lib.rs,,NO,SIMULATION_RELEVANT,HYPOTHESIS,rust:crates/cm-domain/src/lib.rs,step 10j; named stub,,
0x005c1410,,,FUN_005c1410,,GUI,UNKNOWN,,,INDIRECT,,UNVERIFIED,,,,
0x005c1540,,game_config.cpp,FUN_005c1540,,GUI,UNKNOWN,,,INDIRECT,,UNVERIFIED,,,,
0x005c1970,,,FUN_005c1970,,UNKNOWN,PORTED_BEHAVIOURAL,crates/cm-domain/src/screen_batch20.rs,,YES,SIMULATION_RELEVANT,UNVERIFIED,,,,
0x005c1a10,,,FUN_005c1a10,,GUI,UNKNOWN,,,INDIRECT,,UNVERIFIED,,,,
0x005c1a60,,,FUN_005c1a60,,UNKNOWN,UNKNOWN,,,INDIRECT,,UNVERIFIED,,,,
0x005c1b00,,game_config.cpp,FUN_005c1b00,,SOUND,UNKNOWN,,,INDIRECT,,UNVERIFIED,,,,
0x005c1ec0,,game_config.cpp,FUN_005c1ec0,,GUI,NON_USEFUL,,,NO,IMPLEMENTATION_ONLY,UNVERIFIED,,,,
0x005c2030,,,FUN_005c2030,,UNKNOWN,UNKNOWN,,,INDIRECT,,UNVERIFIED,,,,
0x005c2180,,game_config.cpp,FUN_005c2180,,SOUND,PORTED_BEHAVIOURAL,crates/cm-domain/src/screen_batch8.rs,,YES,SIMULATION_RELEVANT,UNVERIFIED,,,,
0x005c2860,,,FUN_005c2860,,UNKNOWN,UNKNOWN,,,INDIRECT,,UNVERIFIED,,,,
0x005c28d0,,comp/cups/ger_cup.cpp,FUN_005c28d0,,GUI,UNKNOWN,,,INDIRECT,,UNVERIFIED,,,,
0x005c2aa0,,,FUN_005c2aa0,,UNKNOWN,UNKNOWN,,,INDIRECT,,UNVERIFIED,,,,
0x005c2ac0,,,FUN_005c2ac0,,UNKNOWN,UNKNOWN,,,INDIRECT,,UNVERIFIED,,,,
0x005c2b90,,comp/cups/ger_cup.cpp,FUN_005c2b90,DFB-Pokal round-date helper,cups,PORTED_PARTIAL,crates/cm-domain/src/lib.rs,,YES,SIMULATION_RELEVANT,STRUCTURALLY_VERIFIED,rust:crates/cm-domain/src/lib.rs,foreign cup; date-only lift,,
0x005c3020,,comp/cups/ger_cup.cpp,FUN_005c3020,,GUI,UNKNOWN,,,INDIRECT,,UNVERIFIED,,,,
0x005c3660,,comp/leagues/ger_first.cpp,FUN_005c3660,,GUI,UNKNOWN,,,INDIRECT,,UNVERIFIED,,,,
0x005c3870,,,FUN_005c3870,,UNKNOWN,UNKNOWN,,,INDIRECT,,UNVERIFIED,,,,
0x005c3890,,,FUN_005c3890,,GUI,UNKNOWN,,,INDIRECT,,UNVERIFIED,,,,
0x005c4ee0,,comp/leagues/ger_first.cpp,FUN_005c4ee0,,GUI,UNKNOWN,,,INDIRECT,,UNVERIFIED,,,,
0x005c50b0,,,FUN_005c50b0,,UNKNOWN,UNKNOWN,,,INDIRECT,,UNVERIFIED,,,,
0x005c5460,,comp/leagues/ger_first.cpp,FUN_005c5460,,GUI,UNKNOWN,,,INDIRECT,,UNVERIFIED,,,,
0x005c5630,,comp/leagues/ger_first.cpp,FUN_005c5630,,GUI,UNKNOWN,,,INDIRECT,,UNVERIFIED,,,,
0x005c5880,,comp/leagues/ger_first.cpp,FUN_005c5880,,GUI,UNKNOWN,,,INDIRECT,,UNVERIFIED,,,,
0x005c5c00,,comp/leagues/ger_first.cpp,FUN_005c5c00,,GUI,UNKNOWN,,,INDIRECT,,UNVERIFIED,,,,
0x005c5d90,,comp/cups/ger_lge_cup.cpp,FUN_005c5d90,,GUI,UNKNOWN,,,INDIRECT,,UNVERIFIED,,,,
0x005c5f60,,,FUN_005c5f60,,UNKNOWN,UNKNOWN,,,INDIRECT,,UNVERIFIED,,,,
0x005c5f80,,,FUN_005c5f80,,UNKNOWN,UNKNOWN,,,INDIRECT,,UNVERIFIED,,,,
0x005c6050,,comp/cups/ger_lge_cup.cpp,FUN_005c6050,German League Cup round-date helper,cups,PORTED_PARTIAL,crates/cm-domain/src/lib.rs,,YES,SIMULATION_RELEVANT,STRUCTURALLY_VERIFIED,rust:crates/cm-domain/src/lib.rs,foreign cup; two-branch; date-only lift,,
0x005c63b0,,comp/cups/ger_lge_cup.cpp,FUN_005c63b0,,GUI,UNKNOWN,,,INDIRECT,,UNVERIFIED,,,,
0x005c6840,,,FUN_005c6840,,UNKNOWN,UNKNOWN,,,INDIRECT,,UNVERIFIED,,,,
0x005c6880,,comp/leagues/ger_regional.cpp,FUN_005c6880,,GUI,UNKNOWN,,,INDIRECT,,UNVERIFIED,,,,
0x005c6ab0,,,FUN_005c6ab0,,UNKNOWN,UNKNOWN,,,INDIRECT,,UNVERIFIED,,,,
0x005c6ad0,,,FUN_005c6ad0,,GUI,UNKNOWN,,,INDIRECT,,UNVERIFIED,,,,
0x005c7490,,comp/leagues/ger_regional.cpp,FUN_005c7490,,GUI,UNKNOWN,,,INDIRECT,,UNVERIFIED,,,,
0x005c7690,,,FUN_005c7690,,UNKNOWN,UNKNOWN,,,INDIRECT,,UNVERIFIED,,,,
0x005c78f0,,comp/leagues/ger_regional.cpp,FUN_005c78f0,,GUI,UNKNOWN,,,INDIRECT,,UNVERIFIED,,,,
0x005c7dd0,,comp/leagues/ger_regional.cpp,FUN_005c7dd0,,GUI,UNKNOWN,,,INDIRECT,,UNVERIFIED,,,,
0x005c7f80,,comp/leagues/ger_second.cpp,FUN_005c7f80,,GUI,UNKNOWN,,,INDIRECT,,UNVERIFIED,,,,
0x005c8190,,,FUN_005c8190,,UNKNOWN,UNKNOWN,,,INDIRECT,,UNVERIFIED,,,,
0x005c81b0,,,FUN_005c81b0,,GUI,UNKNOWN,,,INDIRECT,,UNVERIFIED,,,,
0x005c8f50,,comp/leagues/ger_second.cpp,FUN_005c8f50,,GUI,UNKNOWN,,,INDIRECT,,UNVERIFIED,,,,
0x005c9080,,,FUN_005c9080,,UNKNOWN,UNKNOWN,,,INDIRECT,,UNVERIFIED,,,,
0x005c92f0,,award/germany_awards.cpp,FUN_005c92f0,,GUI,UNKNOWN,,,INDIRECT,,UNVERIFIED,,,,
0x005c9430,,award/germany_awards.cpp,FUN_005c9430,,GUI,UNKNOWN,,,INDIRECT,,UNVERIFIED,,,,
0x005c9c10,,,FUN_005c9c10,,UNKNOWN,UNKNOWN,,,INDIRECT,,UNVERIFIED,,,,
0x005c9c60,,,FUN_005c9c60,,GUI,UNKNOWN,,,INDIRECT,,UNVERIFIED,,,,
0x005c9cd0,,transfer/germany_rules.cpp,FUN_005c9cd0,,GUI,UNKNOWN,,,INDIRECT,,UNVERIFIED,,,,
0x005ca350,,comp/intercomp/goldcup.cpp,FUN_005ca350,,GUI,UNKNOWN,,,INDIRECT,,UNVERIFIED,,,,
0x005ca510,,,FUN_005ca510,,UNKNOWN,UNKNOWN,,,INDIRECT,,UNVERIFIED,,,,
0x005ca530,,,FUN_005ca530,,GUI,UNKNOWN,,,INDIRECT,,UNVERIFIED,,,,
0x005caed0,,comp/intercomp/goldcup.cpp,FUN_005caed0,,GUI,UNKNOWN,,,INDIRECT,,UNVERIFIED,,,,
0x005cafc0,,,FUN_005cafc0,,UNKNOWN,UNKNOWN,,,INDIRECT,,UNVERIFIED,,,,
0x005cb3a0,,comp/intercomp/goldcup.cpp,FUN_005cb3a0,,GUI,UNKNOWN,,,INDIRECT,,UNVERIFIED,,,,
0x005cb590,,comp/intercomp/goldcup.cpp,FUN_005cb590,,GUI,UNKNOWN,,,INDIRECT,,UNVERIFIED,,,,
0x005cb9c0,,comp/intercomp/goldcup.cpp,FUN_005cb9c0,,GUI,UNKNOWN,,,INDIRECT,,UNVERIFIED,,,,
0x005cbe10,,comp/intercomp/goldcup.cpp,FUN_005cbe10,,GUI,UNKNOWN,,,INDIRECT,,UNVERIFIED,,,,
0x005cc310,0x005cc4f0,,FUN_005cc310,graphics device/framebuffer init,render,UI_GDI_DOMAIN,crates/cm-render/src/window_init.rs,WindowInitConfig,YES,UI_RENDERING,STRUCTURALLY_VERIFIED,memory:gui-core-ported.md,DDraw setup replaced by direct framebuffer alloc; RGB555 masks + stride,,
0x005cc4f0,,,,RGB555 pixel-format install,render,PORTED_EXACT,crates/cm-render/src/packed.rs,PackedSurface::rgb555,INDIRECT,UI_RENDERING,BYTE_EXACT,memory:gdi-renderer-is-ground-truth.md,writes masks to DAT_00acdea8/ac/b0,,
0x005cc9b0,,,FUN_005cc9b0,,GUI,PORTED_BEHAVIOURAL,crates/cm-render/src/window_init.rs,,YES,SIMULATION_RELEVANT,UNVERIFIED,,,,
0x005ccb40,,,FUN_005ccb40,,UNKNOWN,UNKNOWN,,,INDIRECT,,UNVERIFIED,,,,
0x005ccb90,,,FUN_005ccb90,,UNKNOWN,UNKNOWN,,,INDIRECT,,UNVERIFIED,,,,
0x005ccba0,0x005cccd0,,FUN_005ccba0,present dirty rectangle,render,UI_GDI_DOMAIN,crates/cm-render/src/blit.rs,dispatch_dirty_blit,YES,UI_RENDERING,STRUCTURALLY_VERIFIED,memory:directdraw-callsites-found.md,DD Blt/BltFast vs GDI StretchDIBits reproduced by blit dispatch,,
0x005ccdd0,,,FUN_005ccdd0,,GUI,PORTED_BEHAVIOURAL,crates/cm-render/src/fade.rs,,YES,SIMULATION_RELEVANT,UNVERIFIED,,,,
0x005cd330,,,,,,PORTED_BEHAVIOURAL,crates/cm-render/src/packed.rs;crates/cm-render/src/packed_panel.rs;crates/cm-render/src/packed_text.rs;crates/cm-render/tests/verify_clip_against_exe.rs,,YES,SIMULATION_RELEVANT,UNVERIFIED,,,,
0x005cd370,,,FUN_005cd370,,GUI,PORTED_BEHAVIOURAL,crates/cm-render/src/background.rs;crates/cm-render/src/line.rs;crates/cm-render/src/primitives.rs,,YES,SIMULATION_RELEVANT,UNVERIFIED,,,,
0x005cd3e0,,,,,,PORTED_BEHAVIOURAL,crates/cm-render/src/packed.rs;crates/cm-render/src/packed_capture.rs;crates/cm-render/src/packed_panel.rs;crates/cm-render/src/packed_text.rs;crates/cm-render/tests/verify_line_against_exe.rs,,YES,SIMULATION_RELEVANT,UNVERIFIED,,,,
0x005cd420,0x005cd3e0,,FUN_005cd420,line drawer (H/V/Bresenham; dashed),render,PORTED_EXACT,crates/cm-render/src/packed.rs;crates/cm-render/src/line.rs,line;draw_line,TEST_ONLY,UI_RENDERING,BYTE_EXACT,memory:gdi-renderer-is-ground-truth.md,harness 15 shapes 100%; line.rs legacy DD twin,,
0x005cd730,,,,,,PORTED_BEHAVIOURAL,crates/cm-render/src/packed.rs;crates/cm-render/src/packed_capture.rs;crates/cm-render/src/packed_panel.rs;crates/cm-render/tests/verify_rect_against_exe.rs,,YES,SIMULATION_RELEVANT,UNVERIFIED,,,,
0x005cd840,0x005cd730,,FUN_005cd840,rect fill/outline,render,PORTED_EXACT,crates/cm-render/src/packed.rs;crates/cm-render/src/primitives.rs,rect;fill_rect,TEST_ONLY,UI_RENDERING,BYTE_EXACT,memory:gdi-renderer-is-ground-truth.md,harness 10 cases 100%,,
0x005cd870,,,,stipple blit,render,PORTED_EXACT,crates/cm-render/src/packed.rs,PackedSurface::draw_stipple,INDIRECT,UI_RENDERING,BYTE_EXACT,memory:gdi-renderer-is-ground-truth.md,189B/68-insn; corner-off-surface skip,,
0x005cd930,,,,,,PORTED_BEHAVIOURAL,crates/cm-render/src/packed.rs;crates/cm-render/src/packed_widget.rs;crates/cm-render/src/scrman.rs;crates/cm-render/tests/verify_save_restore_against_exe.rs,,YES,SIMULATION_RELEVANT,UNVERIFIED,,,,
0x005cd9d0,,,FUN_005cd9d0,,GUI,PORTED_BEHAVIOURAL,crates/cm-widget/src/lib.rs,,YES,SIMULATION_RELEVANT,UNVERIFIED,,,,
0x005cda90,,,,,,PORTED_BEHAVIOURAL,crates/cm-render/src/packed.rs;crates/cm-render/src/packed_capture.rs;crates/cm-render/src/packed_widget.rs;crates/cm-render/tests/verify_save_restore_against_exe.rs,,YES,SIMULATION_RELEVANT,UNVERIFIED,,,,
0x005cdac0,0x005cd930,,FUN_005cdac0,save background behind popup,render,PORTED_EXACT,crates/cm-render/src/packed.rs,save_rect,TEST_ONLY,UI_RENDERING,BYTE_EXACT,memory:gdi-renderer-is-ground-truth.md,harness gradient 100%,,
0x005cdb50,,,,,,PORTED_BEHAVIOURAL,crates/cm-render/src/packed_icon_loader.rs;crates/cm-render/src/packed_widget.rs;crates/cm-render/src/packed_widget_globals.rs,,YES,SIMULATION_RELEVANT,UNVERIFIED,,,,
0x005cdcc0,0x005cda90,,FUN_005cdcc0,restore background / pixel-buffer copy,render,PORTED_EXACT,crates/cm-render/src/packed.rs,restore_rect,TEST_ONLY,UI_RENDERING,BYTE_EXACT,memory:gdi-renderer-is-ground-truth.md,generic image blit for splash logos,,
0x005cdd30,,,,,,PORTED_BEHAVIOURAL,crates/cm-render/src/packed_widget.rs,,YES,SIMULATION_RELEVANT,UNVERIFIED,,,,
0x005cdd60,,,,,,PORTED_BEHAVIOURAL,crates/cm-render/src/packed.rs;crates/cm-render/src/packed_capture.rs;crates/cm-render/src/packed_panel.rs;crates/cm-render/tests/verify_darken_against_exe.rs,,YES,SIMULATION_RELEVANT,UNVERIFIED,,,,
0x005cddc0,,,FUN_005cddc0,,GUI,UNKNOWN,,,INDIRECT,,UNVERIFIED,,,,
0x005cdfa0,,,FUN_005cdfa0,,GUI,UNKNOWN,crates/cm-render/src/cursor.rs;crates/cm-render/src/packed_panel.rs;crates/cm-render/src/scrman.rs;crates/cm-render/tests/verify_panel_against_exe.rs,,INDIRECT,,UNVERIFIED,,,,
0x005cdfd0,0x005cdd60,,FUN_005cdfd0,darken rect (65536-entry LUT),render,PORTED_EXACT,crates/cm-render/src/packed.rs,darken_rect,TEST_ONLY,UI_RENDERING,BYTE_EXACT,memory:gdi-renderer-is-ground-truth.md,harness 6 cases 100%,,
0x005ce240,,,,,,PORTED_BEHAVIOURAL,crates/cm-render/src/packed.rs;crates/cm-render/src/packed_panel.rs;crates/cm-render/src/scrman.rs;crates/cm-render/tests/verify_pack_rgb_against_exe.rs,,YES,SIMULATION_RELEVANT,UNVERIFIED,,,,
0x005ce250,0x005cdfa0,,FUN_005ce250,palette derivation (17 named + 9 packs),render,PORTED_BEHAVIOURAL,crates/cm-render/src/palette.rs,derive_palette,INDIRECT,UI_RENDERING,STRUCTURALLY_VERIFIED,memory:gui-core-ported.md,VA collision: 0x005cdfa0 palette in GDI vs free_texture in DD build,,
0x005ce2d0,,,,colour-scale per-channel /100,render,PORTED_EXACT,crates/cm-render/src/packed.rs,colour_scale,INDIRECT,UI_RENDERING,BYTE_EXACT,memory:gdi-renderer-is-ground-truth.md,asm div-by-100 reproduced,,
0x005ce3e0,,,,,,PORTED_BEHAVIOURAL,crates/cm-render/tests/news_pixel_diff_against_exe.rs,,YES,SIMULATION_RELEVANT,UNVERIFIED,,,,
0x005ce430,,,,,,PORTED_BEHAVIOURAL,crates/cm-render/src/scrman.rs,,YES,SIMULATION_RELEVANT,UNVERIFIED,,,,
0x005ce4f0,0x005ce240,,FUN_005ce4f0,RGB555/565 pixel packer,render,PORTED_EXACT,crates/cm-render/src/packed.rs,pack_rgb,TEST_ONLY,UI_RENDERING,BYTE_EXACT,memory:gdi-renderer-is-ground-truth.md,milestone-2 harness 5582 triples 100%,,
0x005ce580,,,FUN_005ce580,,UNKNOWN,UNKNOWN,,,INDIRECT,,UNVERIFIED,,,,
0x005ce6e0,,,FUN_005ce6e0,,UNKNOWN,PORTED_BEHAVIOURAL,crates/cm-render/src/area.rs,,YES,SIMULATION_RELEVANT,UNVERIFIED,,,,
0x005ce750,,,FUN_005ce750,,GUI,UNKNOWN,,,INDIRECT,,UNVERIFIED,,,,
0x005ce890,,,FUN_005ce890,fnt font loader + Latin-1 alias,render,PORTED_BEHAVIOURAL,crates/cm-render/src/font_loader.rs,load_font_bytes,YES,UI_RENDERING,STRUCTURALLY_VERIFIED,memory:gui-core-ported.md,slot 6/7 alias fixup 14 entries,,
0x005ceaa0,,,,,,PORTED_BEHAVIOURAL,crates/cm-render/src/packed_capture.rs;crates/cm-render/src/packed_glyph.rs;crates/cm-render/src/packed_text.rs;crates/cm-render/src/packed_widget_globals.rs;crates/cm-render/tests/verify_glyph_against_exe.rs,,YES,SIMULATION_RELEVANT,UNVERIFIED,,,,
0x005ced50,0x005ceaa0,,FUN_005ced50,glyph renderer (4bpp nibble alpha),render,PORTED_PARTIAL,crates/cm-render/src/packed_glyph.rs;crates/cm-render/src/glyph_blit.rs,draw_glyph;blit_glyph,TEST_ONLY,UI_RENDERING,PARTIAL,memory:gdi-renderer-is-ground-truth.md,milestone-2 harness 0/7: glyph positioning/format mismatch unresolved; futuristic font deferred,,
0x005cf2a0,,,,,,PORTED_BEHAVIOURAL,crates/cm-render/src/packed_text.rs,,YES,SIMULATION_RELEVANT,UNVERIFIED,,,,
0x005cf4d0,,,,,,PORTED_BEHAVIOURAL,crates/cm-render/src/packed_glyph.rs,,YES,SIMULATION_RELEVANT,UNVERIFIED,,,,
0x005cf570,,,,,,PORTED_BEHAVIOURAL,crates/cm-render/src/packed_capture.rs;crates/cm-render/src/packed_panel.rs;crates/cm-render/src/packed_widget.rs;crates/cm-render/src/widget_pool.rs;crates/cm-render/tests/verify_panel_against_exe.rs,,YES,SIMULATION_RELEVANT,UNVERIFIED,,,,
0x005cf610,,,FUN_005cf610,,GUI,PORTED_BEHAVIOURAL,crates/cm-domain/src/ui_schema.rs;crates/cm-render/src/msgbox.rs;crates/cm-render/src/primitives.rs;crates/cm-render/src/widget_pool.rs,,YES,SIMULATION_RELEVANT,UNVERIFIED,,,,
0x005cf7b0,,,FUN_005cf7b0,font metrics (height/measure/kerning),render,PORTED_EXACT,crates/cm-render/src/primitives.rs,font_height;measure_string;kerning_delta,YES,UI_RENDERING,STRUCTURALLY_VERIFIED,memory:gui-core-ported.md,bundles height+measure+kerning,,
0x005cf840,,,FUN_005cf840,,UNKNOWN,PORTED_BEHAVIOURAL,crates/cm-domain/src/ui_schema.rs;crates/cm-render/src/font.rs;crates/cm-render/src/primitives.rs,,YES,SIMULATION_RELEVANT,UNVERIFIED,,,,
0x005cf8e0,0x005cf570,,FUN_005cf8e0,panel/bevel frame drawer,render,PORTED_EXACT,crates/cm-render/src/packed_panel.rs;crates/cm-render/src/bevel.rs,draw_panel;bevel_box,TEST_ONLY,UI_RENDERING,BYTE_EXACT,memory:gdi-renderer-is-ground-truth.md,harness 13 P_* combos 100%; legacy panel.rs invented dither removed,,
0x005d03a0,,,,,,PORTED_BEHAVIOURAL,crates/cm-render/src/packed_capture.rs;crates/cm-render/src/packed_text.rs;crates/cm-render/src/packed_widget.rs;crates/cm-render/src/packed_widget_globals.rs;crates/cm-render/tests/verify_wrapped_text_against_exe.rs,,YES,SIMULATION_RELEVANT,UNVERIFIED,,,,
0x005d0870,0x005d03a0,,FUN_005d0870,word-wrapped multi-line text box,render,PORTED_PARTIAL,crates/cm-render/src/packed_text.rs;crates/cm-render/src/drawstring.rs,draw_wrapped_text,TEST_ONLY,UI_RENDERING,PARTIAL,memory:gdi-renderer-is-ground-truth.md,harness 0/5 blocked on glyph mismatch; wrap/align/password/shadow logic ported,,
0x005d0ce0,,,,,,PORTED_BEHAVIOURAL,crates/cm-render/src/packed_panel.rs,,YES,SIMULATION_RELEVANT,UNVERIFIED,,,,
0x005d0ec0,,,,,,PORTED_BEHAVIOURAL,crates/cm-render/src/packed_panel.rs,,YES,SIMULATION_RELEVANT,UNVERIFIED,,,,
0x005d1090,,,FUN_005d1090,,GUI,UNKNOWN,,,INDIRECT,,UNVERIFIED,,,,
0x005d11e0,,,FUN_005d11e0,,GUI,PORTED_BEHAVIOURAL,crates/cm-render/src/bevel.rs,,YES,SIMULATION_RELEVANT,UNVERIFIED,,,,
0x005d1440,,,FUN_005d1440,,UNKNOWN,UNKNOWN,,,INDIRECT,,UNVERIFIED,,,,
0x005d18a0,,,FUN_005d18a0,,UNKNOWN,UNKNOWN,,,INDIRECT,,UNVERIFIED,,,,
0x005d1900,,,FUN_005d1900,,UNKNOWN,PORTED_BEHAVIOURAL,crates/cm-render/src/blit.rs,,YES,SIMULATION_RELEVANT,UNVERIFIED,,,,
0x005d1b00,,,FUN_005d1b00,,UNKNOWN,UNKNOWN,,,INDIRECT,,UNVERIFIED,,,,
0x005d1b10,,,FUN_005d1b10,cursor state (Default/Hand/Busy),widgets,PORTED_BEHAVIOURAL,crates/cm-render/src/cursor.rs,CursorState,YES,UI_RENDERING,STRUCTURALLY_VERIFIED,memory:gui-core-ported.md,modes match DAT_00AD6C0C/10/14,,
0x005d1b80,,,FUN_005d1b80,,GUI,PORTED_BEHAVIOURAL,crates/cm-render/src/cursor.rs,,YES,SIMULATION_RELEVANT,UNVERIFIED,,,,
0x005d1c20,,,FUN_005d1c20,,UNKNOWN,UNKNOWN,,,INDIRECT,,UNVERIFIED,,,,
0x005d1c30,,,FUN_005d1c30,message-box layout,widgets,PORTED_BEHAVIOURAL,crates/cm-render/src/msgbox.rs,compute_msgbox_layout,YES,PLAYER_VISIBLE,STRUCTURALLY_VERIFIED,memory:gui-core-ported.md,"width [200,600] clamp centered; re-entry guard",,
0x005d2240,,comp/cups/gre_cup.cpp,FUN_005d2240,,GUI,UNKNOWN,,,INDIRECT,,UNVERIFIED,,,,
0x005d2490,,,FUN_005d2490,,UNKNOWN,UNKNOWN,,,INDIRECT,,UNVERIFIED,,,,
0x005d24b0,,,FUN_005d24b0,,GUI,UNKNOWN,,,INDIRECT,,UNVERIFIED,,,,
0x005d2c00,,comp/cups/gre_cup.cpp,FUN_005d2c00,,GUI,UNKNOWN,,,INDIRECT,,UNVERIFIED,,,,
0x005d2cf0,,,FUN_005d2cf0,,UNKNOWN,UNKNOWN,,,INDIRECT,,UNVERIFIED,,,,
0x005d2ff0,,comp/cups/gre_cup.cpp,FUN_005d2ff0,Greek Cup sub-comp round helper,cups,PORTED_PARTIAL,crates/cm-domain/src/lib.rs,,INDIRECT,SIMULATION_RELEVANT,PARTIAL,rust:crates/cm-domain/src/lib.rs,foreign; sub-comp dates NOT decoded,,
0x005d31f0,,comp/cups/gre_cup.cpp,FUN_005d31f0,,GUI,UNKNOWN,,,INDIRECT,,UNVERIFIED,,,,
0x005d3420,,comp/cups/gre_cup.cpp,FUN_005d3420,,GUI,UNKNOWN,,,INDIRECT,,UNVERIFIED,,,,
0x005d3950,,comp/cups/gre_cup.cpp,FUN_005d3950,,GUI,UNKNOWN,,,INDIRECT,,UNVERIFIED,,,,
0x005d3d00,,comp/leagues/gre_prm.cpp,FUN_005d3d00,,GUI,UNKNOWN,,,INDIRECT,,UNVERIFIED,,,,
0x005d3f10,,,FUN_005d3f10,,UNKNOWN,UNKNOWN,,,INDIRECT,,UNVERIFIED,,,,
0x005d3f30,,,FUN_005d3f30,,GUI,UNKNOWN,,,INDIRECT,,UNVERIFIED,,,,
0x005d4650,,comp/leagues/gre_prm.cpp,FUN_005d4650,,GUI,UNKNOWN,,,INDIRECT,,UNVERIFIED,,,,
0x005d4780,,,FUN_005d4780,,UNKNOWN,UNKNOWN,,,INDIRECT,,UNVERIFIED,,,,
0x005d4a10,,comp/leagues/gre_prm.cpp,FUN_005d4a10,,GUI,UNKNOWN,,,INDIRECT,,UNVERIFIED,,,,
0x005d4ba0,,comp/leagues/gre_second.cpp,FUN_005d4ba0,,GUI,UNKNOWN,,,INDIRECT,,UNVERIFIED,,,,
0x005d4db0,,,FUN_005d4db0,,UNKNOWN,UNKNOWN,,,INDIRECT,,UNVERIFIED,,,,
0x005d4dd0,,,FUN_005d4dd0,,GUI,UNKNOWN,,,INDIRECT,,UNVERIFIED,,,,
0x005d55a0,,comp/leagues/gre_second.cpp,FUN_005d55a0,,GUI,UNKNOWN,,,INDIRECT,,UNVERIFIED,,,,
0x005d56d0,,,FUN_005d56d0,,UNKNOWN,UNKNOWN,,,INDIRECT,,UNVERIFIED,,,,
0x005d5930,,comp/cups/gre_super.cpp,FUN_005d5930,,GUI,UNKNOWN,,,INDIRECT,,UNVERIFIED,,,,
0x005d5af0,,,FUN_005d5af0,,UNKNOWN,UNKNOWN,,,INDIRECT,,UNVERIFIED,,,,
0x005d5b10,,,FUN_005d5b10,,UNKNOWN,UNKNOWN,,,INDIRECT,,UNVERIFIED,,,,
0x005d5be0,,comp/cups/gre_super.cpp,FUN_005d5be0,Greek Cup main round-date helper,cups,PORTED_PARTIAL,crates/cm-domain/src/lib.rs,,YES,SIMULATION_RELEVANT,STRUCTURALLY_VERIFIED,rust:crates/cm-domain/src/lib.rs,foreign cup; main dates lifted,,
0x005d5d20,,comp/cups/gre_super.cpp,FUN_005d5d20,,GUI,UNKNOWN,,,INDIRECT,,UNVERIFIED,,,,
0x005d6140,,,FUN_005d6140,,GUI,UNKNOWN,,,INDIRECT,,UNVERIFIED,,,,
0x005d61d0,,award/greece_awards.cpp,FUN_005d61d0,,GUI,UNKNOWN,,,INDIRECT,,UNVERIFIED,,,,
0x005d67a0,,,FUN_005d67a0,,GUI,UNKNOWN,,,INDIRECT,,UNVERIFIED,,,,
0x005d6810,,transfer/greece_rules.cpp,FUN_005d6810,,GUI,UNKNOWN,,,INDIRECT,,UNVERIFIED,,,,
0x005d6960,,,FUN_005d6960,,GUI,UNKNOWN,,,INDIRECT,,UNVERIFIED,,,,
0x005d6af0,,,FUN_005d6af0,,GUI,UNKNOWN,,,INDIRECT,,UNVERIFIED,,,,
0x005d6bf0,,gui_utils.cpp,FUN_005d6bf0,,GUI,UNKNOWN,crates/cm-render/src/screens_auto.rs;crates/cm-ui-app/src/screens.rs;crates/cm-widget/src/lib.rs,,INDIRECT,,UNVERIFIED,,,,
0x005d7070,,gui_utils.cpp,FUN_005d7070,,GUI,PORTED_BEHAVIOURAL,crates/cm-render/src/gen_screen_types.rs;crates/cm-render/src/view_render.rs;crates/cm-ui-app/src/screens.rs;crates/cm-widget/src/bin/render_gen_screen.rs;crates/cm-widget/src/tab_strip.rs,,YES,SIMULATION_RELEVANT,UNVERIFIED,,,,
0x005d70a0,,,,,,PORTED_BEHAVIOURAL,crates/cm-render/src/screen_news.rs,,YES,SIMULATION_RELEVANT,UNVERIFIED,,,,
0x005d75b0,,,FUN_005d75b0,nav-bar Back/Next builder,widgets,PORTED_PARTIAL,crates/cm-render/src/dispatcher.rs,,INDIRECT,PLAYER_VISIBLE,PARTIAL,memory:news-screen-geometry.md,Back/Next placeholder; -2/-3 msgs routed by dispatch_global,,
0x005d76c0,,,,,,PORTED_BEHAVIOURAL,crates/cm-render/src/screen_nav_back_next.rs;crates/cm-render/src/view_render.rs;crates/cm-render/src/widget_pool.rs,,YES,SIMULATION_RELEVANT,UNVERIFIED,,,,
0x005d7710,,,,,,PORTED_BEHAVIOURAL,crates/cm-domain/src/manager_creation.rs,,YES,SIMULATION_RELEVANT,UNVERIFIED,,,,
0x005d7790,,,FUN_005d7790,,GUI,UNKNOWN,,,INDIRECT,,UNVERIFIED,,,,
0x005d7aa0,,,,Layer-2 widget renderer hot path,render,PORTED_PARTIAL,crates/cm-render/src/packed_widget.rs,,INDIRECT,UI_RENDERING,PARTIAL,memory:layer2-widget-renderer-status.md,blocks A-F+L byte-exact; G-K stubs pending FUN_00403a20 + 8 palette globals,,
0x005d7bd0,0x005d7aa0,,FUN_005d7bd0,per-widget renderer (THE draw layer),widgets,PORTED_BEHAVIOURAL,crates/cm-render/src/packed_widget.rs,render_widget,INDIRECT,UI_RENDERING,STRUCTURALLY_VERIFIED,memory:widgets-not-screens.md,"every widget enters here (29240-call capture, 31 callsites); text fidelity inherits glyph PARTIAL; not yet wired into view_render",,
0x005d7ec0,,,FUN_005d7ec0,,GUI,UNKNOWN,,,INDIRECT,,UNVERIFIED,,,,
0x005d7fb0,,,FUN_005d7fb0,,GUI,UNKNOWN,,,INDIRECT,,UNVERIFIED,,,,
0x005d8260,,,,,,PORTED_BEHAVIOURAL,crates/cm-render/src/packed_widget.rs;crates/cm-render/src/packed_widget_globals.rs,,YES,SIMULATION_RELEVANT,UNVERIFIED,,,,
0x005d8410,,,,,,PORTED_BEHAVIOURAL,crates/cm-render/src/packed_widget.rs;crates/cm-render/src/packed_widget_globals.rs,,YES,SIMULATION_RELEVANT,UNVERIFIED,,,,
0x005d8640,,,FUN_005d8640,,GUI,UNKNOWN,,,INDIRECT,,UNVERIFIED,,,,
0x005d86d0,,,FUN_005d86d0,,GUI,UNKNOWN,,,INDIRECT,,UNVERIFIED,,,,
0x005d8770,,guio.cpp,FUN_005d8770,,GUI,UI_GDI_DOMAIN,,,NO,UI_RENDERING,UNVERIFIED,,,,
0x005d8920,,,FUN_005d8920,,GUI,PORTED_BEHAVIOURAL,crates/cm-render/src/scrman.rs,,YES,SIMULATION_RELEVANT,UNVERIFIED,,,,
0x005d89a0,,,FUN_005d89a0,,UNKNOWN,UNKNOWN,,,INDIRECT,,UNVERIFIED,,,,
0x005d8ad0,,,FUN_005d8ad0,,GUI,UNKNOWN,,,INDIRECT,,UNVERIFIED,,,,
0x005d8b40,,,FUN_005d8b40,,UNKNOWN,UNKNOWN,,,INDIRECT,,UNVERIFIED,,,,
0x005d8b50,,hall_of_fame.cpp,FUN_005d8b50,,GUI,PORTED_BEHAVIOURAL,crates/cm-domain/src/hall_of_fame.rs,,YES,SIMULATION_RELEVANT,UNVERIFIED,,,,
0x005d8c20,,,FUN_005d8c20,,GUI,UNKNOWN,,,INDIRECT,,UNVERIFIED,,,,
0x005d8c90,,hall_of_fame.cpp,FUN_005d8c90,,GUI,NOT_YET_PORTED,,,NO,SIMULATION_RELEVANT,UNVERIFIED,,,,
0x005d8d50,,hall_of_fame.cpp,FUN_005d8d50,,GUI,UNKNOWN,,,INDIRECT,,UNVERIFIED,,,,
0x005d8fe0,,hall_of_fame.cpp,FUN_005d8fe0,,FILESYSTEM,UNKNOWN,,,INDIRECT,,UNVERIFIED,,,,
0x005d9370,,hall_of_fame.cpp,FUN_005d9370,,GUI,UNKNOWN,,,INDIRECT,,UNVERIFIED,,,,
0x005d94a0,,hall_of_fame.cpp,FUN_005d94a0,,GUI,UNKNOWN,,,INDIRECT,,UNVERIFIED,,,,
0x005d9750,,hall_of_fame.cpp,FUN_005d9750,,GUI,UNKNOWN,,,INDIRECT,,UNVERIFIED,,,,
0x005d9ac0,,hall_of_fame.cpp,FUN_005d9ac0,,GUI,PORTED_BEHAVIOURAL,crates/cm-domain/src/hall_of_fame.rs,,YES,SIMULATION_RELEVANT,UNVERIFIED,,,,
0x005d9e30,,hall_of_fame.cpp,FUN_005d9e30,,GUI,UNKNOWN,,,INDIRECT,,UNVERIFIED,,,,
0x005da020,,,FUN_005da020,,UNKNOWN,UNKNOWN,,,INDIRECT,,UNVERIFIED,,,,
0x005da080,,hall_of_fame.cpp,FUN_005da080,,GUI,NOT_YET_PORTED,,,NO,SIMULATION_RELEVANT,UNVERIFIED,,,,
0x005da1c0,,,FUN_005da1c0,,GUI,UNKNOWN,,,INDIRECT,,UNVERIFIED,,,,
0x005daa70,,,FUN_005daa70,,UNKNOWN,UNKNOWN,,,INDIRECT,,UNVERIFIED,,,,
0x005dab70,,,FUN_005dab70,,GUI,PORTED_BEHAVIOURAL,crates/cm-domain/src/history.rs;crates/cm-domain/src/screen_batch16.rs,,YES,SIMULATION_RELEVANT,UNVERIFIED,,,,
0x005dad10,,history.cpp,,Ok dialog setup,screens,PORTED_BEHAVIOURAL,crates/cm-render/src/screens_auto.rs,build_screen_5dad10,INDIRECT,UI_RENDERING,STRUCTURALLY_VERIFIED,memory:screen-builders-ported.md,not pixel-verified,,
0x005db600,,,,empty screen builder,screens,PORTED_PARTIAL,crates/cm-render/src/screens_auto.rs,build_screen_5db600,INDIRECT,UI_RENDERING,STRUCTURALLY_VERIFIED,memory:screen-builders-ported.md,0-widget stub,,
0x005db8b0,,history.cpp,FUN_005db8b0,,GUI,PORTED_BEHAVIOURAL,crates/cm-domain/src/history.rs;crates/cm-render/src/hsr.rs,,YES,SIMULATION_RELEVANT,UNVERIFIED,,,,
0x005dbf60,,,FUN_005dbf60,,GUI,UNKNOWN,,,INDIRECT,,UNVERIFIED,,,,
0x005dbfe0,,,FUN_005dbfe0,,GUI,PORTED_BEHAVIOURAL,crates/cm-domain/src/history.rs,,YES,SIMULATION_RELEVANT,UNVERIFIED,,,,
0x005dc160,,,FUN_005dc160,,GUI,PORTED_BEHAVIOURAL,crates/cm-domain/src/history.rs,,YES,SIMULATION_RELEVANT,UNVERIFIED,,,,
0x005dc2a0,,,FUN_005dc2a0,,GUI,PORTED_BEHAVIOURAL,crates/cm-domain/src/history.rs,,YES,SIMULATION_RELEVANT,UNVERIFIED,,,,
0x005dc5e0,,,FUN_005dc5e0,,GUI,UNKNOWN,crates/cm-domain/src/screen_batch8.rs;crates/cm-domain/src/sidebar_dispatcher.rs;crates/cm-render/src/dispatcher.rs;crates/cm-render/src/view_render.rs,,INDIRECT,,UNVERIFIED,,,,
0x005dc660,,history.cpp,FUN_005dc660,,GUI,UNKNOWN,crates/cm-domain/src/history.rs;crates/cm-render/src/hsr.rs,,INDIRECT,,UNVERIFIED,,,,
0x005dcee0,,comp/cups/hol_cup.cpp,FUN_005dcee0,,GUI,UNKNOWN,,,INDIRECT,,UNVERIFIED,,,,
0x005dd070,,,FUN_005dd070,,UNKNOWN,UNKNOWN,,,INDIRECT,,UNVERIFIED,,,,
0x005dd090,,,FUN_005dd090,,GUI,UNKNOWN,,,INDIRECT,,UNVERIFIED,,,,
0x005dd170,,comp/cups/hol_cup.cpp,,Dutch Cup round-date helper,cups,PORTED_PARTIAL,crates/cm-domain/src/lib.rs,,YES,SIMULATION_RELEVANT,STRUCTURALLY_VERIFIED,rust:crates/cm-domain/src/lib.rs,foreign cup; disasm-only date lift,,
0x005dd800,,comp/cups/hol_cup.cpp,FUN_005dd800,,GUI,UNKNOWN,,,INDIRECT,,UNVERIFIED,,,,
0x005dd900,,,FUN_005dd900,,UNKNOWN,UNKNOWN,,,INDIRECT,,UNVERIFIED,,,,
0x005ddcb0,,comp/cups/hol_cup.cpp,FUN_005ddcb0,,GUI,UNKNOWN,,,INDIRECT,,UNVERIFIED,,,,
0x005ddf10,,comp/cups/hol_cup.cpp,FUN_005ddf10,,GUI,UNKNOWN,,,INDIRECT,,UNVERIFIED,,,,
0x005de2b0,,comp/cups/hol_cup.cpp,FUN_005de2b0,,GUI,UNKNOWN,,,INDIRECT,,UNVERIFIED,,,,
0x005deb00,,,FUN_005deb00,,UNKNOWN,UNKNOWN,,,INDIRECT,,UNVERIFIED,,,,
0x005def20,,comp/leagues/hol_first.cpp,FUN_005def20,,GUI,UNKNOWN,,,INDIRECT,,UNVERIFIED,,,,
0x005df140,,,FUN_005df140,,UNKNOWN,UNKNOWN,,,INDIRECT,,UNVERIFIED,,,,
0x005df160,,,FUN_005df160,,GUI,UNKNOWN,,,INDIRECT,,UNVERIFIED,,,,
0x005dfcd0,,comp/leagues/hol_first.cpp,FUN_005dfcd0,,GUI,UNKNOWN,,,INDIRECT,,UNVERIFIED,,,,
0x005dfdd0,,,FUN_005dfdd0,,UNKNOWN,UNKNOWN,,,INDIRECT,,UNVERIFIED,,,,
0x005e0040,,,FUN_005e0040,,UNKNOWN,UNKNOWN,,,INDIRECT,,UNVERIFIED,,,,
0x005e01b0,,comp/leagues/hol_first.cpp,FUN_005e01b0,,GUI,UNKNOWN,,,INDIRECT,,UNVERIFIED,,,,
0x005e0560,,comp/leagues/hol_first.cpp,FUN_005e0560,,GUI,UNKNOWN,,,INDIRECT,,UNVERIFIED,,,,
0x005e0dc0,,,FUN_005e0dc0,,GUI,UNKNOWN,,,INDIRECT,,UNVERIFIED,,,,
0x005e0e60,,,FUN_005e0e60,,UNKNOWN,UNKNOWN,,,INDIRECT,,UNVERIFIED,,,,
0x005e10a0,,comp/leagues/hol_prm.cpp,FUN_005e10a0,,GUI,UNKNOWN,,,INDIRECT,,UNVERIFIED,,,,
0x005e12b0,,,FUN_005e12b0,,UNKNOWN,UNKNOWN,,,INDIRECT,,UNVERIFIED,,,,
0x005e12d0,,,FUN_005e12d0,,GUI,UNKNOWN,,,INDIRECT,,UNVERIFIED,,,,
0x005e1ec0,,comp/leagues/hol_prm.cpp,FUN_005e1ec0,,GUI,UNKNOWN,,,INDIRECT,,UNVERIFIED,,,,
0x005e1ff0,,,FUN_005e1ff0,,UNKNOWN,UNKNOWN,,,INDIRECT,,UNVERIFIED,,,,
0x005e22b0,,comp/cups/hol_super.cpp,FUN_005e22b0,,GUI,UNKNOWN,,,INDIRECT,,UNVERIFIED,,,,
0x005e2470,,,FUN_005e2470,,UNKNOWN,UNKNOWN,,,INDIRECT,,UNVERIFIED,,,,
0x005e2490,,,FUN_005e2490,,UNKNOWN,UNKNOWN,,,INDIRECT,,UNVERIFIED,,,,
0x005e2560,,comp/cups/hol_super.cpp,FUN_005e2560,,GUI,UNKNOWN,,,INDIRECT,,UNVERIFIED,,,,
0x005e26a0,,comp/cups/hol_super.cpp,FUN_005e26a0,,GUI,UNKNOWN,,,INDIRECT,,UNVERIFIED,,,,
0x005e2a70,,,FUN_005e2a70,,GUI,UNKNOWN,,,INDIRECT,,UNVERIFIED,,,,
0x005e2b00,,award/holland_awards.cpp,FUN_005e2b00,,GUI,UNKNOWN,,,INDIRECT,,UNVERIFIED,,,,
0x005e3120,,transfer/holland_rules.cpp,FUN_005e3120,,GUI,UNKNOWN,,,INDIRECT,,UNVERIFIED,,,,
0x005e32c0,,,FUN_005e32c0,,UNKNOWN,UNKNOWN,,,INDIRECT,,UNVERIFIED,,,,
0x005e32e0,,comp/host_country.cpp,FUN_005e32e0,,RESOURCE,PORTED_BEHAVIOURAL,crates/cm-domain/src/host_country.rs,,YES,SIMULATION_RELEVANT,UNVERIFIED,,,,
0x005e3490,,comp/host_country.cpp,FUN_005e3490,,GUI,PORTED_BEHAVIOURAL,crates/cm-domain/src/host_country.rs,,YES,SIMULATION_RELEVANT,UNVERIFIED,,,,
0x005e4250,,,FUN_005e4250,host lookup by (sub year),competition,PORTED_PARTIAL,crates/cm-domain/src/host_country.rs,HostCountry::lookup,INDIRECT,SIMULATION_RELEVANT,PARTIAL,,drops +0x1e chosen-host-slot (primary vs co-host),,
0x005e42f0,,,FUN_005e42f0,,GUI,PORTED_BEHAVIOURAL,crates/cm-domain/src/host_country.rs,,YES,SIMULATION_RELEVANT,UNVERIFIED,,,,
0x005e4370,,,FUN_005e4370,season-roll driver companion,season-roll,NOT_YET_PORTED,crates/cm-domain/src/lib.rs,,NO,SIMULATION_RELEVANT,HYPOTHESIS,rust:crates/cm-domain/src/lib.rs,step 10e companion to curated 0x005bfd90; not ported,,
0x005e4690,,comp/host_country.cpp,FUN_005e4690,,GUI,UNKNOWN,,,INDIRECT,,UNVERIFIED,,,,
0x005e4800,,,FUN_005e4800,,UNKNOWN,UNKNOWN,,,INDIRECT,,UNVERIFIED,,,,
0x005e4840,,comp/host_country.cpp,FUN_005e4840,,GUI,NOT_YET_PORTED,,,NO,SIMULATION_RELEVANT,UNVERIFIED,,,,
0x005e49e0,,,FUN_005e49e0,,GUI,PORTED_BEHAVIOURAL,crates/cm-app/src/main.rs,,YES,SIMULATION_RELEVANT,UNVERIFIED,,,,
0x005e4c80,,comp/host_country.cpp,FUN_005e4c80,,GUI,PORTED_BEHAVIOURAL,crates/cm-domain/src/host_country.rs,,YES,SIMULATION_RELEVANT,UNVERIFIED,,,,
0x005e4e40,,comp/host_country.cpp,FUN_005e4e40,HostCountry.tmp writer,competition,PORTED_BEHAVIOURAL,crates/cm-domain/src/host_country.rs,HostCountry::save_tmp,YES,PERSISTENCE_RELEVANT,STRUCTURALLY_VERIFIED,,u16 count + count*0x22 records,,
0x005e4f50,,human_manager.cpp,FUN_005e4f50,,RESOURCE,PORTED_BEHAVIOURAL,crates/cm-domain/src/human_manager.rs,,YES,SIMULATION_RELEVANT,UNVERIFIED,,,,
0x005e51b0,,,FUN_005e51b0,,UNKNOWN,UNKNOWN,,,INDIRECT,,UNVERIFIED,,,,
0x005e5240,,,FUN_005e5240,,UNKNOWN,UNKNOWN,,,INDIRECT,,UNVERIFIED,,,,
0x005e5250,,,FUN_005e5250,,GUI,UNKNOWN,,,INDIRECT,,UNVERIFIED,,,,
0x005e5330,,human_manager.cpp,FUN_005e5330,add-human index allocator,manager,PORTED_BEHAVIOURAL,crates/cm-domain/src/lib.rs,,YES,SIMULATION_RELEVANT,STRUCTURALLY_VERIFIED,memory:manager-creation-flow.md,paired with FUN_00811140; returns new human index,,
0x005e5820,,human_manager.cpp,FUN_005e5820,,GUI,NOT_YET_PORTED,,,NO,SIMULATION_RELEVANT,UNVERIFIED,,,,
0x005e5940,,human_manager.cpp,FUN_005e5940,,GUI,NOT_YET_PORTED,,,NO,SIMULATION_RELEVANT,UNVERIFIED,,,,
0x005e5b30,,human_manager.cpp,FUN_005e5b30,,GUI,NOT_YET_PORTED,,,NO,SIMULATION_RELEVANT,UNVERIFIED,,,,
0x005e5c50,,human_manager.cpp,FUN_005e5c50,,GUI,NOT_YET_PORTED,,,NO,SIMULATION_RELEVANT,UNVERIFIED,,,,
0x005e5d70,,human_manager.cpp,FUN_005e5d70,,GUI,NOT_YET_PORTED,,,NO,SIMULATION_RELEVANT,UNVERIFIED,,,,
0x005e5e90,,human_manager.cpp,FUN_005e5e90,,GUI,NOT_YET_PORTED,,,NO,SIMULATION_RELEVANT,UNVERIFIED,,,,
0x005e5fb0,,human_manager.cpp,FUN_005e5fb0,,GUI,NOT_YET_PORTED,,,NO,SIMULATION_RELEVANT,UNVERIFIED,,,,
0x005e60d0,,human_manager.cpp,FUN_005e60d0,,GUI,PORTED_BEHAVIOURAL,crates/cm-domain/src/tactic_dispatcher.rs,,YES,SIMULATION_RELEVANT,UNVERIFIED,,,,
0x005e6280,,human_manager.cpp,FUN_005e6280,,GUI,PORTED_BEHAVIOURAL,crates/cm-render/src/scrman.rs,,YES,SIMULATION_RELEVANT,UNVERIFIED,,,,
0x005e6680,,human_manager.cpp,FUN_005e6680,,GUI,UNKNOWN,,,INDIRECT,,UNVERIFIED,,,,
0x005e6b10,,human_manager.cpp,FUN_005e6b10,,GUI,NOT_YET_PORTED,,,NO,SIMULATION_RELEVANT,UNVERIFIED,,,,
0x005e6c20,,human_manager.cpp,FUN_005e6c20,,GUI,NOT_YET_PORTED,,,NO,SIMULATION_RELEVANT,UNVERIFIED,,,,
0x005e6d30,,human_manager.cpp,FUN_005e6d30,,GUI,PORTED_BEHAVIOURAL,crates/cm-app/src/main.rs;crates/cm-domain/src/transfer.rs,,YES,SIMULATION_RELEVANT,UNVERIFIED,,,,
0x005e6e30,,human_manager.cpp,FUN_005e6e30,,GUI,PORTED_BEHAVIOURAL,crates/cm-render/src/dispatcher.rs,,YES,SIMULATION_RELEVANT,UNVERIFIED,,,,
0x005e6fc0,,human_manager.cpp,FUN_005e6fc0,,GUI,PORTED_BEHAVIOURAL,crates/cm-app/src/main.rs;crates/cm-domain/src/transfer.rs,,YES,SIMULATION_RELEVANT,UNVERIFIED,,,,
0x005e70d0,,human_manager.cpp,FUN_005e70d0,,GUI,NOT_YET_PORTED,,,NO,SIMULATION_RELEVANT,UNVERIFIED,,,,
0x005e71f0,,human_manager.cpp,FUN_005e71f0,,GUI,PORTED_BEHAVIOURAL,crates/cm-app/src/main.rs;crates/cm-domain/src/transfer.rs,,YES,SIMULATION_RELEVANT,UNVERIFIED,,,,
0x005e7350,,human_manager.cpp,FUN_005e7350,,GUI,NOT_YET_PORTED,,,NO,SIMULATION_RELEVANT,UNVERIFIED,,,,
0x005e7470,,human_manager.cpp,FUN_005e7470,,GUI,UNKNOWN,,,INDIRECT,,UNVERIFIED,,,,
0x005e7570,,human_manager.cpp,FUN_005e7570,,GUI,NOT_YET_PORTED,,,NO,SIMULATION_RELEVANT,UNVERIFIED,,,,
0x005e7670,,human_manager.cpp,FUN_005e7670,,GUI,UNKNOWN,,,INDIRECT,,UNVERIFIED,,,,
0x005e7770,,human_manager.cpp,FUN_005e7770,,GUI,NOT_YET_PORTED,,,NO,SIMULATION_RELEVANT,UNVERIFIED,,,,
0x005e7870,,human_manager.cpp,FUN_005e7870,,GUI,NOT_YET_PORTED,,,NO,SIMULATION_RELEVANT,UNVERIFIED,,,,
0x005e7980,,human_manager.cpp,FUN_005e7980,,GUI,PORTED_BEHAVIOURAL,crates/cm-domain/src/tactic_dispatcher.rs,,YES,SIMULATION_RELEVANT,UNVERIFIED,,,,
0x005e7a80,,human_manager.cpp,FUN_005e7a80,,GUI,UNKNOWN,,,INDIRECT,,UNVERIFIED,,,,
0x005e7b80,,human_manager.cpp,FUN_005e7b80,,GUI,PORTED_BEHAVIOURAL,crates/cm-app/src/main.rs;crates/cm-domain/src/transfer.rs,,YES,SIMULATION_RELEVANT,UNVERIFIED,,,,
0x005e7c80,,human_manager.cpp,FUN_005e7c80,,GUI,UNKNOWN,,,INDIRECT,,UNVERIFIED,,,,
0x005e7dd0,,human_manager.cpp,FUN_005e7dd0,,GUI,PORTED_BEHAVIOURAL,crates/cm-render/src/dispatcher.rs,,YES,SIMULATION_RELEVANT,UNVERIFIED,,,,
0x005e7f60,,human_manager.cpp,FUN_005e7f60,,GUI,NOT_YET_PORTED,,,NO,SIMULATION_RELEVANT,UNVERIFIED,,,,
0x005e8040,,human_manager.cpp,FUN_005e8040,,GUI,PORTED_BEHAVIOURAL,crates/cm-domain/src/human_manager.rs;crates/cm-render/src/dispatcher.rs,,YES,SIMULATION_RELEVANT,UNVERIFIED,,,,
0x005e8240,,human_manager.cpp,FUN_005e8240,,GUI,NOT_YET_PORTED,,,NO,SIMULATION_RELEVANT,UNVERIFIED,,,,
0x005e8410,,,FUN_005e8410,,UNKNOWN,UNKNOWN,,,INDIRECT,,UNVERIFIED,,,,
0x005e8490,,human_manager.cpp,FUN_005e8490,,GUI,PORTED_BEHAVIOURAL,crates/cm-domain/src/screen_club_dashboard.rs,,YES,SIMULATION_RELEVANT,UNVERIFIED,,,,
0x005e8590,,human_manager.cpp,FUN_005e8590,,GUI,NOT_YET_PORTED,,,NO,SIMULATION_RELEVANT,UNVERIFIED,,,,
0x005e86a0,,human_manager.cpp,FUN_005e86a0,,GUI,UNKNOWN,,,INDIRECT,,UNVERIFIED,,,,
0x005e8890,,human_manager.cpp,FUN_005e8890,,GUI,NOT_YET_PORTED,,,NO,SIMULATION_RELEVANT,UNVERIFIED,,,,
0x005e8990,,human_manager.cpp,FUN_005e8990,,GUI,PORTED_BEHAVIOURAL,crates/cm-domain/src/human_manager.rs,,YES,SIMULATION_RELEVANT,UNVERIFIED,,,,
0x005e9520,,human_manager.cpp,FUN_005e9520,,GUI,PORTED_BEHAVIOURAL,crates/cm-domain/src/human_manager.rs,,YES,SIMULATION_RELEVANT,UNVERIFIED,,,,
0x005e9a70,,,FUN_005e9a70,,GUI,UNKNOWN,,,INDIRECT,,UNVERIFIED,,,,
0x005ea120,,human_manager.cpp,FUN_005ea120,,GUI,NOT_YET_PORTED,,,NO,SIMULATION_RELEVANT,UNVERIFIED,,,,
0x005ea280,,human_manager.cpp,FUN_005ea280,,GUI,NOT_YET_PORTED,,,NO,SIMULATION_RELEVANT,UNVERIFIED,,,,
0x005ea590,,human_manager.cpp,FUN_005ea590,related-club seniority gate,transfers,NOT_YET_PORTED,crates/cm-app/src/main.rs;crates/cm-domain/src/c13_promotion_apply.rs;crates/cm-domain/src/eng_second_fixtures.rs;crates/cm-domain/src/human_manager.rs;crates/cm-domain/src/screen_batch28.rs;crates/cm-domain/src/screen_batch9.rs;crates/cm-domain/src/transfer.rs;crates/cm-render/src/dispatcher_club_toolbar.rs,,BLOCKED,SIMULATION_RELEVANT,UNVERIFIED,memory:transfer-deep-ports-done.md,gate feeding FUN_00580a90 tiers 2/3; resolve_wage_cap passes a marker,,
0x005ea720,,human_manager.cpp,FUN_005ea720,,GUI,PORTED_BEHAVIOURAL,crates/cm-domain/src/human_manager.rs;crates/cm-domain/src/screen_club_dashboard.rs;crates/cm-render/src/dispatcher_club_toolbar.rs;crates/cm-render/src/screen_club_squad_faithful.rs,,YES,SIMULATION_RELEVANT,UNVERIFIED,,,,
0x005ea860,,,FUN_005ea860,,GUI,UNKNOWN,,,INDIRECT,,UNVERIFIED,,,,
0x005ea8b0,,human_manager.cpp,FUN_005ea8b0,,GUI,NOT_YET_PORTED,,,NO,SIMULATION_RELEVANT,UNVERIFIED,,,,
0x005eaa40,,human_manager.cpp,FUN_005eaa40,,GUI,PORTED_BEHAVIOURAL,crates/cm-domain/src/human_manager.rs,,YES,SIMULATION_RELEVANT,UNVERIFIED,,,,
0x005eabd0,,human_manager.cpp,FUN_005eabd0,,GUI,UNKNOWN,,,INDIRECT,,UNVERIFIED,,,,
0x005ead90,,human_manager.cpp,FUN_005ead90,,GUI,UNKNOWN,,,INDIRECT,,UNVERIFIED,,,,
0x005eaf30,,human_manager.cpp,FUN_005eaf30,,GUI,UNKNOWN,,,INDIRECT,,UNVERIFIED,,,,
0x005eb0b0,,human_manager.cpp,FUN_005eb0b0,,GUI,UNKNOWN,,,INDIRECT,,UNVERIFIED,,,,
0x005eb250,,human_manager.cpp,FUN_005eb250,,GUI,PORTED_BEHAVIOURAL,crates/cm-domain/src/human_manager.rs,,YES,SIMULATION_RELEVANT,UNVERIFIED,,,,
0x005eb410,,,FUN_005eb410,,GUI,PORTED_BEHAVIOURAL,crates/cm-domain/src/index.rs,,YES,SIMULATION_RELEVANT,UNVERIFIED,,,,
0x005f5440,,,FUN_005f5440,,UNKNOWN,UNKNOWN,,,INDIRECT,,UNVERIFIED,,,,
0x005f7140,,index.cpp,FUN_005f7140,,GUI,PORTED_BEHAVIOURAL,crates/cm-domain/src/index.rs,,YES,SIMULATION_RELEVANT,UNVERIFIED,,,,
0x005f71d0,,,FUN_005f71d0,,UNKNOWN,PORTED_BEHAVIOURAL,crates/cm-domain/src/finance.rs,,YES,SIMULATION_RELEVANT,UNVERIFIED,,,,
0x005f8970,,,FUN_005f8970,,UNKNOWN,UNKNOWN,,,INDIRECT,,UNVERIFIED,,,,
0x005fae70,,,FUN_005fae70,,UNKNOWN,UNKNOWN,,,INDIRECT,,UNVERIFIED,,,,
0x005fde10,,,FUN_005fde10,,UNKNOWN,UNKNOWN,,,INDIRECT,,UNVERIFIED,,,,
0x00600680,,index.cpp,FUN_00600680,,GUI,PORTED_BEHAVIOURAL,crates/cm-domain/src/index.rs,,YES,SIMULATION_RELEVANT,UNVERIFIED,,,,
0x00600ee0,,,FUN_00600ee0,,GUI,UNKNOWN,,,INDIRECT,,UNVERIFIED,,,,
0x00600f50,,,FUN_00600f50,,GUI,PORTED_BEHAVIOURAL,crates/cm-domain/src/typed_records.rs,,YES,SIMULATION_RELEVANT,UNVERIFIED,,,,
0x00601930,,,FUN_00601930,,GUI,UNKNOWN,,,INDIRECT,,UNVERIFIED,,,,
0x00613de0,,,FUN_00613de0,,RESOURCE,UNKNOWN,,,INDIRECT,,UNVERIFIED,,,,
0x00614000,,,FUN_00614000,,GUI,UNKNOWN,,,INDIRECT,,UNVERIFIED,,,,
0x00614080,,,FUN_00614080,,GUI,UNKNOWN,,,INDIRECT,,UNVERIFIED,,,,
0x006141e0,,,FUN_006141e0,,GUI,UNKNOWN,,,INDIRECT,,UNVERIFIED,,,,
0x006149b0,,,FUN_006149b0,,GUI,UNKNOWN,,,INDIRECT,,UNVERIFIED,,,,
0x00614e90,,,FUN_00614e90,background subsystem C,tick,NOT_YET_PORTED,crates/cm-domain/src/lib.rs,,NO,SIMULATION_RELEVANT,HYPOTHESIS,rust:crates/cm-domain/src/lib.rs,step 10b; named stub,,
0x006153f0,,,FUN_006153f0,,GUI,UNKNOWN,,,INDIRECT,,UNVERIFIED,,,,
0x006154e0,,,FUN_006154e0,,GUI,UNKNOWN,,,INDIRECT,,UNVERIFIED,,,,
0x00615640,,,FUN_00615640,,UNKNOWN,UNKNOWN,,,INDIRECT,,UNVERIFIED,,,,
0x00615680,,,FUN_00615680,,GUI,UNKNOWN,,,INDIRECT,,UNVERIFIED,,,,
0x00615760,,,FUN_00615760,,GUI,UNKNOWN,,,INDIRECT,,UNVERIFIED,,,,
0x006159d0,,,FUN_006159d0,,UNKNOWN,UNKNOWN,,,INDIRECT,,UNVERIFIED,,,,
0x00615ab0,,,FUN_00615ab0,,GUI,UNKNOWN,,,INDIRECT,,UNVERIFIED,,,,
0x00615ae0,,,FUN_00615ae0,,GUI,UNKNOWN,,,INDIRECT,,UNVERIFIED,,,,
0x00615bf0,,,FUN_00615bf0,,GUI,UNKNOWN,,,INDIRECT,,UNVERIFIED,,,,
0x00615c70,,,FUN_00615c70,,GUI,UNKNOWN,crates/cm-domain/src/player_profile.rs,,INDIRECT,,UNVERIFIED,,,,
0x00615d40,,,FUN_00615d40,,GUI,UNKNOWN,,,INDIRECT,,UNVERIFIED,,,,
0x00615d60,,,FUN_00615d60,,GUI,UNKNOWN,,,INDIRECT,,UNVERIFIED,,,,
0x00616510,,,FUN_00616510,,GUI,UNKNOWN,,,INDIRECT,,UNVERIFIED,,,,
0x00616650,,,FUN_00616650,,GUI,UNKNOWN,,,INDIRECT,,UNVERIFIED,,,,
0x00616820,,,FUN_00616820,pick injury id within body region,injuries,PORTED_EXACT,crates/cm-domain/src/injury_gen.rs,pick_injury,INDIRECT,SIMULATION_RELEVANT,BYTE_EXACT,memory:history-panels-noheuristic-ports.md,wired at match commit; min-roll-wins; region rand(12); sev-class filter faithful,,
0x00616930,,,FUN_00616930,injury recovery-days formula,injuries,PORTED_EXACT,crates/cm-domain/src/injury_gen.rs,compute_injury,INDIRECT,SIMULATION_RELEVANT,BYTE_EXACT,memory:history-panels-noheuristic-ports.md,physio x87 Ghidra-dropped -> passed 0 (real exe path); __ftol trunc reproduced,,
0x00617380,,,FUN_00617380,,GUI,UNKNOWN,,,INDIRECT,,UNVERIFIED,,,,
0x006176f0,,,FUN_006176f0,,GUI,PORTED_BEHAVIOURAL,crates/cm-app/src/main.rs,,YES,SIMULATION_RELEVANT,UNVERIFIED,,,,
0x00617be0,,,FUN_00617be0,,GUI,UNKNOWN,,,INDIRECT,,UNVERIFIED,,,,
0x00617de0,,,FUN_00617de0,,GUI,UNKNOWN,,,INDIRECT,,UNVERIFIED,,,,
0x00617f00,,,FUN_00617f00,,GUI,UNKNOWN,,,INDIRECT,,UNVERIFIED,,,,
0x006180c0,,,FUN_006180c0,,GUI,PORTED_BEHAVIOURAL,crates/cm-app/src/main.rs,,YES,SIMULATION_RELEVANT,UNVERIFIED,,,,
0x006182e0,,,FUN_006182e0,,GUI,UNKNOWN,,,INDIRECT,,UNVERIFIED,,,,
0x00618300,,,FUN_00618300,,GUI,UNKNOWN,,,INDIRECT,,UNVERIFIED,,,,
0x006183c0,,,FUN_006183c0,,GUI,UNKNOWN,,,INDIRECT,,UNVERIFIED,,,,
0x00618410,,,FUN_00618410,club-status byte lookup,finance,PORTED_EXACT,crates/cm-domain/src/finance.rs,club_status_byte,TEST_ONLY,SIMULATION_RELEVANT,STATE_EXACT,rust:finance.rs,status_table[id*31+0x12] 0xFF sentinel; only from cm_lift_rpc not production,,
0x00618450,,,FUN_00618450,,GUI,PORTED_BEHAVIOURAL,crates/cm-domain/src/transfer.rs,,YES,SIMULATION_RELEVANT,UNVERIFIED,,,,
0x00618510,,,FUN_00618510,,GUI,UNKNOWN,,,INDIRECT,,UNVERIFIED,,,,
0x00618610,,,FUN_00618610,injury-name switch + duration table,injuries,PORTED_EXACT,crates/cm-domain/src/injury_table.rs,INJURY_TYPES,INDIRECT,SIMULATION_RELEVANT,BYTE_EXACT,memory:history-panels-noheuristic-ports.md,82 types; table .data 0x009d3dd9 stride 13,,
0x00619dc0,,,FUN_00619dc0,,GUI,UNKNOWN,,,INDIRECT,,UNVERIFIED,,,,
0x0061a1d0,,,FUN_0061a1d0,,GUI,UNKNOWN,,,INDIRECT,,UNVERIFIED,,,,
0x0061a330,,,FUN_0061a330,,GUI,UNKNOWN,,,INDIRECT,,UNVERIFIED,,,,
0x0061a5c0,,,FUN_0061a5c0,,,UNKNOWN,,,INDIRECT,,UNVERIFIED,,,,
0x0061ac30,,,FUN_0061ac30,,UNKNOWN,UNKNOWN,,,INDIRECT,,UNVERIFIED,,,,
0x0061ac60,,,FUN_0061ac60,,GUI,UNKNOWN,,,INDIRECT,,UNVERIFIED,,,,
0x0061b4a0,,,FUN_0061b4a0,,GUI,UNKNOWN,,,INDIRECT,,UNVERIFIED,,,,
0x0061b670,,,FUN_0061b670,,GUI,UNKNOWN,,,INDIRECT,,UNVERIFIED,,,,
0x0061b760,,comp/eurocomp/inter_amer_cup.cpp,FUN_0061b760,,GUI,UNKNOWN,,,INDIRECT,,UNVERIFIED,,,,
0x0061b930,,,FUN_0061b930,,UNKNOWN,UNKNOWN,,,INDIRECT,,UNVERIFIED,,,,
0x0061b950,,,FUN_0061b950,,UNKNOWN,UNKNOWN,,,INDIRECT,,UNVERIFIED,,,,
0x0061ba20,,comp/eurocomp/inter_amer_cup.cpp,FUN_0061ba20,CONCACAF single-round setup helper,cups,PORTED_PARTIAL,crates/cm-domain/src/lib.rs,,INDIRECT,SIMULATION_RELEVANT,PARTIAL,rust:crates/cm-domain/src/lib.rs,CONCACAF representative single-round setup,,
0x0061bb60,,comp/eurocomp/inter_amer_cup.cpp,FUN_0061bb60,CONCACAF club filter helper,cups,PORTED_PARTIAL,crates/cm-domain/src/lib.rs,,INDIRECT,SIMULATION_RELEVANT,PARTIAL,rust:crates/cm-domain/src/lib.rs,filters clubs for CONCACAF rep,,
0x0061c1a0,,,FUN_0061c1a0,,GUI,UNKNOWN,,,INDIRECT,,UNVERIFIED,,,,
0x0061c210,,award/international_awards.cpp,FUN_0061c210,,GUI,UNKNOWN,,,INDIRECT,,UNVERIFIED,,,,
0x0061c690,,comp/eurocomp/intertoto_cup.cpp,FUN_0061c690,,GUI,UNKNOWN,,,INDIRECT,,UNVERIFIED,,,,
0x0061c890,,,FUN_0061c890,,UNKNOWN,UNKNOWN,,,INDIRECT,,UNVERIFIED,,,,
0x0061c8b0,,,FUN_0061c8b0,,UNKNOWN,UNKNOWN,,,INDIRECT,,UNVERIFIED,,,,
0x0061c980,,comp/eurocomp/intertoto_cup.cpp,FUN_0061c980,,GUI,UNKNOWN,,,INDIRECT,,UNVERIFIED,,,,
0x0061cd40,,comp/eurocomp/intertoto_cup.cpp,FUN_0061cd40,Intertoto Cup participant/round helper,cups,PORTED_PARTIAL,crates/cm-domain/src/lib.rs,,INDIRECT,SIMULATION_RELEVANT,PARTIAL,rust:crates/cm-domain/src/lib.rs,60-participant intertoto; partial wiring,,
0x0061d290,,,FUN_0061d290,,GUI,PORTED_BEHAVIOURAL,crates/cm-render/src/dispatcher.rs;crates/cm-render/src/msgbox.rs,,YES,SIMULATION_RELEVANT,UNVERIFIED,,,,
0x0061d730,,comp/cups/ire_chal_cup.cpp,FUN_0061d730,,GUI,UNKNOWN,,,INDIRECT,,UNVERIFIED,,,,
0x0061d900,,,FUN_0061d900,,UNKNOWN,UNKNOWN,,,INDIRECT,,UNVERIFIED,,,,
0x0061d920,,,FUN_0061d920,,UNKNOWN,UNKNOWN,,,INDIRECT,,UNVERIFIED,,,,
0x0061d9f0,,comp/cups/ire_chal_cup.cpp,FUN_0061d9f0,Ireland Challenge Cup round-date helper,cups,PORTED_PARTIAL,crates/cm-domain/src/lib.rs,,YES,SIMULATION_RELEVANT,STRUCTURALLY_VERIFIED,rust:crates/cm-domain/src/lib.rs,foreign cup; date-only lift,,
0x0061de60,,comp/cups/ire_chal_cup.cpp,FUN_0061de60,,GUI,UNKNOWN,,,INDIRECT,,UNVERIFIED,,,,
0x0061e2a0,,comp/leagues/ire_first.cpp,FUN_0061e2a0,,GUI,UNKNOWN,,,INDIRECT,,UNVERIFIED,,,,
0x0061e4c0,,,FUN_0061e4c0,,UNKNOWN,UNKNOWN,,,INDIRECT,,UNVERIFIED,,,,
0x0061e4e0,,,FUN_0061e4e0,,GUI,UNKNOWN,,,INDIRECT,,UNVERIFIED,,,,
0x0061ef70,,comp/leagues/ire_first.cpp,FUN_0061ef70,,GUI,UNKNOWN,,,INDIRECT,,UNVERIFIED,,,,
0x0061f100,,,FUN_0061f100,,UNKNOWN,UNKNOWN,,,INDIRECT,,UNVERIFIED,,,,
0x0061f420,,comp/leagues/ire_first.cpp,FUN_0061f420,,GUI,UNKNOWN,,,INDIRECT,,UNVERIFIED,,,,
0x0061fb00,,comp/cups/ire_leinster_cup.cpp,FUN_0061fb00,,GUI,UNKNOWN,,,INDIRECT,,UNVERIFIED,,,,
0x0061fcd0,,,FUN_0061fcd0,,UNKNOWN,UNKNOWN,,,INDIRECT,,UNVERIFIED,,,,
0x0061fcf0,,,FUN_0061fcf0,,UNKNOWN,UNKNOWN,,,INDIRECT,,UNVERIFIED,,,,
0x0061fdc0,,comp/cups/ire_leinster_cup.cpp,FUN_0061fdc0,Ireland Leinster Cup round-date helper,cups,PORTED_PARTIAL,crates/cm-domain/src/lib.rs,,YES,SIMULATION_RELEVANT,STRUCTURALLY_VERIFIED,rust:crates/cm-domain/src/lib.rs,foreign cup; date-only lift,,
0x006200e0,,comp/cups/ire_leinster_cup.cpp,FUN_006200e0,,GUI,UNKNOWN,,,INDIRECT,,UNVERIFIED,,,,
0x00620430,,comp/cups/ire_lge_cup.cpp,FUN_00620430,,GUI,UNKNOWN,,,INDIRECT,,UNVERIFIED,,,,
0x00620680,,,FUN_00620680,,UNKNOWN,UNKNOWN,,,INDIRECT,,UNVERIFIED,,,,
0x006206a0,,,FUN_006206a0,,GUI,UNKNOWN,,,INDIRECT,,UNVERIFIED,,,,
0x00620c20,,comp/cups/ire_lge_cup.cpp,FUN_00620c20,,GUI,UNKNOWN,,,INDIRECT,,UNVERIFIED,,,,
0x00620d20,,,FUN_00620d20,,UNKNOWN,UNKNOWN,,,INDIRECT,,UNVERIFIED,,,,
0x00621020,,comp/cups/ire_lge_cup.cpp,FUN_00621020,,GUI,UNKNOWN,,,INDIRECT,,UNVERIFIED,,,,
0x00621260,,comp/cups/ire_lge_cup.cpp,FUN_00621260,,GUI,UNKNOWN,,,INDIRECT,,UNVERIFIED,,,,
0x00621430,,comp/cups/ire_lge_cup.cpp,FUN_00621430,,GUI,UNKNOWN,,,INDIRECT,,UNVERIFIED,,,,
0x00621a80,,comp/cups/ire_lge_cup.cpp,FUN_00621a80,,GUI,UNKNOWN,,,INDIRECT,,UNVERIFIED,,,,
0x00621e00,,,FUN_00621e00,,,UNKNOWN,,,INDIRECT,,UNVERIFIED,,,,
0x00621fd0,,,FUN_00621fd0,,UNKNOWN,UNKNOWN,,,INDIRECT,,UNVERIFIED,,,,
0x00621ff0,,,FUN_00621ff0,,UNKNOWN,UNKNOWN,,,INDIRECT,,UNVERIFIED,,,,
0x006220c0,,comp/cups/ire_munster_cup.cpp,FUN_006220c0,Ireland League Cup KO round-date helper,cups,PORTED_PARTIAL,crates/cm-domain/src/lib.rs,,YES,SIMULATION_RELEVANT,STRUCTURALLY_VERIFIED,rust:crates/cm-domain/src/lib.rs,foreign cup; date-only lift,,
0x00622490,,comp/cups/ire_munster_cup.cpp,FUN_00622490,,GUI,UNKNOWN,,,INDIRECT,,UNVERIFIED,,,,
0x006228d0,,,FUN_006228d0,,UNKNOWN,UNKNOWN,,,INDIRECT,,UNVERIFIED,,,,
0x00622900,,comp/cups/ire_pres_cup.cpp,FUN_00622900,,GUI,UNKNOWN,,,INDIRECT,,UNVERIFIED,,,,
0x00622ac0,,,FUN_00622ac0,,UNKNOWN,UNKNOWN,,,INDIRECT,,UNVERIFIED,,,,
0x00622ae0,,,FUN_00622ae0,,UNKNOWN,UNKNOWN,,,INDIRECT,,UNVERIFIED,,,,
0x00622bb0,,comp/cups/ire_pres_cup.cpp,FUN_00622bb0,Ireland President's Cup round-date helper,cups,PORTED_PARTIAL,crates/cm-domain/src/lib.rs,,YES,SIMULATION_RELEVANT,STRUCTURALLY_VERIFIED,rust:crates/cm-domain/src/lib.rs,foreign cup; date-only lift,,
0x00622cf0,,comp/cups/ire_pres_cup.cpp,FUN_00622cf0,,GUI,UNKNOWN,,,INDIRECT,,UNVERIFIED,,,,
0x00623040,,,FUN_00623040,,UNKNOWN,UNKNOWN,,,INDIRECT,,UNVERIFIED,,,,
0x00623240,,comp/leagues/ire_prm.cpp,FUN_00623240,,GUI,UNKNOWN,,,INDIRECT,,UNVERIFIED,,,,
0x00623470,,,FUN_00623470,,UNKNOWN,UNKNOWN,,,INDIRECT,,UNVERIFIED,,,,
0x00623490,,,FUN_00623490,,GUI,UNKNOWN,,,INDIRECT,,UNVERIFIED,,,,
0x00623dd0,,comp/leagues/ire_prm.cpp,FUN_00623dd0,,GUI,UNKNOWN,,,INDIRECT,,UNVERIFIED,,,,
0x00623f90,,,FUN_00623f90,,UNKNOWN,UNKNOWN,,,INDIRECT,,UNVERIFIED,,,,
0x00624360,,comp/cups/ire_super_cup.cpp,FUN_00624360,,GUI,UNKNOWN,,,INDIRECT,,UNVERIFIED,,,,
0x00624510,,,FUN_00624510,,UNKNOWN,UNKNOWN,,,INDIRECT,,UNVERIFIED,,,,
0x00624530,,,FUN_00624530,,GUI,UNKNOWN,,,INDIRECT,,UNVERIFIED,,,,
0x006245f0,,comp/cups/ire_super_cup.cpp,FUN_006245f0,Italian League Cup KO round-date helper,cups,PORTED_PARTIAL,crates/cm-domain/src/lib.rs,,YES,SIMULATION_RELEVANT,STRUCTURALLY_VERIFIED,rust:crates/cm-domain/src/lib.rs,foreign cup; date-only lift,,
0x00624750,,comp/cups/ire_super_cup.cpp,FUN_00624750,,GUI,UNKNOWN,,,INDIRECT,,UNVERIFIED,,,,
0x00624b50,,,FUN_00624b50,,UNKNOWN,UNKNOWN,,,INDIRECT,,UNVERIFIED,,,,
0x00624ce0,,award/ireland_awards.cpp,FUN_00624ce0,,GUI,UNKNOWN,,,INDIRECT,,UNVERIFIED,,,,
0x00624e30,,award/ireland_awards.cpp,FUN_00624e30,,GUI,UNKNOWN,,,INDIRECT,,UNVERIFIED,,,,
0x00625800,,,FUN_00625800,,UNKNOWN,UNKNOWN,,,INDIRECT,,UNVERIFIED,,,,
0x006258b0,,transfer/ireland_rules.cpp,FUN_006258b0,,GUI,UNKNOWN,,,INDIRECT,,UNVERIFIED,,,,
0x006259d0,,,FUN_006259d0,,UNKNOWN,UNKNOWN,,,INDIRECT,,UNVERIFIED,,,,
0x00625a50,,,FUN_00625a50,,UNKNOWN,UNKNOWN,,,INDIRECT,,UNVERIFIED,,,,
0x00625c60,,comp/cups/ita_c1_super.cpp,FUN_00625c60,,GUI,UNKNOWN,,,INDIRECT,,UNVERIFIED,,,,
0x00625e20,,,FUN_00625e20,,UNKNOWN,UNKNOWN,,,INDIRECT,,UNVERIFIED,,,,
0x00625e40,,,FUN_00625e40,,UNKNOWN,UNKNOWN,,,INDIRECT,,UNVERIFIED,,,,
0x00625f10,,comp/cups/ita_c1_super.cpp,FUN_00625f10,,GUI,UNKNOWN,,,INDIRECT,,UNVERIFIED,,,,
0x00626050,,comp/cups/ita_c1_super.cpp,FUN_00626050,,GUI,UNKNOWN,,,INDIRECT,,UNVERIFIED,,,,
0x006262c0,,comp/cups/ita_c_cup.cpp,FUN_006262c0,,GUI,UNKNOWN,,,INDIRECT,,UNVERIFIED,,,,
0x00626510,,,FUN_00626510,,UNKNOWN,UNKNOWN,,,INDIRECT,,UNVERIFIED,,,,
0x00626530,,,FUN_00626530,,GUI,UNKNOWN,,,INDIRECT,,UNVERIFIED,,,,
0x00626c60,,comp/cups/ita_c_cup.cpp,FUN_00626c60,,GUI,UNKNOWN,,,INDIRECT,,UNVERIFIED,,,,
0x00626d60,,,FUN_00626d60,,UNKNOWN,UNKNOWN,,,INDIRECT,,UNVERIFIED,,,,
0x00627060,,comp/cups/ita_c_cup.cpp,FUN_00627060,Italian League Cup group-phase helper,cups,PORTED_PARTIAL,crates/cm-domain/src/lib.rs,,INDIRECT,SIMULATION_RELEVANT,PARTIAL,rust:crates/cm-domain/src/lib.rs,foreign; separate group phase runs later,,
0x00627290,,comp/cups/ita_c_cup.cpp,FUN_00627290,,GUI,UNKNOWN,,,INDIRECT,,UNVERIFIED,,,,
0x00627660,,comp/cups/ita_c_cup.cpp,FUN_00627660,,GUI,UNKNOWN,,,INDIRECT,,UNVERIFIED,,,,
0x00627c00,,comp/cups/ita_c_cup.cpp,FUN_00627c00,,GUI,UNKNOWN,,,INDIRECT,,UNVERIFIED,,,,
0x00627f80,,,FUN_00627f80,,,UNKNOWN,,,INDIRECT,,UNVERIFIED,,,,
0x006281d0,,,FUN_006281d0,,UNKNOWN,UNKNOWN,,,INDIRECT,,UNVERIFIED,,,,
0x006281f0,,,FUN_006281f0,,GUI,UNKNOWN,,,INDIRECT,,UNVERIFIED,,,,
0x006282d0,,comp/cups/ita_cup.cpp,,Italian Cup round-date helper,cups,PORTED_PARTIAL,crates/cm-domain/src/lib.rs,,YES,SIMULATION_RELEVANT,STRUCTURALLY_VERIFIED,rust:crates/cm-domain/src/lib.rs,foreign cup; date-only lift,,
0x006288d0,,comp/cups/ita_cup.cpp,FUN_006288d0,,GUI,UNKNOWN,,,INDIRECT,,UNVERIFIED,,,,
0x006289d0,,,FUN_006289d0,,UNKNOWN,UNKNOWN,,,INDIRECT,,UNVERIFIED,,,,
0x00628cc0,,comp/cups/ita_cup.cpp,FUN_00628cc0,,GUI,UNKNOWN,,,INDIRECT,,UNVERIFIED,,,,
0x00628ef0,,comp/cups/ita_cup.cpp,FUN_00628ef0,,GUI,UNKNOWN,,,INDIRECT,,UNVERIFIED,,,,
0x00629170,,comp/cups/ita_cup.cpp,FUN_00629170,,GUI,UNKNOWN,,,INDIRECT,,UNVERIFIED,,,,
0x00629890,,comp/cups/ita_cup.cpp,FUN_00629890,,GUI,UNKNOWN,,,INDIRECT,,UNVERIFIED,,,,
0x00629d50,,comp/leagues/ita_ser_a.cpp,FUN_00629d50,,GUI,UNKNOWN,,,INDIRECT,,UNVERIFIED,,,,
0x00629f80,,,FUN_00629f80,,UNKNOWN,UNKNOWN,,,INDIRECT,,UNVERIFIED,,,,
0x00629fa0,,,FUN_00629fa0,,GUI,UNKNOWN,,,INDIRECT,,UNVERIFIED,,,,
0x0062ab90,,comp/leagues/ita_ser_a.cpp,FUN_0062ab90,,GUI,UNKNOWN,,,INDIRECT,,UNVERIFIED,,,,
0x0062acc0,,,FUN_0062acc0,,UNKNOWN,UNKNOWN,,,INDIRECT,,UNVERIFIED,,,,
0x0062b0f0,,comp/leagues/ita_ser_a.cpp,FUN_0062b0f0,,GUI,UNKNOWN,,,INDIRECT,,UNVERIFIED,,,,
0x0062b640,,comp/leagues/ita_ser_a.cpp,FUN_0062b640,,GUI,UNKNOWN,,,INDIRECT,,UNVERIFIED,,,,
0x0062b840,,comp/leagues/ita_ser_a.cpp,FUN_0062b840,,GUI,UNKNOWN,,,INDIRECT,,UNVERIFIED,,,,
0x0062bcb0,,,FUN_0062bcb0,,GUI,UNKNOWN,,,INDIRECT,,UNVERIFIED,,,,
0x0062be10,,,FUN_0062be10,,UNKNOWN,UNKNOWN,,,INDIRECT,,UNVERIFIED,,,,
0x0062c0f0,,,FUN_0062c0f0,,GUI,UNKNOWN,,,INDIRECT,,UNVERIFIED,,,,
0x0062c180,,comp/leagues/ita_ser_a.cpp,FUN_0062c180,,GUI,UNKNOWN,,,INDIRECT,,UNVERIFIED,,,,
0x0062ef10,,comp/leagues/ita_ser_b.cpp,FUN_0062ef10,,GUI,UNKNOWN,,,INDIRECT,,UNVERIFIED,,,,
0x0062f140,,,FUN_0062f140,,UNKNOWN,UNKNOWN,,,INDIRECT,,UNVERIFIED,,,,
0x0062f160,,,FUN_0062f160,,GUI,UNKNOWN,,,INDIRECT,,UNVERIFIED,,,,
0x0062fe80,,comp/leagues/ita_ser_b.cpp,FUN_0062fe80,,GUI,UNKNOWN,,,INDIRECT,,UNVERIFIED,,,,
0x0062ffa0,,,FUN_0062ffa0,,UNKNOWN,UNKNOWN,,,INDIRECT,,UNVERIFIED,,,,
0x006302b0,,comp/leagues/ita_ser_b.cpp,FUN_006302b0,,GUI,UNKNOWN,,,INDIRECT,,UNVERIFIED,,,,
0x006308a0,,comp/leagues/ita_ser_b.cpp,FUN_006308a0,,GUI,UNKNOWN,,,INDIRECT,,UNVERIFIED,,,,
0x006340e0,,comp/leagues/ita_ser_c1a.cpp,FUN_006340e0,,GUI,UNKNOWN,,,INDIRECT,,UNVERIFIED,,,,
0x00634310,,,FUN_00634310,,UNKNOWN,UNKNOWN,,,INDIRECT,,UNVERIFIED,,,,
0x00634330,,,FUN_00634330,,GUI,UNKNOWN,,,INDIRECT,,UNVERIFIED,,,,
0x00634ce0,,comp/leagues/ita_ser_c1a.cpp,FUN_00634ce0,,GUI,UNKNOWN,,,INDIRECT,,UNVERIFIED,,,,
0x00634de0,,,FUN_00634de0,,UNKNOWN,UNKNOWN,,,INDIRECT,,UNVERIFIED,,,,
0x006350e0,,comp/leagues/ita_ser_c1a.cpp,FUN_006350e0,,GUI,UNKNOWN,,,INDIRECT,,UNVERIFIED,,,,
0x00635500,,comp/leagues/ita_ser_c1a.cpp,FUN_00635500,,GUI,UNKNOWN,,,INDIRECT,,UNVERIFIED,,,,
0x00638290,,comp/leagues/ita_ser_c1b.cpp,FUN_00638290,,GUI,UNKNOWN,,,INDIRECT,,UNVERIFIED,,,,
0x006384c0,,,FUN_006384c0,,UNKNOWN,UNKNOWN,,,INDIRECT,,UNVERIFIED,,,,
0x006384e0,,,FUN_006384e0,,GUI,UNKNOWN,,,INDIRECT,,UNVERIFIED,,,,
0x00638e90,,comp/leagues/ita_ser_c1b.cpp,FUN_00638e90,,GUI,UNKNOWN,,,INDIRECT,,UNVERIFIED,,,,
0x00638f90,,,FUN_00638f90,,UNKNOWN,UNKNOWN,,,INDIRECT,,UNVERIFIED,,,,
0x006392a0,,comp/leagues/ita_ser_c1b.cpp,FUN_006392a0,,GUI,UNKNOWN,,,INDIRECT,,UNVERIFIED,,,,
0x00639890,,comp/leagues/ita_ser_c1b.cpp,FUN_00639890,,GUI,UNKNOWN,,,INDIRECT,,UNVERIFIED,,,,
0x0063c620,,comp/leagues/ita_ser_c2a.cpp,FUN_0063c620,,GUI,UNKNOWN,,,INDIRECT,,UNVERIFIED,,,,
0x0063c850,,,FUN_0063c850,,UNKNOWN,UNKNOWN,,,INDIRECT,,UNVERIFIED,,,,
0x0063c870,,,FUN_0063c870,,GUI,UNKNOWN,,,INDIRECT,,UNVERIFIED,,,,
0x0063d220,,comp/leagues/ita_ser_c2a.cpp,FUN_0063d220,,GUI,UNKNOWN,,,INDIRECT,,UNVERIFIED,,,,
0x0063d320,,,FUN_0063d320,,UNKNOWN,UNKNOWN,,,INDIRECT,,UNVERIFIED,,,,
0x0063d620,,comp/leagues/ita_ser_c2a.cpp,FUN_0063d620,,GUI,UNKNOWN,,,INDIRECT,,UNVERIFIED,,,,
0x0063da20,,comp/leagues/ita_ser_c2a.cpp,FUN_0063da20,,GUI,UNKNOWN,,,INDIRECT,,UNVERIFIED,,,,
0x006407b0,,comp/leagues/ita_ser_c2b.cpp,FUN_006407b0,,GUI,UNKNOWN,,,INDIRECT,,UNVERIFIED,,,,
0x006409e0,,,FUN_006409e0,,UNKNOWN,UNKNOWN,,,INDIRECT,,UNVERIFIED,,,,
0x00640a00,,,FUN_00640a00,,GUI,UNKNOWN,,,INDIRECT,,UNVERIFIED,,,,
0x006413b0,,comp/leagues/ita_ser_c2b.cpp,FUN_006413b0,,GUI,UNKNOWN,,,INDIRECT,,UNVERIFIED,,,,
0x006414b0,,,FUN_006414b0,,UNKNOWN,UNKNOWN,,,INDIRECT,,UNVERIFIED,,,,
0x006417b0,,comp/leagues/ita_ser_c2b.cpp,FUN_006417b0,,GUI,UNKNOWN,,,INDIRECT,,UNVERIFIED,,,,
0x00641bb0,,comp/leagues/ita_ser_c2b.cpp,FUN_00641bb0,,GUI,UNKNOWN,,,INDIRECT,,UNVERIFIED,,,,
0x00644940,,comp/leagues/ita_ser_c2c.cpp,FUN_00644940,,GUI,UNKNOWN,,,INDIRECT,,UNVERIFIED,,,,
0x00644b70,,,FUN_00644b70,,UNKNOWN,UNKNOWN,,,INDIRECT,,UNVERIFIED,,,,
0x00644b90,,,FUN_00644b90,,GUI,UNKNOWN,,,INDIRECT,,UNVERIFIED,,,,
0x00645540,,comp/leagues/ita_ser_c2c.cpp,FUN_00645540,,GUI,UNKNOWN,,,INDIRECT,,UNVERIFIED,,,,
0x00645640,,,FUN_00645640,,UNKNOWN,UNKNOWN,,,INDIRECT,,UNVERIFIED,,,,
0x00645940,,comp/leagues/ita_ser_c2c.cpp,FUN_00645940,,GUI,UNKNOWN,,,INDIRECT,,UNVERIFIED,,,,
0x00645f50,,comp/leagues/ita_ser_c2c.cpp,FUN_00645f50,,GUI,UNKNOWN,,,INDIRECT,,UNVERIFIED,,,,
0x00648ce0,,comp/cups/ita_super.cpp,FUN_00648ce0,,GUI,UNKNOWN,,,INDIRECT,,UNVERIFIED,,,,
0x00648ea0,,,FUN_00648ea0,,UNKNOWN,UNKNOWN,,,INDIRECT,,UNVERIFIED,,,,
0x00648ec0,,,FUN_00648ec0,,UNKNOWN,UNKNOWN,,,INDIRECT,,UNVERIFIED,,,,
0x00648f90,,comp/cups/ita_super.cpp,FUN_00648f90,,GUI,UNKNOWN,,,INDIRECT,,UNVERIFIED,,,,
0x006490d0,,comp/cups/ita_super.cpp,FUN_006490d0,,GUI,UNKNOWN,,,INDIRECT,,UNVERIFIED,,,,
0x006494a0,,,FUN_006494a0,,UNKNOWN,UNKNOWN,,,INDIRECT,,UNVERIFIED,,,,
0x006494d0,,,FUN_006494d0,,GUI,UNKNOWN,,,INDIRECT,,UNVERIFIED,,,,
0x00649560,,award/italy_awards.cpp,FUN_00649560,,GUI,UNKNOWN,,,INDIRECT,,UNVERIFIED,,,,
0x0064aa20,,,FUN_0064aa20,,GUI,UNKNOWN,,,INDIRECT,,UNVERIFIED,,,,
0x0064aa90,,transfer/italy_rules.cpp,FUN_0064aa90,,GUI,UNKNOWN,,,INDIRECT,,UNVERIFIED,,,,
0x0064acd0,,,FUN_0064acd0,,GUI,UNKNOWN,,,INDIRECT,,UNVERIFIED,,,,
0x0064af90,,,FUN_0064af90,,GUI,UNKNOWN,,,INDIRECT,,UNVERIFIED,,,,
0x0064b3d0,,comp/cups/jap_emp_cup.cpp,FUN_0064b3d0,,GUI,UNKNOWN,,,INDIRECT,,UNVERIFIED,,,,
0x0064b5a0,,,FUN_0064b5a0,,UNKNOWN,UNKNOWN,,,INDIRECT,,UNVERIFIED,,,,
0x0064b5c0,,,FUN_0064b5c0,,UNKNOWN,UNKNOWN,,,INDIRECT,,UNVERIFIED,,,,
0x0064b690,,comp/cups/jap_emp_cup.cpp,FUN_0064b690,,GUI,UNKNOWN,,,INDIRECT,,UNVERIFIED,,,,
0x0064bb90,,comp/cups/jap_emp_cup.cpp,FUN_0064bb90,,GUI,UNKNOWN,,,INDIRECT,,UNVERIFIED,,,,
0x0064c1d0,,,FUN_0064c1d0,,UNKNOWN,UNKNOWN,,,INDIRECT,,UNVERIFIED,,,,
0x0064c200,,comp/leagues/jap_j1.cpp,FUN_0064c200,,GUI,UNKNOWN,,,INDIRECT,,UNVERIFIED,,,,
0x0064c420,,,FUN_0064c420,,UNKNOWN,UNKNOWN,,,INDIRECT,,UNVERIFIED,,,,
0x0064c440,,,FUN_0064c440,,GUI,UNKNOWN,,,INDIRECT,,UNVERIFIED,,,,
0x0064cbb0,,comp/leagues/jap_j1.cpp,FUN_0064cbb0,,GUI,UNKNOWN,,,INDIRECT,,UNVERIFIED,,,,
0x0064ccf0,,,FUN_0064ccf0,,UNKNOWN,UNKNOWN,,,INDIRECT,,UNVERIFIED,,,,
0x0064d010,,,FUN_0064d010,,UNKNOWN,UNKNOWN,,,INDIRECT,,UNVERIFIED,,,,
0x0064d120,,comp/leagues/jap_j1.cpp,FUN_0064d120,,GUI,UNKNOWN,,,INDIRECT,,UNVERIFIED,,,,
0x0064d2f0,,comp/leagues/jap_j1.cpp,FUN_0064d2f0,,GUI,UNKNOWN,,,INDIRECT,,UNVERIFIED,,,,
0x0064da60,,,FUN_0064da60,,UNKNOWN,UNKNOWN,,,INDIRECT,,UNVERIFIED,,,,
0x0064dad0,,,FUN_0064dad0,,UNKNOWN,UNKNOWN,,,INDIRECT,,UNVERIFIED,,,,
0x0064db90,,comp/leagues/jap_j2.cpp,FUN_0064db90,,GUI,UNKNOWN,,,INDIRECT,,UNVERIFIED,,,,
0x0064dda0,,,FUN_0064dda0,,UNKNOWN,UNKNOWN,,,INDIRECT,,UNVERIFIED,,,,
0x0064ddc0,,,FUN_0064ddc0,,GUI,UNKNOWN,,,INDIRECT,,UNVERIFIED,,,,
0x0064e700,,comp/leagues/jap_j2.cpp,FUN_0064e700,,GUI,UNKNOWN,,,INDIRECT,,UNVERIFIED,,,,
0x0064e810,,,FUN_0064e810,,UNKNOWN,UNKNOWN,,,INDIRECT,,UNVERIFIED,,,,
0x0064eb00,,comp/cups/jap_j_cup.cpp,FUN_0064eb00,,GUI,UNKNOWN,,,INDIRECT,,UNVERIFIED,,,,
0x0064ecd0,,,FUN_0064ecd0,,UNKNOWN,UNKNOWN,,,INDIRECT,,UNVERIFIED,,,,
0x0064ecf0,,,FUN_0064ecf0,,UNKNOWN,UNKNOWN,,,INDIRECT,,UNVERIFIED,,,,
0x0064edc0,,comp/cups/jap_j_cup.cpp,FUN_0064edc0,,GUI,UNKNOWN,,,INDIRECT,,UNVERIFIED,,,,
0x0064f180,,comp/cups/jap_j_cup.cpp,FUN_0064f180,,GUI,UNKNOWN,,,INDIRECT,,UNVERIFIED,,,,
0x0064f4f0,,,FUN_0064f4f0,,UNKNOWN,UNKNOWN,,,INDIRECT,,UNVERIFIED,,,,
0x0064f520,,comp/cups/jap_super.cpp,FUN_0064f520,,GUI,UNKNOWN,,,INDIRECT,,UNVERIFIED,,,,
0x0064f6e0,,,FUN_0064f6e0,,UNKNOWN,UNKNOWN,,,INDIRECT,,UNVERIFIED,,,,
0x0064f700,,,FUN_0064f700,,UNKNOWN,UNKNOWN,,,INDIRECT,,UNVERIFIED,,,,
0x0064f7d0,,comp/cups/jap_super.cpp,FUN_0064f7d0,,GUI,UNKNOWN,,,INDIRECT,,UNVERIFIED,,,,
0x0064f910,,comp/cups/jap_super.cpp,FUN_0064f910,,GUI,UNKNOWN,,,INDIRECT,,UNVERIFIED,,,,
0x0064fe40,,,FUN_0064fe40,,GUI,UNKNOWN,,,INDIRECT,,UNVERIFIED,,,,
0x0064fed0,,award/japan_awards.cpp,FUN_0064fed0,,GUI,UNKNOWN,,,INDIRECT,,UNVERIFIED,,,,
0x00650380,,,FUN_00650380,,GUI,UNKNOWN,,,INDIRECT,,UNVERIFIED,,,,
0x006503f0,,transfer/japan_rules.cpp,FUN_006503f0,,GUI,UNKNOWN,,,INDIRECT,,UNVERIFIED,,,,
0x00650890,,,FUN_00650890,,UNKNOWN,UNKNOWN,,,INDIRECT,,UNVERIFIED,,,,
0x006508e0,,key_nation.cpp,FUN_006508e0,per-nation season-table builder,nation,PORTED_BEHAVIOURAL,crates/cm-domain/src/league_calendar.rs,season_start,YES,SIMULATION_RELEVANT,STRUCTURALLY_VERIFIED,memory/league-dates-and-comp-wiring.md,builds DAT_00b4bc70 start dates,,
0x006527e0,,,FUN_006527e0,tier-1 same-nation routing,nation,PORTED_BEHAVIOURAL,crates/cm-domain/src/lib.rs,MatchDetailMode::NotSimulated,YES,SIMULATION_RELEVANT,BEHAVIOURALLY_EXACT,memory:league-tier-model.md,Neither-nation fixtures not run through engine,,
0x00652820,,key_nation.cpp,FUN_00652820,,GUI,UNKNOWN,,,INDIRECT,,UNVERIFIED,,,,
0x00652930,,,FUN_00652930,,UNKNOWN,UNKNOWN,,,INDIRECT,,UNVERIFIED,,,,
0x00652990,,,FUN_00652990,,UNKNOWN,UNKNOWN,,,INDIRECT,,UNVERIFIED,,,,
0x006529e0,,,FUN_006529e0,,GUI,UNKNOWN,,,INDIRECT,,UNVERIFIED,,,,
0x00652a00,,key_nation.cpp,FUN_00652a00,nation -> season-boundary index resolver,nation,NOT_YET_PORTED,crates/cm-domain/src/club_history.rs;crates/cm-domain/src/league_calendar.rs,,BLOCKED,SIMULATION_RELEVANT,HYPOTHESIS,reports/club_history_screen_decode.md,DAT_00b4bc70 index; unblocks club-history record season-bucketing,,
0x00652b10,,key_nation.cpp,FUN_00652b10,,GUI,NOT_YET_PORTED,,,NO,SIMULATION_RELEVANT,UNVERIFIED,,,,
0x00652c60,,,FUN_00652c60,,UNKNOWN,UNKNOWN,,,INDIRECT,,UNVERIFIED,,,,
0x00652ca0,,,FUN_00652ca0,,UNKNOWN,UNKNOWN,,,INDIRECT,,UNVERIFIED,,,,
0x00652cd0,,key_nation.cpp,FUN_00652cd0,"season-year -> ""YYYY/YY"" label",nation,PORTED_PARTIAL,crates/cm-domain/src/club_history.rs,season_label,INDIRECT,SIMULATION_RELEVANT,PARTIAL,reports/club_history_screen_decode.md,split-year branch ported; per-nation calendar/split decision + year==0 fallback NOT,,
0x00652e60,,key_nation.cpp,FUN_00652e60,,GUI,PORTED_BEHAVIOURAL,crates/cm-domain/src/screen_batch28.rs,,YES,SIMULATION_RELEVANT,UNVERIFIED,,,,
0x00652ff0,,,FUN_00652ff0,,GUI,PORTED_BEHAVIOURAL,crates/cm-domain/src/club_history.rs,,YES,SIMULATION_RELEVANT,UNVERIFIED,,,,
0x00653070,,,FUN_00653070,,GUI,UNKNOWN,,,INDIRECT,,UNVERIFIED,,,,
0x006530b0,,key_nation.cpp,FUN_006530b0,,GUI,UNKNOWN,,,INDIRECT,,UNVERIFIED,,,,
0x00653180,,key_nation.cpp,FUN_00653180,,GUI,UNKNOWN,,,INDIRECT,,UNVERIFIED,,,,
0x00653270,,,FUN_00653270,,GUI,PORTED_BEHAVIOURAL,crates/cm-domain/src/screen_batch22.rs,,YES,SIMULATION_RELEVANT,UNVERIFIED,,,,
0x006535f0,,key_nation.cpp,,,GUI,PORTED_BEHAVIOURAL,crates/cm-ui-app/src/game_state.rs,,YES,SIMULATION_RELEVANT,UNVERIFIED,,,,
0x00653760,,,FUN_00653760,,GUI,UNKNOWN,,,INDIRECT,,UNVERIFIED,,,,
0x006537a0,,,,,UNKNOWN,PORTED_BEHAVIOURAL,crates/cm-ui-app/src/game_state.rs,,YES,SIMULATION_RELEVANT,UNVERIFIED,,,,
0x00653920,,,FUN_00653920,,GUI,UNKNOWN,,,INDIRECT,,UNVERIFIED,,,,
0x006539f0,,,FUN_006539f0,,GUI,UNKNOWN,,,INDIRECT,,UNVERIFIED,,,,
0x00653a00,,key_nation.cpp,FUN_00653a00,,GUI,NOT_YET_PORTED,,,NO,SIMULATION_RELEVANT,UNVERIFIED,,,,
0x00653ad0,,,FUN_00653ad0,,GUI,UNKNOWN,,,INDIRECT,,UNVERIFIED,,,,
0x00653b00,,,FUN_00653b00,,GUI,UNKNOWN,,,INDIRECT,,UNVERIFIED,,,,
0x00653ca0,,,FUN_00653ca0,,,UNKNOWN,,,INDIRECT,,UNVERIFIED,,,,
0x00653cf0,,,FUN_00653cf0,,UNKNOWN,UNKNOWN,,,INDIRECT,,UNVERIFIED,,,,
0x00653d30,,langlib.cpp,FUN_00653d30,,GUI,NON_USEFUL,,,NO,IMPLEMENTATION_ONLY,UNVERIFIED,,,,
0x00653e20,,langlib.cpp,FUN_00653e20,,GUI,UNKNOWN,,,INDIRECT,,UNVERIFIED,,,,
0x00654380,,,,,,PORTED_BEHAVIOURAL,crates/cm-render/src/screen_news.rs;crates/cm-render/src/screen_wire_batch3.rs,,YES,SIMULATION_RELEVANT,UNVERIFIED,,,,
0x006547b0,,,FUN_006547b0,,GUI,PORTED_BEHAVIOURAL,crates/cm-domain/src/index.rs,,YES,SIMULATION_RELEVANT,UNVERIFIED,,,,
0x006547c0,,,FUN_006547c0,l10n template resolver,render,PORTED_BEHAVIOURAL,crates/cm-render/src/l10n.rs,resolve_template,YES,PLAYER_VISIBLE,STRUCTURALLY_VERIFIED,memory:gui-core-ported.md,{arg}/[arg] grammar; wires to inflection,,
0x00654e90,,langlib.cpp,FUN_00654e90,language-bank lookup (bsearch),render,PORTED_BEHAVIOURAL,crates/cm-render/src/lang_bank.rs,LangBank::lookup,YES,PLAYER_VISIBLE,STRUCTURALLY_VERIFIED,memory:gui-core-ported.md,,,
0x006554c0,,,FUN_006554c0,inflection engine,render,PORTED_PARTIAL,crates/cm-render/src/inflection.rs,inflect_token,YES,PLAYER_VISIBLE,PARTIAL,memory:gui-core-ported.md,English pass-through; non-English morphology unported,,
0x00666500,,,,,,PORTED_BEHAVIOURAL,crates/cm-domain/src/year_end_statuses.rs,,YES,SIMULATION_RELEVANT,UNVERIFIED,,,,
0x00667370,,,FUN_00667370,,UNKNOWN,UNKNOWN,,,INDIRECT,,UNVERIFIED,,,,
0x00667420,,,FUN_00667420,,UNKNOWN,UNKNOWN,,,INDIRECT,,UNVERIFIED,,,,
0x006674d0,,,FUN_006674d0,,GUI,UNKNOWN,,,INDIRECT,,UNVERIFIED,,,,
0x00667560,,,,,,PORTED_BEHAVIOURAL,crates/cm-domain/src/eng_second_fixtures.rs,,YES,SIMULATION_RELEVANT,UNVERIFIED,,,,
0x006675b0,,,FUN_006675b0,,UNKNOWN,UNKNOWN,,,INDIRECT,,UNVERIFIED,,,,
0x006675d0,,,FUN_006675d0,,GUI,UNKNOWN,,,INDIRECT,,UNVERIFIED,,,,
0x00667650,,,FUN_00667650,,GUI,UNKNOWN,,,INDIRECT,,UNVERIFIED,,,,
0x00667660,,,,,,PORTED_BEHAVIOURAL,crates/cm-domain/src/eng_second_fixtures.rs,,YES,SIMULATION_RELEVANT,UNVERIFIED,,,,
0x006679a0,,,FUN_006679a0,,GUI,PORTED_BEHAVIOURAL,crates/cm-domain/src/eng_second_fixtures.rs;crates/cm-domain/src/screen_batch28.rs;crates/cm-domain/src/screen_batch29.rs,,YES,SIMULATION_RELEVANT,UNVERIFIED,,,,
0x00667aa0,,,FUN_00667aa0,league final-table sort,fixtures,PORTED_BEHAVIOURAL,crates/cm-domain/src/club_history.rs,season_rows_for_club,INDIRECT,SIMULATION_RELEVANT,PARTIAL,reports/club_history_screen_decode.md,points/GD/GF; exe uses comp+0xc5 tiebreak bytes (DB-driven) not hardcoded,,
0x00667e00,,comp/league.cpp,FUN_00667e00,,GUI,UNKNOWN,,,INDIRECT,,UNVERIFIED,,,,
0x00667f40,,,,,,PORTED_BEHAVIOURAL,crates/cm-domain/src/eng_second_fixtures.rs,,YES,SIMULATION_RELEVANT,UNVERIFIED,,,,
0x006680e0,,comp/league.cpp,FUN_006680e0,,GUI,UNKNOWN,,,INDIRECT,,UNVERIFIED,,,,
0x00668240,,comp/league.cpp,FUN_00668240,,GUI,UNKNOWN,,,INDIRECT,,UNVERIFIED,,,,
0x006682e0,,,FUN_006682e0,,GUI,UNKNOWN,,,INDIRECT,,UNVERIFIED,,,,
0x00668380,0x00667f40,,FUN_00668380,promotion_install,promotion,PORTED_BEHAVIOURAL,crates/cm-domain/src/c13_promotion_apply.rs,apply_promotion_install,TEST_ONLY,SIMULATION_RELEVANT,STRUCTURALLY_VERIFIED,rust:c13_promotion_apply.rs,Club+0x57/0x5b/0x64 writes + welcome news + C14 stadium request; not tick-driven yet,,
0x00668450,,,,,,UNKNOWN,crates/cm-domain/src/eng_second_fixtures.rs;crates/cm-domain/src/exe_date.rs;crates/cm-domain/src/lib.rs,,INDIRECT,,UNVERIFIED,,,,
0x00668470,,,FUN_00668470,relegation_install,promotion,PORTED_BEHAVIOURAL,crates/cm-domain/src/c13_promotion_apply.rs;crates/cm-domain/src/c15_1_world_apply.rs,apply_relegation_install;apply_report_to_world,TEST_ONLY,SIMULATION_RELEVANT,STRUCTURALLY_VERIFIED,rust:c13_promotion_apply.rs;rust:c15_1_world_apply.rs,Conference coordinator; null-dest fires probe + no-league news #7 | materialises AnnualRolloverReport onto World+save in exe order; NOTE 0x00668470 also cited as relegation_install in c13 (possible mis-cite - reconcile) | MULTI-ROLE: PORTED_BEHAVIOURAL=relegation_install; PORTED_BEHAVIOURAL=year_end_apply_to_world_flow,,
0x006684e0,,,FUN_006684e0,league table comparator,fixtures,PORTED_PARTIAL,crates/cm-domain/src/club_history.rs,season_rows_for_club,INDIRECT,SIMULATION_RELEVANT,PARTIAL,reports/club_history_screen_decode.md,Points->comp+0xc5 order->reputation->club id,,
0x006687c0,,,FUN_006687c0,,UNKNOWN,UNKNOWN,,,INDIRECT,,UNVERIFIED,,,,
0x00668890,,comp/league.cpp,FUN_00668890,,GUI,PORTED_BEHAVIOURAL,crates/cm-domain/src/eng_second_fixtures.rs;crates/cm-domain/src/exe_date.rs;crates/cm-domain/src/lib.rs,,YES,SIMULATION_RELEVANT,UNVERIFIED,,,,
0x006691b0,,,FUN_006691b0,,GUI,UNKNOWN,,,INDIRECT,,UNVERIFIED,,,,
0x00669340,,,,,,PORTED_BEHAVIOURAL,crates/cm-domain/src/eng_second_fixtures.rs,,YES,SIMULATION_RELEVANT,UNVERIFIED,,,,
0x00669500,,,FUN_00669500,,GUI,UNKNOWN,,,INDIRECT,,UNVERIFIED,,,,
0x00669780,0x00669340,,FUN_00669780,matrix_seed_base,fixtures,PORTED_EXACT,crates/cm-domain/src/eng_second_fixtures.rs,matrix_seed_base,YES,SIMULATION_RELEVANT,BYTE_EXACT,rust:eng_second_fixtures.rs,"byte-exact vs GDI Frida direct-call n=4,6,8,10,24",,
0x00669910,,,FUN_00669910,,UNKNOWN,UNKNOWN,,,INDIRECT,,UNVERIFIED,,,,
0x00669a90,,comp/league.cpp,FUN_00669a90,,GUI,UNKNOWN,,,INDIRECT,,UNVERIFIED,,,,
0x00669fa0,,comp/league.cpp,FUN_00669fa0,,GUI,UNKNOWN,crates/cm-domain/src/c15_1g_snapshot.rs;crates/cm-domain/src/year_end_statuses.rs,,INDIRECT,,UNVERIFIED,,,,
0x0066a770,,,FUN_0066a770,,GUI,UNKNOWN,,,INDIRECT,,UNVERIFIED,,,,
0x0066a910,,comp/league.cpp,FUN_0066a910,,GUI,PORTED_BEHAVIOURAL,crates/cm-domain/src/eng_second_fixtures.rs,,YES,SIMULATION_RELEVANT,UNVERIFIED,,,,
0x0066b000,,comp/league.cpp,FUN_0066b000,,GUI,UNKNOWN,,,INDIRECT,,UNVERIFIED,,,,
0x0066b230,,,FUN_0066b230,,GUI,UNKNOWN,,,INDIRECT,,UNVERIFIED,,,,
0x0066b900,,,,,,PORTED_BEHAVIOURAL,crates/cm-domain/src/eng_second_fixtures.rs;crates/cm-domain/src/game_rng.rs,,YES,SIMULATION_RELEVANT,UNVERIFIED,,,,
0x0066b940,,,FUN_0066b940,,GUI,UNKNOWN,,,INDIRECT,,UNVERIFIED,,,,
0x0066bc10,,,FUN_0066bc10,,GUI,UNKNOWN,,,INDIRECT,,UNVERIFIED,,,,
0x0066bc70,,,FUN_0066bc70,,UNKNOWN,UNKNOWN,,,INDIRECT,,UNVERIFIED,,,,
0x0066bd40,0x0066b900,comp/league.cpp,FUN_0066bd40,matrix_perturb,fixtures,PORTED_EXACT,crates/cm-domain/src/eng_second_fixtures.rs,matrix_perturb,YES,SIMULATION_RELEVANT,BYTE_EXACT,memory:perturb-resolver-slot-vs-club-bug.md,branch A only; perturb 0/N all 5 leagues after C10.7 by-club resolver fix; branch B unreachable for English,,
0x0066c700,,comp/league.cpp,FUN_0066c700,,GUI,UNKNOWN,,,INDIRECT,,UNVERIFIED,,,,
0x0066c800,,,,,,PORTED_BEHAVIOURAL,crates/cm-domain/src/eng_second_fixtures.rs,,YES,SIMULATION_RELEVANT,UNVERIFIED,,,,
0x0066c9e0,,comp/league.cpp,FUN_0066c9e0,,GUI,UNKNOWN,,,INDIRECT,,UNVERIFIED,,,,
0x0066cc40,,,FUN_0066cc40,,GUI,UNKNOWN,,,INDIRECT,,UNVERIFIED,,,,
0x0066cde0,,comp/league.cpp,FUN_0066cde0,,GUI,UNKNOWN,,,INDIRECT,,UNVERIFIED,,,,
0x0066ea90,,,,,,PORTED_BEHAVIOURAL,crates/cm-domain/src/eng_second_fixtures.rs,,YES,SIMULATION_RELEVANT,UNVERIFIED,,,,
0x0066ed20,,,FUN_0066ed20,,GUI,UNKNOWN,,,INDIRECT,,UNVERIFIED,,,,
0x0066ee40,,,,,,PORTED_BEHAVIOURAL,crates/cm-domain/src/eng_second_fixtures.rs;crates/cm-domain/src/english_traditional.rs,,YES,SIMULATION_RELEVANT,UNVERIFIED,,,,
0x0066eed0,0x0066ea90,comp/league.cpp,FUN_0066eed0,promote_relegate_swap,promotion,PORTED_BEHAVIOURAL,crates/cm-domain/src/eng_second_fixtures.rs,promote_relegate_swap,TEST_ONLY,SIMULATION_RELEVANT,STRUCTURALLY_VERIFIED,rust:eng_second_fixtures.rs,941B shared by 56 callers; Club+0x37=0xFF; delegates to FUN_00667f40; not tick-driven yet,,
0x0066ef70,,,,,,PORTED_BEHAVIOURAL,crates/cm-domain/src/eng_second_fixtures.rs,,YES,SIMULATION_RELEVANT,UNVERIFIED,,,,
0x0066efd0,,,,,,PORTED_BEHAVIOURAL,crates/cm-domain/src/eng_second_fixtures.rs,,YES,SIMULATION_RELEVANT,UNVERIFIED,,,,
0x0066f280,0x0066ee40,,FUN_0066f280,walker_step,fixtures,PORTED_EXACT,crates/cm-domain/src/eng_second_fixtures.rs,walker_step,YES,SIMULATION_RELEVANT,BYTE_EXACT,memory:c11-2-fixture-subsystem-frozen.md,walkerdelta=0 all 5 leagues; DD/GDI differ only in RNG target + special-comp global,,
0x0066f3b0,0x0066ef70,,FUN_0066f3b0,schedule round-record writer,date,PORTED_EXACT,crates/cm-domain/src/exe_date.rs,write_round_record,YES,SIMULATION_RELEVANT,BYTE_EXACT,memory/c11-2-fixture-subsystem-frozen.md,0x41-byte round record; part of frozen fixture buffer matching captured GDI 0/N,,
0x0066f410,0x0066efd0,comp/league.cpp,FUN_0066f410,schedule fixture sub-slot writer,date,PORTED_PARTIAL,crates/cm-domain/src/exe_date.rs,write_slot,YES,SIMULATION_RELEVANT,STRUCTURALLY_VERIFIED,rust:crates/cm-domain/src/exe_date.rs,"7-byte sub-slot; structure byte-exact, field enum semantics not fully decoded",,
0x0066f630,,,FUN_0066f630,,UNKNOWN,UNKNOWN,,,INDIRECT,,UNVERIFIED,,,,
0x0066f720,,,FUN_0066f720,,UNKNOWN,UNKNOWN,,,INDIRECT,,UNVERIFIED,,,,
0x0066f890,,,,,,PORTED_BEHAVIOURAL,crates/cm-domain/src/eng_second_fixtures.rs,,YES,SIMULATION_RELEVANT,UNVERIFIED,,,,
0x0066faa0,,comp/league.cpp,FUN_0066faa0,,GUI,UNKNOWN,,,INDIRECT,,UNVERIFIED,,,,
0x0066fbd0,,,FUN_0066fbd0,,GUI,UNKNOWN,,,INDIRECT,,UNVERIFIED,,,,
0x0066fcd0,,,FUN_0066fcd0,,GUI,UNKNOWN,,,INDIRECT,,UNVERIFIED,,,,
0x0066fd20,,,FUN_0066fd20,,UNKNOWN,UNKNOWN,,,INDIRECT,,UNVERIFIED,,,,
0x0066fdc0,,,FUN_0066fdc0,,GUI,UNKNOWN,,,INDIRECT,,UNVERIFIED,,,,
0x00670240,,,FUN_00670240,,GUI,UNKNOWN,,,INDIRECT,,UNVERIFIED,,,,
0x00670350,,comp/leagues/league_stage.cpp,FUN_00670350,,GUI,UNKNOWN,,,INDIRECT,,UNVERIFIED,,,,
0x00670720,,,FUN_00670720,,UNKNOWN,UNKNOWN,,,INDIRECT,,UNVERIFIED,,,,
0x00670740,,comp/leagues/league_stage.cpp,FUN_00670740,,GUI,UNKNOWN,,,INDIRECT,,UNVERIFIED,,,,
0x006708f0,,,FUN_006708f0,,UNKNOWN,UNKNOWN,,,INDIRECT,,UNVERIFIED,,,,
0x00670970,,comp/leagues/league_stage.cpp,FUN_00670970,,GUI,UNKNOWN,,,INDIRECT,,UNVERIFIED,,,,
0x00671c90,,comp/leagues/league_stage.cpp,FUN_00671c90,,GUI,UNKNOWN,,,INDIRECT,,UNVERIFIED,,,,
0x00671e40,,,,,,PORTED_BEHAVIOURAL,crates/cm-render/src/packed_text.rs,,YES,SIMULATION_RELEVANT,UNVERIFIED,,,,
0x00671ef0,,,,,,PORTED_BEHAVIOURAL,crates/cm-render/src/packed_text.rs,,YES,SIMULATION_RELEVANT,UNVERIFIED,,,,
0x00671fd0,,,,,,PORTED_BEHAVIOURAL,crates/cm-render/src/packed_text.rs,,YES,SIMULATION_RELEVANT,UNVERIFIED,,,,
0x00672210,,,FUN_00672210,,UNKNOWN,UNKNOWN,,,INDIRECT,,UNVERIFIED,,,,
0x00672260,,,FUN_00672260,queue helper (transfer emit),transfers,UNKNOWN,crates/cm-domain/src/lib.rs,,NO,IMPLEMENTATION_ONLY,UNVERIFIED,rust:crates/cm-domain/src/lib.rs,lift-workbench reference,,
0x00672270,,,FUN_00672270,main-loop helper,startup,UNKNOWN,crates/cm-app/src/main.rs,,NO,IMPLEMENTATION_ONLY,UNVERIFIED,rust:crates/cm-app/src/main.rs,report reference operand,,
0x00672290,,,FUN_00672290,,GUI,UNKNOWN,,,INDIRECT,,UNVERIFIED,,,,
0x006722d0,,,FUN_006722d0,,GUI,UNKNOWN,,,INDIRECT,,UNVERIFIED,,,,
0x00672320,,,FUN_00672320,queue enqueue helper,containers,UNKNOWN,crates/cm-app/src/main.rs;crates/cm-domain/src/lib.rs;crates/cm-domain/src/match_engine_exe.rs,,NO,IMPLEMENTATION_ONLY,UNVERIFIED,rust:crates/cm-domain/src/lib.rs,lift-workbench reference; local_34 enqueue,,
0x00672400,,,FUN_00672400,,GUI,PORTED_BEHAVIOURAL,crates/cm-domain/src/match_engine_exe.rs;crates/cm-domain/src/screen_batch7.rs,,YES,SIMULATION_RELEVANT,UNVERIFIED,,,,
0x00672420,,,FUN_00672420,,GUI,PORTED_BEHAVIOURAL,crates/cm-domain/src/tactic_dispatcher.rs,,YES,SIMULATION_RELEVANT,UNVERIFIED,,,,
0x00672440,,,FUN_00672440,,GUI,UNKNOWN,,,INDIRECT,,UNVERIFIED,,,,
0x006724d0,,,FUN_006724d0,queue helper companion,containers,UNKNOWN,crates/cm-domain/src/lib.rs,,NO,IMPLEMENTATION_ONLY,UNVERIFIED,rust:crates/cm-domain/src/lib.rs,lift-workbench reference,,
0x00672530,,,FUN_00672530,,GUI,UNKNOWN,,,INDIRECT,,UNVERIFIED,,,,
0x00672540,,,FUN_00672540,,GUI,UNKNOWN,,,INDIRECT,,UNVERIFIED,,,,
0x006725c0,,main.cpp,FUN_006725c0,,REGISTRY,UNKNOWN,,,INDIRECT,,UNVERIFIED,,,,
0x00672770,,main.cpp,FUN_00672770,per-iteration message-pump tick shell,startup,UNKNOWN,crates/cm-app/src/main.rs;crates/cm-domain/src/game.rs,,NO,IMPLEMENTATION_ONLY,UNVERIFIED,rust:crates/cm-app/src/main.rs,Win32 pump shell; simulation frontier open; report reference,,
0x00672e10,,,FUN_00672e10,,,PORTED_BEHAVIOURAL,crates/cm-render/src/dispatcher.rs,,YES,SIMULATION_RELEVANT,UNVERIFIED,,,,
0x00672e40,,manager_manager.cpp,FUN_00672e40,,RESOURCE,UNKNOWN,,,INDIRECT,,UNVERIFIED,,,,
0x00673330,,,FUN_00673330,,GUI,UNKNOWN,,,INDIRECT,,UNVERIFIED,,,,
0x006733d0,,,FUN_006733d0,,GUI,UNKNOWN,,,INDIRECT,,UNVERIFIED,,,,
0x00673b70,,manager_manager.cpp,FUN_00673b70,,GUI,UNKNOWN,,,INDIRECT,,UNVERIFIED,,,,
0x00674380,,,FUN_00674380,,GUI,UNKNOWN,,,INDIRECT,,UNVERIFIED,,,,
0x00674c10,,manager_manager.cpp,FUN_00674c10,manager-job lifecycle A,tick,NOT_YET_PORTED,crates/cm-domain/src/lib.rs,,NO,SIMULATION_RELEVANT,HYPOTHESIS,rust:crates/cm-domain/src/lib.rs,step 10i; named stub,,
0x00675980,,,FUN_00675980,,GUI,UNKNOWN,,,INDIRECT,,UNVERIFIED,,,,
0x00675ae0,,,FUN_00675ae0,,GUI,UNKNOWN,,,INDIRECT,,UNVERIFIED,,,,
0x00675dc0,,,FUN_00675dc0,,,UNKNOWN,,,INDIRECT,,UNVERIFIED,,,,
0x00675e20,,,FUN_00675e20,,UNKNOWN,UNKNOWN,,,INDIRECT,,UNVERIFIED,,,,
0x00675e80,,,FUN_00675e80,,GUI,UNKNOWN,,,INDIRECT,,UNVERIFIED,,,,
0x00675fd0,,,FUN_00675fd0,,GUI,UNKNOWN,,,INDIRECT,,UNVERIFIED,,,,
0x00678aa0,,,FUN_00678aa0,,GUI,UNKNOWN,,,INDIRECT,,UNVERIFIED,,,,
0x00679690,,,FUN_00679690,,GUI,UNKNOWN,,,INDIRECT,,UNVERIFIED,,,,
0x00679ed0,,,FUN_00679ed0,,GUI,UNKNOWN,,,INDIRECT,,UNVERIFIED,,,,
0x0067a430,,,FUN_0067a430,,UNKNOWN,UNKNOWN,,,INDIRECT,,UNVERIFIED,,,,
0x0067a490,,,FUN_0067a490,,GUI,UNKNOWN,,,INDIRECT,,UNVERIFIED,,,,
0x0067b7c0,,,FUN_0067b7c0,,,UNKNOWN,,,INDIRECT,,UNVERIFIED,,,,
0x0067bb90,,,FUN_0067bb90,,GUI,UNKNOWN,,,INDIRECT,,UNVERIFIED,,,,
0x0067bd60,,,FUN_0067bd60,,GUI,UNKNOWN,,,INDIRECT,,UNVERIFIED,,,,
0x0067c490,,,FUN_0067c490,,GUI,UNKNOWN,,,INDIRECT,,UNVERIFIED,,,,
0x0067c680,,manager_manager.cpp,FUN_0067c680,,GUI,UNKNOWN,,,INDIRECT,,UNVERIFIED,,,,
0x0067cb40,,,FUN_0067cb40,,GUI,UNKNOWN,,,INDIRECT,,UNVERIFIED,,,,
0x0067ce90,,manager_manager.cpp,FUN_0067ce90,news_weekly_predicate_cascade,news,NOT_YET_PORTED,crates/cm-domain/src/news.rs,,BLOCKED,PLAYER_VISIBLE,HYPOTHESIS,memory:news-generation-logic.md,weekly per-club RNG cascade emitting sub-code 0x3c..0x63; NOT lifted; news.rs ships representative-subset generator,,
0x0067fdf0,,,FUN_0067fdf0,chairman manager-sack decision,finance,PORTED_EXACT,crates/cm-domain/src/finance.rs,chairman_will_sack,YES,SIMULATION_RELEVANT,STATE_EXACT,rust:finance.rs,rand(manager_patience)<=4 && rand(20)!=0,,
0x006805a0,,,FUN_006805a0,,GUI,UNKNOWN,,,INDIRECT,,UNVERIFIED,,,,
0x006808a0,,manager_manager.cpp,FUN_006808a0,,GUI,PORTED_BEHAVIOURAL,crates/cm-app/src/main.rs;crates/cm-domain/src/human_manager.rs,,YES,SIMULATION_RELEVANT,UNVERIFIED,,,,
0x006809d0,,,FUN_006809d0,,UNKNOWN,UNKNOWN,crates/cm-domain/src/sidebar_dispatcher.rs;crates/cm-render/src/dispatcher.rs,,INDIRECT,,UNVERIFIED,,,,
0x006809e0,,,FUN_006809e0,human-manager resign / clear-club link,manager,PORTED_BEHAVIOURAL,crates/cm-domain/src/lib.rs,,YES,SIMULATION_RELEVANT,STRUCTURALLY_VERIFIED,memory:dashboard-manager-model.md,clears club link; human stays resident in game,,
0x00680cc0,,,FUN_00680cc0,,GUI,PORTED_BEHAVIOURAL,crates/cm-app/src/main.rs;crates/cm-domain/src/c13_promotion_apply.rs,,YES,SIMULATION_RELEVANT,UNVERIFIED,,,,
0x006817b0,,,FUN_006817b0,,GUI,UNKNOWN,,,INDIRECT,,UNVERIFIED,,,,
0x00681920,,,FUN_00681920,,GUI,UNKNOWN,,,INDIRECT,,UNVERIFIED,,,,
0x00681a50,,,FUN_00681a50,,GUI,UNKNOWN,,,INDIRECT,,UNVERIFIED,,,,
0x00681b80,,,FUN_00681b80,,GUI,UNKNOWN,,,INDIRECT,,UNVERIFIED,,,,
0x00681c70,,manager_manager.cpp,FUN_00681c70,,GUI,UNKNOWN,,,INDIRECT,,UNVERIFIED,,,,
0x006822d0,,manager_manager.cpp,FUN_006822d0,,GUI,PORTED_BEHAVIOURAL,crates/cm-app/src/main.rs,,YES,SIMULATION_RELEVANT,UNVERIFIED,,,,
0x00682420,,,FUN_00682420,,GUI,UNKNOWN,,,INDIRECT,,UNVERIFIED,,,,
0x00683dc0,,,FUN_00683dc0,,GUI,UNKNOWN,,,INDIRECT,,UNVERIFIED,,,,
0x00683e30,,manager_manager.cpp,FUN_00683e30,nation-tier selected-bit set/clear + job-take,nation,PORTED_BEHAVIOURAL,crates/cm-domain/src/lib.rs,,YES,SIMULATION_RELEVANT,STRUCTURALLY_VERIFIED,memory:league-tier-model.md,nation+0x11c clear bit0x1 / set bit0x2; feeds build_nation_tiers + install-human job-take,,
0x00684a30,,,FUN_00684a30,,UNKNOWN,UNKNOWN,,,INDIRECT,,UNVERIFIED,,,,
0x00684a80,,,FUN_00684a80,,GUI,UNKNOWN,,,INDIRECT,,UNVERIFIED,,,,
0x00684ed0,,manager_manager.cpp,FUN_00684ed0,,GUI,NOT_YET_PORTED,,,NO,SIMULATION_RELEVANT,UNVERIFIED,,,,
0x00684fc0,,,FUN_00684fc0,,GUI,UNKNOWN,,,INDIRECT,,UNVERIFIED,,,,
0x00685160,,,FUN_00685160,,GUI,UNKNOWN,,,INDIRECT,,UNVERIFIED,,,,
0x006857b0,,,FUN_006857b0,,GUI,UNKNOWN,,,INDIRECT,,UNVERIFIED,,,,
0x00685900,,,FUN_00685900,,GUI,UNKNOWN,,,INDIRECT,,UNVERIFIED,,,,
0x00685c00,,,FUN_00685c00,,GUI,UNKNOWN,,,INDIRECT,,UNVERIFIED,,,,
0x00685d40,,,FUN_00685d40,,GUI,UNKNOWN,,,INDIRECT,,UNVERIFIED,,,,
0x006860e0,,,FUN_006860e0,,GUI,UNKNOWN,,,INDIRECT,,UNVERIFIED,,,,
0x00686400,,,FUN_00686400,,GUI,UNKNOWN,,,INDIRECT,,UNVERIFIED,,,,
0x00686d70,,,FUN_00686d70,,GUI,UNKNOWN,,,INDIRECT,,UNVERIFIED,,,,
0x00686fd0,,,FUN_00686fd0,,GUI,UNKNOWN,,,INDIRECT,,UNVERIFIED,,,,
0x00688070,,,FUN_00688070,,GUI,PORTED_BEHAVIOURAL,crates/cm-app/src/main.rs,,YES,SIMULATION_RELEVANT,UNVERIFIED,,,,
0x006882d0,,,FUN_006882d0,,GUI,UNKNOWN,,,INDIRECT,,UNVERIFIED,,,,
0x006889e0,,,FUN_006889e0,,GUI,UNKNOWN,,,INDIRECT,,UNVERIFIED,,,,
0x00689710,,,FUN_00689710,,GUI,UNKNOWN,,,INDIRECT,,UNVERIFIED,,,,
0x006897c0,,,FUN_006897c0,,GUI,UNKNOWN,,,INDIRECT,,UNVERIFIED,,,,
0x00689c90,,,FUN_00689c90,,GUI,UNKNOWN,,,INDIRECT,,UNVERIFIED,,,,
0x00689d50,,,FUN_00689d50,,GUI,UNKNOWN,,,INDIRECT,,UNVERIFIED,,,,
0x00689eb0,,,FUN_00689eb0,,GUI,UNKNOWN,,,INDIRECT,,UNVERIFIED,,,,
0x00689fb0,,,FUN_00689fb0,,GUI,UNKNOWN,,,INDIRECT,,UNVERIFIED,,,,
0x0068a1f0,,,FUN_0068a1f0,,GUI,UNKNOWN,,,INDIRECT,,UNVERIFIED,,,,
0x0068a390,,,FUN_0068a390,,GUI,UNKNOWN,,,INDIRECT,,UNVERIFIED,,,,
0x0068a880,,,FUN_0068a880,,GUI,UNKNOWN,,,INDIRECT,,UNVERIFIED,,,,
0x0068acd0,,,FUN_0068acd0,,GUI,UNKNOWN,,,INDIRECT,,UNVERIFIED,,,,
0x0068adb0,,,FUN_0068adb0,,GUI,UNKNOWN,,,INDIRECT,,UNVERIFIED,,,,
0x0068af80,,,FUN_0068af80,,GUI,UNKNOWN,,,INDIRECT,,UNVERIFIED,,,,
0x0068b0a0,,,FUN_0068b0a0,,GUI,UNKNOWN,,,INDIRECT,,UNVERIFIED,,,,
0x0068b210,,,FUN_0068b210,,GUI,UNKNOWN,,,INDIRECT,,UNVERIFIED,,,,
0x0068b580,,,FUN_0068b580,,GUI,UNKNOWN,,,INDIRECT,,UNVERIFIED,,,,
0x0068bc30,,,FUN_0068bc30,,GUI,UNKNOWN,,,INDIRECT,,UNVERIFIED,,,,
0x0068d9e0,,,FUN_0068d9e0,,GUI,UNKNOWN,,,INDIRECT,,UNVERIFIED,,,,
0x0068e5c0,,,FUN_0068e5c0,,,UNKNOWN,,,INDIRECT,,UNVERIFIED,,,,
0x0068e6e0,,,FUN_0068e6e0,,GUI,UNKNOWN,,,INDIRECT,,UNVERIFIED,,,,
0x0068f090,,,FUN_0068f090,,UNKNOWN,UNKNOWN,,,INDIRECT,,UNVERIFIED,,,,
0x0068f0d0,,,FUN_0068f0d0,,GUI,UNKNOWN,,,INDIRECT,,UNVERIFIED,,,,
0x0068fa40,,,FUN_0068fa40,,GUI,UNKNOWN,,,INDIRECT,,UNVERIFIED,,,,
0x0068fb80,,,FUN_0068fb80,,GUI,UNKNOWN,,,INDIRECT,,UNVERIFIED,,,,
0x0068fd00,,,FUN_0068fd00,,GUI,UNKNOWN,,,INDIRECT,,UNVERIFIED,,,,
0x0068fde0,,,FUN_0068fde0,,GUI,UNKNOWN,,,INDIRECT,,UNVERIFIED,,,,
0x00690020,,,FUN_00690020,,GUI,UNKNOWN,,,INDIRECT,,UNVERIFIED,,,,
0x00690150,,,FUN_00690150,,GUI,UNKNOWN,,,INDIRECT,,UNVERIFIED,,,,
0x00690540,,,FUN_00690540,,GUI,UNKNOWN,,,INDIRECT,,UNVERIFIED,,,,
0x006908e0,,,FUN_006908e0,,GUI,UNKNOWN,,,INDIRECT,,UNVERIFIED,,,,
0x00690a70,,,FUN_00690a70,,GUI,UNKNOWN,,,INDIRECT,,UNVERIFIED,,,,
0x00691160,,manager_manager.cpp,FUN_00691160,,GUI,NOT_YET_PORTED,,,NO,SIMULATION_RELEVANT,UNVERIFIED,,,,
0x006912d0,,,FUN_006912d0,,GUI,UNKNOWN,,,INDIRECT,,UNVERIFIED,,,,
0x00691400,,,FUN_00691400,,GUI,UNKNOWN,,,INDIRECT,,UNVERIFIED,,,,
0x006916e0,,,FUN_006916e0,,GUI,UNKNOWN,,,INDIRECT,,UNVERIFIED,,,,
0x006917d0,,,FUN_006917d0,,GUI,UNKNOWN,,,INDIRECT,,UNVERIFIED,,,,
0x00691970,,,FUN_00691970,,GUI,UNKNOWN,,,INDIRECT,,UNVERIFIED,,,,
0x00691af0,,,FUN_00691af0,,GUI,UNKNOWN,,,INDIRECT,,UNVERIFIED,,,,
0x00691cc0,,manager_manager.cpp,FUN_00691cc0,,GUI,UNKNOWN,,,INDIRECT,,UNVERIFIED,,,,
0x00692880,,,FUN_00692880,,GUI,UNKNOWN,,,INDIRECT,,UNVERIFIED,,,,
0x00692ba0,,manager_manager.cpp,FUN_00692ba0,,GUI,UNKNOWN,,,INDIRECT,,UNVERIFIED,,,,
0x00692de0,,,FUN_00692de0,,GUI,UNKNOWN,,,INDIRECT,,UNVERIFIED,,,,
0x006933f0,,,FUN_006933f0,,UNKNOWN,UNKNOWN,,,INDIRECT,,UNVERIFIED,,,,
0x00693410,,,FUN_00693410,,GUI,UNKNOWN,crates/cm-domain/src/screen_manager_batch.rs;crates/cm-domain/src/sidebar_dispatcher.rs;crates/cm-render/src/dispatcher.rs,,INDIRECT,,UNVERIFIED,,,,
0x00693510,,,FUN_00693510,,GUI,UNKNOWN,,,INDIRECT,,UNVERIFIED,,,,
0x006959d0,,,FUN_006959d0,,UNKNOWN,UNKNOWN,,,INDIRECT,,UNVERIFIED,,,,
0x00695e60,,,FUN_00695e60,,GUI,UNKNOWN,crates/cm-domain/src/screen_manager_batch.rs;crates/cm-domain/src/sidebar_dispatcher.rs;crates/cm-render/src/dispatcher.rs;crates/cm-render/src/view_render.rs,,INDIRECT,,UNVERIFIED,,,,
0x00696fa0,,manager_screens.cpp,FUN_00696fa0,,GUI,PORTED_BEHAVIOURAL,crates/cm-domain/src/screen_batch16.rs;crates/cm-render/src/dispatcher_club_toolbar.rs,,YES,SIMULATION_RELEVANT,UNVERIFIED,,,,
0x00697390,,manager_screens.cpp,FUN_00697390,,GUI,PORTED_BEHAVIOURAL,crates/cm-domain/src/screen_batch16.rs,,YES,SIMULATION_RELEVANT,UNVERIFIED,,,,
0x00697440,,,,Please-Confirm dialog setup,screens,PORTED_BEHAVIOURAL,crates/cm-render/src/screens_auto.rs,build_screen_697440,INDIRECT,UI_RENDERING,STRUCTURALLY_VERIFIED,memory:screen-builders-ported.md,confirm dialog; not pixel-verified,,
0x006976a0,,,FUN_006976a0,,GUI,UNKNOWN,,,INDIRECT,,UNVERIFIED,,,,
0x006977b0,,manager_screens.cpp,FUN_006977b0,,GUI,UNKNOWN,crates/cm-domain/src/screen_manager_batch.rs;crates/cm-domain/src/sidebar_dispatcher.rs;crates/cm-render/src/dispatcher.rs,,INDIRECT,,UNVERIFIED,,,,
0x00697c30,,manager_screens.cpp,FUN_00697c30,,GUI,PORTED_BEHAVIOURAL,crates/cm-domain/src/screen_batch16.rs;crates/cm-render/src/news_action_classify.rs,,YES,SIMULATION_RELEVANT,UNVERIFIED,,,,
0x00697dc0,,,,Please-Confirm dialog setup,screens,PORTED_BEHAVIOURAL,crates/cm-render/src/screens_auto.rs,build_screen_697dc0,INDIRECT,UI_RENDERING,STRUCTURALLY_VERIFIED,memory:screen-builders-ported.md,confirm dialog; not pixel-verified,,
0x00698020,,,FUN_00698020,,GUI,UNKNOWN,,,INDIRECT,,UNVERIFIED,,,,
0x00698140,,,FUN_00698140,,UNKNOWN,UNKNOWN,crates/cm-domain/src/screen_batch4.rs;crates/cm-domain/src/sidebar_dispatcher.rs,,INDIRECT,,UNVERIFIED,,,,
0x00698160,,,,Please-Confirm dialog setup,screens,PORTED_BEHAVIOURAL,crates/cm-render/src/screens_auto.rs,build_screen_698160,INDIRECT,UI_RENDERING,STRUCTURALLY_VERIFIED,memory:screen-builders-ported.md,confirm dialog; not pixel-verified,,
0x006986a0,,,FUN_006986a0,,UNKNOWN,UNKNOWN,crates/cm-domain/src/screen_batch3.rs;crates/cm-domain/src/sidebar_dispatcher.rs;crates/cm-render/src/screen_wire_batch3.rs,,INDIRECT,,UNVERIFIED,,,,
0x006986c0,,,FUN_006986c0,,GUI,PORTED_BEHAVIOURAL,crates/cm-domain/src/screen_batch3.rs;crates/cm-render/src/screen_wire_batch3.rs,,YES,SIMULATION_RELEVANT,UNVERIFIED,,,,
0x00699640,,match_day.cpp,FUN_00699640,match-day build,match-engine,PORTED_BEHAVIOURAL,crates/cm-domain/src/match_engine_exe.rs,match_day_build,YES,SIMULATION_RELEVANT,STRUCTURALLY_VERIFIED,reports:match_day.md,schedules accepted as arg,,
0x00699bc0,,,FUN_00699bc0,,GUI,UNKNOWN,,,INDIRECT,,UNVERIFIED,,,,
0x00699cd0,,,FUN_00699cd0,match pre-play pass,match-engine,NOT_YET_PORTED,crates/cm-domain/src/lib.rs,,NO,SIMULATION_RELEVANT,HYPOTHESIS,rust:crates/cm-domain/src/lib.rs,exe build->pre-play->play; pre-play not ported (build 0x00699640 / play 0x00699d90 curated),,
0x00699d90,,match_day.cpp,FUN_00699d90,match-day play driver,match-engine,PORTED_BEHAVIOURAL,crates/cm-domain/src/match_engine_exe.rs,simulate_one_fixture_token_model,YES,SIMULATION_RELEVANT,PARTIAL,memory:match-engine-gap-audit.md,token model in place of positional pump,,
0x0069aa70,,,FUN_0069aa70,,GUI,PORTED_BEHAVIOURAL,crates/cm-app/src/main.rs,,YES,SIMULATION_RELEVANT,UNVERIFIED,,,,
0x0069ac90,,match_day.cpp,FUN_0069ac90,,GUI,PORTED_BEHAVIOURAL,crates/cm-domain/src/screen_batch17.rs,,YES,SIMULATION_RELEVANT,UNVERIFIED,,,,
0x0069aff0,,,FUN_0069aff0,,GUI,UNKNOWN,,,INDIRECT,,UNVERIFIED,,,,
0x0069b3d0,,match_day.cpp,FUN_0069b3d0,,GUI,UNKNOWN,,,INDIRECT,,UNVERIFIED,,,,
0x0069b4a0,,match_day.cpp,FUN_0069b4a0,,GUI,PORTED_BEHAVIOURAL,crates/cm-app/src/main.rs;crates/cm-domain/src/match_engine_exe.rs,,YES,SIMULATION_RELEVANT,UNVERIFIED,,,,
0x0069b710,,match_day.cpp,FUN_0069b710,,GUI,UNKNOWN,,,INDIRECT,,UNVERIFIED,,,,
0x0069b930,,match_day.cpp,FUN_0069b930,,GUI,PORTED_BEHAVIOURAL,crates/cm-domain/src/club_season_records.rs,,YES,SIMULATION_RELEVANT,UNVERIFIED,,,,
0x0069bc10,,,FUN_0069bc10,,GUI,PORTED_BEHAVIOURAL,crates/cm-app/src/main.rs,,YES,SIMULATION_RELEVANT,UNVERIFIED,,,,
0x0069bfa0,,match_day.cpp,FUN_0069bfa0,,GUI,UNKNOWN,,,INDIRECT,,UNVERIFIED,,,,
0x0069c0d0,,,FUN_0069c0d0,tier-2 detailed-match routing,nation,PORTED_BEHAVIOURAL,crates/cm-domain/src/lib.rs,MatchDetailMode,YES,SIMULATION_RELEVANT,BEHAVIOURALLY_EXACT,memory:league-tier-model.md,+0x11c&2 detailed vs instant; headless Instant==Detailed,,
0x0069c3a0,,match_day.cpp,FUN_0069c3a0,,GUI,UNKNOWN,,,INDIRECT,,UNVERIFIED,,,,
0x0069c6f0,,,FUN_0069c6f0,form/morale post-match writer,player,UNKNOWN,crates/cm-domain/src/lib.rs,,NO,SIMULATION_RELEVANT,UNVERIFIED,memory:squad-number-not-at-45.md,post-match writer of +0x45; doc-comment reference,,
0x0069ced0,,,FUN_0069ced0,,GUI,UNKNOWN,,,INDIRECT,,UNVERIFIED,,,,
0x0069d3d0,,match_day.cpp,FUN_0069d3d0,,GUI,UNKNOWN,,,INDIRECT,,UNVERIFIED,,,,
0x0069d720,,match_day.cpp,FUN_0069d720,,GUI,UNKNOWN,,,INDIRECT,,UNVERIFIED,,,,
0x0069d880,,,FUN_0069d880,,GUI,PORTED_BEHAVIOURAL,crates/cm-domain/src/match_engine_exe.rs,,YES,SIMULATION_RELEVANT,UNVERIFIED,,,,
0x0069d950,,match_eng.cpp,FUN_0069d950,match-engine setup/pre-match pass,match-engine,PORTED_PARTIAL,crates/cm-domain/src/match_engine_exe.rs,run_pre_match_pass,YES,SIMULATION_RELEVANT,PARTIAL,memory:history-panels-noheuristic-ports.md,aggro-gate to EVT_SERIOUS_FOUL + injury pass ported,,
0x0069f1d0,,,FUN_0069f1d0,,GUI,UNKNOWN,,,INDIRECT,,UNVERIFIED,,,,
0x0069f2f0,,match_eng.cpp,FUN_0069f2f0,match tick/step controller (subset),match-engine,PORTED_PARTIAL,crates/cm-domain/src/match_engine_exe.rs,match_tick,YES,SIMULATION_RELEVANT,PARTIAL,memory:match-engine-gap-audit.md,state pump ported; full tick semantics frontier lib.rs:23194,,
0x006a04a0,,,FUN_006a04a0,,GUI,UNKNOWN,,,INDIRECT,,UNVERIFIED,,,,
0x006a0550,,,FUN_006a0550,stored-action event resolver,match-engine,NOT_YET_PORTED,crates/cm-domain/src/match_engine_exe.rs,,NO,PLAYER_VISIBLE,PARTIAL,memory:match-engine-gap-audit.md,stored-action commentary codes; genuine gap lib.rs:23209,,
0x006a11e0,,,FUN_006a11e0,,,UNKNOWN,,,INDIRECT,,UNVERIFIED,,,,
0x006a1260,,,FUN_006a1260,,GUI,UNKNOWN,,,INDIRECT,,UNVERIFIED,,,,
0x006a12b0,,,FUN_006a12b0,,GUI,UNKNOWN,,,INDIRECT,,UNVERIFIED,,,,
0x006a1320,,,FUN_006a1320,,UNKNOWN,UNKNOWN,,,INDIRECT,,UNVERIFIED,,,,
0x006a1360,,,FUN_006a1360,,GUI,UNKNOWN,,,INDIRECT,,UNVERIFIED,,,,
0x006a1390,,,FUN_006a1390,,UNKNOWN,UNKNOWN,,,INDIRECT,,UNVERIFIED,,,,
0x006a1470,,,FUN_006a1470,,GUI,PORTED_BEHAVIOURAL,crates/cm-app/src/main.rs,,YES,SIMULATION_RELEVANT,UNVERIFIED,,,,
0x006a1750,,,FUN_006a1750,,GUI,UNKNOWN,,,INDIRECT,,UNVERIFIED,,,,
0x006a1870,,,FUN_006a1870,,GUI,UNKNOWN,,,INDIRECT,,UNVERIFIED,,,,
0x006a1940,,,FUN_006a1940,pass-target picker,match-engine,PORTED_EXACT,crates/cm-domain/src/match_engine_exe.rs,pass_target_picker,YES,SIMULATION_RELEVANT,BEHAVIOURALLY_EXACT,reports:match_action_path_decode.md,scores every teammate cell,,
0x006a24e0,,,FUN_006a24e0,,GUI,UNKNOWN,,,INDIRECT,,UNVERIFIED,,,,
0x006a2730,,,FUN_006a2730,,UNKNOWN,PORTED_BEHAVIOURAL,crates/cm-app/src/main.rs,,YES,SIMULATION_RELEVANT,UNVERIFIED,,,,
0x006a2790,,,FUN_006a2790,shot/pass target-lane picker,match-engine,PORTED_EXACT,crates/cm-domain/src/match_engine_exe.rs,target_picker,YES,SIMULATION_RELEVANT,BEHAVIOURALLY_EXACT,reports:match_action_path_decode.md,3x3 cell scan; defenders^2*2 + offside-trap tightening,,
0x006a2ec0,,,FUN_006a2ec0,,GUI,UNKNOWN,,,INDIRECT,,UNVERIFIED,,,,
0x006a2fc0,,,FUN_006a2fc0,,UNKNOWN,UNKNOWN,,,INDIRECT,,UNVERIFIED,,,,
0x006a3070,,,FUN_006a3070,,GUI,UNKNOWN,,,INDIRECT,,UNVERIFIED,,,,
0x006a3240,,,FUN_006a3240,period-transition/score snapshot,match-engine,OUT_OF_SCOPE,crates/cm-domain/src/match_engine_exe.rs,,NO,SIMULATION_RELEVANT,PARTIAL,memory:match-engine-gap-audit.md,token model resolves FT score directly; period semantics not impl lib.rs:23219,,
0x006a3a30,,,FUN_006a3a30,,GUI,UNKNOWN,,,INDIRECT,,UNVERIFIED,,,,
0x006a3e30,,,FUN_006a3e30,,GUI,UNKNOWN,,,INDIRECT,,UNVERIFIED,,,,
0x006a4020,,,FUN_006a4020,phase/possession controller,match-engine,OUT_OF_SCOPE,crates/cm-domain/src/match_engine_exe.rs,,NO,SIMULATION_RELEVANT,PARTIAL,memory:match-engine-gap-audit.md,replaced by token model; frontier only lib.rs:23199,,
0x006a47c0,,,FUN_006a47c0,,,UNKNOWN,,,INDIRECT,,UNVERIFIED,,,,
0x006a5fc0,,,FUN_006a5fc0,,GUI,UNKNOWN,,,INDIRECT,,UNVERIFIED,,,,
0x006a60b0,,,FUN_006a60b0,,GUI,UNKNOWN,,,INDIRECT,,UNVERIFIED,,,,
0x006a61a0,,,FUN_006a61a0,,GUI,UNKNOWN,,,INDIRECT,,UNVERIFIED,,,,
0x006a6290,,,FUN_006a6290,,GUI,UNKNOWN,,,INDIRECT,,UNVERIFIED,,,,
0x006a6380,,,FUN_006a6380,,GUI,UNKNOWN,,,INDIRECT,,UNVERIFIED,,,,
0x006a6480,,,FUN_006a6480,,GUI,UNKNOWN,,,INDIRECT,,UNVERIFIED,,,,
0x006a6570,,match_eng.cpp,FUN_006a6570,,GUI,UNKNOWN,,,INDIRECT,,UNVERIFIED,,,,
0x006a7960,,,FUN_006a7960,,GUI,UNKNOWN,,,INDIRECT,,UNVERIFIED,,,,
0x006a7c20,,,FUN_006a7c20,,GUI,UNKNOWN,,,INDIRECT,,UNVERIFIED,,,,
0x006a7d00,,,FUN_006a7d00,,GUI,UNKNOWN,,,INDIRECT,,UNVERIFIED,,,,
0x006a8060,,,FUN_006a8060,,GUI,UNKNOWN,,,INDIRECT,,UNVERIFIED,,,,
0x006a8190,,,FUN_006a8190,,GUI,UNKNOWN,,,INDIRECT,,UNVERIFIED,,,,
0x006a8350,,,FUN_006a8350,,UNKNOWN,UNKNOWN,,,INDIRECT,,UNVERIFIED,,,,
0x006a84f0,,,FUN_006a84f0,,GUI,PORTED_BEHAVIOURAL,crates/cm-domain/src/match_engine_exe.rs,,YES,SIMULATION_RELEVANT,UNVERIFIED,,,,
0x006a88f0,,,FUN_006a88f0,,UNKNOWN,PORTED_BEHAVIOURAL,crates/cm-domain/src/match_engine_exe.rs,,YES,SIMULATION_RELEVANT,UNVERIFIED,,,,
0x006a8920,,,FUN_006a8920,,GUI,UNKNOWN,,,INDIRECT,,UNVERIFIED,,,,
0x006a89f0,,,FUN_006a89f0,,GUI,UNKNOWN,,,INDIRECT,,UNVERIFIED,,,,
0x006a91d0,,,FUN_006a91d0,,GUI,PORTED_BEHAVIOURAL,crates/cm-app/src/main.rs;crates/cm-domain/src/match_engine_exe.rs,,YES,SIMULATION_RELEVANT,UNVERIFIED,,,,
0x006a9200,,,FUN_006a9200,,GUI,PORTED_BEHAVIOURAL,crates/cm-app/src/main.rs,,YES,SIMULATION_RELEVANT,UNVERIFIED,,,,
0x006a9230,,,FUN_006a9230,,UNKNOWN,UNKNOWN,,,INDIRECT,,UNVERIFIED,,,,
0x006a9260,,,FUN_006a9260,,GUI,UNKNOWN,,,INDIRECT,,UNVERIFIED,,,,
0x006a9310,,,FUN_006a9310,,GUI,UNKNOWN,,,INDIRECT,,UNVERIFIED,,,,
0x006a93b0,,,FUN_006a93b0,,GUI,UNKNOWN,,,INDIRECT,,UNVERIFIED,,,,
0x006a9a40,,,FUN_006a9a40,,GUI,PORTED_BEHAVIOURAL,crates/cm-domain/src/match_engine_exe.rs,,YES,SIMULATION_RELEVANT,UNVERIFIED,,,,
0x006a9a90,,,FUN_006a9a90,,GUI,PORTED_BEHAVIOURAL,crates/cm-domain/src/match_engine_exe.rs,,YES,SIMULATION_RELEVANT,UNVERIFIED,,,,
0x006a9ac0,,,FUN_006a9ac0,,UNKNOWN,UNKNOWN,,,INDIRECT,,UNVERIFIED,,,,
0x006a9ba0,,match_eng.cpp,FUN_006a9ba0,,GUI,UNKNOWN,,,INDIRECT,,UNVERIFIED,,,,
0x006a9d80,,match_eng.cpp,FUN_006a9d80,,GUI,UNKNOWN,,,INDIRECT,,UNVERIFIED,,,,
0x006aa130,,match_eng.cpp,FUN_006aa130,,GUI,UNKNOWN,,,INDIRECT,,UNVERIFIED,,,,
0x006aa7d0,,match_eng.cpp,FUN_006aa7d0,,GUI,UNKNOWN,,,INDIRECT,,UNVERIFIED,,,,
0x006aa9e0,,,FUN_006aa9e0,,GUI,UNKNOWN,,,INDIRECT,,UNVERIFIED,,,,
0x006aaaf0,,match_eng.cpp,FUN_006aaaf0,,GUI,UNKNOWN,,,INDIRECT,,UNVERIFIED,,,,
0x006aae20,,match_eng.cpp,FUN_006aae20,per-tick tactical/commentary updater,match-engine,NOT_YET_PORTED,crates/cm-domain/src/match_engine_exe.rs,,NO,PLAYER_VISIBLE,PARTIAL,memory:match-engine-gap-audit.md,emits commentary events token model does not; genuine gap lib.rs:23229,,
0x006ac3b0,,,FUN_006ac3b0,,GUI,PORTED_BEHAVIOURAL,crates/cm-app/src/main.rs;crates/cm-domain/src/match_engine_exe.rs,,YES,SIMULATION_RELEVANT,UNVERIFIED,,,,
0x006ae160,,match_eng.cpp,FUN_006ae160,shot/pass/tackle outcome classifier,match-engine,PORTED_EXACT,crates/cm-domain/src/match_engine_exe.rs,classify_shot_outcome,YES,SIMULATION_RELEVANT,BEHAVIOURALLY_EXACT,reports:match_action_path_decode.md,mentality scalers + in-box test,,
0x006af650,,,FUN_006af650,,GUI,PORTED_BEHAVIOURAL,crates/cm-domain/src/card_model.rs,,YES,SIMULATION_RELEVANT,UNVERIFIED,,,,
0x006b0fd0,,,FUN_006b0fd0,,GUI,UNKNOWN,,,INDIRECT,,UNVERIFIED,,,,
0x006b1040,,,FUN_006b1040,match bearing LUT read,match-physics,PORTED_EXACT,crates/cm-domain/src/match_engine_exe.rs,bearing_atan2,YES,SIMULATION_RELEVANT,BYTE_EXACT,,DAT_00B4D7A4 LUT,,
0x006b1080,,,FUN_006b1080,,GUI,UNKNOWN,,,INDIRECT,,UNVERIFIED,,,,
0x006b1100,,,FUN_006b1100,,GUI,UNKNOWN,,,INDIRECT,,UNVERIFIED,,,,
0x006b1290,,,FUN_006b1290,,GUI,UNKNOWN,,,INDIRECT,,UNVERIFIED,,,,
0x006b12b0,,,FUN_006b12b0,,GUI,UNKNOWN,,,INDIRECT,,UNVERIFIED,,,,
0x006b12e0,,,FUN_006b12e0,,GUI,PORTED_BEHAVIOURAL,crates/cm-domain/src/match_engine_exe.rs,,YES,SIMULATION_RELEVANT,UNVERIFIED,,,,
0x006b1330,,,FUN_006b1330,,GUI,UNKNOWN,,,INDIRECT,,UNVERIFIED,,,,
0x006b1450,,,FUN_006b1450,,UNKNOWN,UNKNOWN,,,INDIRECT,,UNVERIFIED,,,,
0x006b1530,,,FUN_006b1530,,GUI,UNKNOWN,,,INDIRECT,,UNVERIFIED,,,,
0x006b1580,,,FUN_006b1580,,UNKNOWN,UNKNOWN,,,INDIRECT,,UNVERIFIED,,,,
0x006b19f0,,,FUN_006b19f0,,UNKNOWN,UNKNOWN,,,INDIRECT,,UNVERIFIED,,,,
0x006b1e60,,,FUN_006b1e60,match distance LUT read,match-physics,PORTED_EXACT,crates/cm-domain/src/match_engine_exe.rs,distance_quality,YES,SIMULATION_RELEVANT,BYTE_EXACT,,DAT_00A01E20 LUT,,
0x006b1ec0,,,FUN_006b1ec0,,UNKNOWN,UNKNOWN,,,INDIRECT,,UNVERIFIED,,,,
0x006b24e0,,,FUN_006b24e0,,UNKNOWN,UNKNOWN,,,INDIRECT,,UNVERIFIED,,,,
0x006b2cb0,,,FUN_006b2cb0,,UNKNOWN,UNKNOWN,,,INDIRECT,,UNVERIFIED,,,,
0x006b2d50,,,FUN_006b2d50,,UNKNOWN,UNKNOWN,,,INDIRECT,,UNVERIFIED,,,,
0x006b2e10,,,FUN_006b2e10,,GUI,UNKNOWN,,,INDIRECT,,UNVERIFIED,,,,
0x006b2f70,,,FUN_006b2f70,,GUI,PORTED_BEHAVIOURAL,crates/cm-domain/src/match_engine_exe.rs,,YES,SIMULATION_RELEVANT,UNVERIFIED,,,,
0x006b2fe0,,,FUN_006b2fe0,,UNKNOWN,UNKNOWN,,,INDIRECT,,UNVERIFIED,,,,
0x006b30f0,,,FUN_006b30f0,,GUI,UNKNOWN,,,INDIRECT,,UNVERIFIED,,,,
0x006b33a0,,,FUN_006b33a0,,GUI,UNKNOWN,,,INDIRECT,,UNVERIFIED,,,,
0x006b3680,,,FUN_006b3680,,UNKNOWN,UNKNOWN,,,INDIRECT,,UNVERIFIED,,,,
0x006b36d0,,match_eng.cpp,FUN_006b36d0,,GUI,UNKNOWN,,,INDIRECT,,UNVERIFIED,,,,
0x006b3a70,,,FUN_006b3a70,,UNKNOWN,UNKNOWN,,,INDIRECT,,UNVERIFIED,,,,
0x006b3a90,,,FUN_006b3a90,,GUI,PORTED_BEHAVIOURAL,crates/cm-domain/src/match_engine_exe.rs,,YES,SIMULATION_RELEVANT,UNVERIFIED,,,,
0x006b3c90,,,FUN_006b3c90,,GUI,UNKNOWN,,,INDIRECT,,UNVERIFIED,,,,
0x006b3de0,,,FUN_006b3de0,per-match rating finalize,match-engine,PORTED_EXACT,crates/cm-domain/src/match_engine_exe.rs,finalize_rating,YES,PLAYER_VISIBLE,BEHAVIOURALLY_EXACT,rust:match_engine_exe.rs,"display=clamp(round((acc+500)/1000),1,10)",,
0x006b4340,,,FUN_006b4340,,UNKNOWN,UNKNOWN,,,INDIRECT,,UNVERIFIED,,,,
0x006b4510,,match_eng.cpp,FUN_006b4510,positional candidate selector,match-engine,OUT_OF_SCOPE,crates/cm-domain/src/match_engine_exe.rs,,NO,SIMULATION_RELEVANT,PARTIAL,memory:match-engine-gap-audit.md,replaced by target_picker; frontier only lib.rs:23224,,
0x006b5170,,,FUN_006b5170,,UNKNOWN,UNKNOWN,,,INDIRECT,,UNVERIFIED,,,,
0x006b51b0,,,FUN_006b51b0,,UNKNOWN,UNKNOWN,,,INDIRECT,,UNVERIFIED,,,,
0x006b56c0,,,FUN_006b56c0,,GUI,UNKNOWN,,,INDIRECT,,UNVERIFIED,,,,
0x006b5700,,,FUN_006b5700,,GUI,UNKNOWN,,,INDIRECT,,UNVERIFIED,,,,
0x006b5730,,,FUN_006b5730,,GUI,UNKNOWN,,,INDIRECT,,UNVERIFIED,,,,
0x006b5770,,,FUN_006b5770,,GUI,UNKNOWN,,,INDIRECT,,UNVERIFIED,,,,
0x006b57a0,,,FUN_006b57a0,,UNKNOWN,UNKNOWN,,,INDIRECT,,UNVERIFIED,,,,
0x006b57d0,,,FUN_006b57d0,,GUI,PORTED_BEHAVIOURAL,crates/cm-app/src/main.rs,,YES,SIMULATION_RELEVANT,UNVERIFIED,,,,
0x006b5800,,,FUN_006b5800,,GUI,PORTED_BEHAVIOURAL,crates/cm-domain/src/match_engine_exe.rs,,YES,SIMULATION_RELEVANT,UNVERIFIED,,,,
0x006b5870,,,FUN_006b5870,,GUI,UNKNOWN,,,INDIRECT,,UNVERIFIED,,,,
0x006b63e0,,,FUN_006b63e0,,GUI,UNKNOWN,,,INDIRECT,,UNVERIFIED,,,,
0x006b65c0,,,FUN_006b65c0,,GUI,UNKNOWN,,,INDIRECT,,UNVERIFIED,,,,
0x006b69e0,,,FUN_006b69e0,man-of-the-match selector,match-engine,PORTED_EXACT,crates/cm-domain/src/match_engine_exe.rs,select_motm,YES,PLAYER_VISIBLE,BEHAVIOURALLY_EXACT,memory:history-panels-noheuristic-ports.md,verified composite weights,,
0x006b6aa0,,,FUN_006b6aa0,,GUI,UNKNOWN,,,INDIRECT,,UNVERIFIED,,,,
0x006b6c10,,,FUN_006b6c10,resolve queued shots,match-engine,PORTED_BEHAVIOURAL,crates/cm-domain/src/match_engine_exe.rs,resolve_queued_shots,YES,PLAYER_VISIBLE,BEHAVIOURALLY_EXACT,reports:match_action_path_decode.md,drains shot queue via 0x006cfef0; emits 0x1FF7/8/9,,
0x006b7170,,match_eng.cpp,FUN_006b7170,,GUI,UNKNOWN,,,INDIRECT,,UNVERIFIED,,,,
0x006b76c0,,,FUN_006b76c0,,GUI,UNKNOWN,,,INDIRECT,,UNVERIFIED,,,,
0x006b80b0,,,FUN_006b80b0,,GUI,UNKNOWN,,,INDIRECT,,UNVERIFIED,,,,
0x006b9010,,,FUN_006b9010,,GUI,UNKNOWN,,,INDIRECT,,UNVERIFIED,,,,
0x006b97e0,,,FUN_006b97e0,,GUI,UNKNOWN,,,INDIRECT,,UNVERIFIED,,,,
0x006b9c50,,,FUN_006b9c50,,GUI,UNKNOWN,,,INDIRECT,,UNVERIFIED,,,,
0x006b9c80,,,FUN_006b9c80,,UNKNOWN,UNKNOWN,,,INDIRECT,,UNVERIFIED,,,,
0x006b9ca0,,,FUN_006b9ca0,,UNKNOWN,UNKNOWN,,,INDIRECT,,UNVERIFIED,,,,
0x006b9d30,,,FUN_006b9d30,,GUI,UNKNOWN,,,INDIRECT,,UNVERIFIED,,,,
0x006ba1e0,,match_eng.cpp,FUN_006ba1e0,derby/grudge score,match-engine,PORTED_EXACT,crates/cm-domain/src/match_engine_exe.rs,derby_score,YES,SIMULATION_RELEVANT,BEHAVIOURALLY_EXACT,rust:match_engine_exe.rs,reads rival fields; feeds pre-match aggro,,
0x006ba380,,,FUN_006ba380,post-match rating writeback,match-engine,PORTED_EXACT,crates/cm-domain/src/match_engine_exe.rs,,YES,PLAYER_VISIBLE,STRUCTURALLY_VERIFIED,rust:match_engine_exe.rs,322B; returns Some(1..10),,
0x006ba4d0,,,FUN_006ba4d0,,GUI,UNKNOWN,,,INDIRECT,,UNVERIFIED,,,,
0x006bb250,,,FUN_006bb250,,UNKNOWN,UNKNOWN,,,INDIRECT,,UNVERIFIED,,,,
0x006bb290,,,FUN_006bb290,,UNKNOWN,UNKNOWN,,,INDIRECT,,UNVERIFIED,,,,
0x006bb2b0,,,FUN_006bb2b0,,UNKNOWN,UNKNOWN,,,INDIRECT,,UNVERIFIED,,,,
0x006bb310,,,FUN_006bb310,,GUI,UNKNOWN,,,INDIRECT,,UNVERIFIED,,,,
0x006bb370,,,FUN_006bb370,,GUI,UNKNOWN,,,INDIRECT,,UNVERIFIED,,,,
0x006bb3d0,,,FUN_006bb3d0,,GUI,UNKNOWN,,,INDIRECT,,UNVERIFIED,,,,
0x006bb450,,,FUN_006bb450,,UNKNOWN,UNKNOWN,,,INDIRECT,,UNVERIFIED,,,,
0x006bb480,,,FUN_006bb480,,UNKNOWN,UNKNOWN,,,INDIRECT,,UNVERIFIED,,,,
0x006bb4b0,,,FUN_006bb4b0,,UNKNOWN,UNKNOWN,,,INDIRECT,,UNVERIFIED,,,,
0x006bb550,,,FUN_006bb550,,SOUND,UNKNOWN,,,INDIRECT,,UNVERIFIED,,,,
0x006bb630,,,FUN_006bb630,,UNKNOWN,UNKNOWN,,,INDIRECT,,UNVERIFIED,,,,
0x006bb660,,,FUN_006bb660,,UNKNOWN,UNKNOWN,,,INDIRECT,,UNVERIFIED,,,,
0x006bb6e0,,,FUN_006bb6e0,,UNKNOWN,PORTED_BEHAVIOURAL,crates/cm-app/src/main.rs,,YES,SIMULATION_RELEVANT,UNVERIFIED,,,,
0x006bba10,,,FUN_006bba10,,GUI,PORTED_BEHAVIOURAL,crates/cm-app/src/main.rs,,YES,SIMULATION_RELEVANT,UNVERIFIED,,,,
0x006bc8d0,,match_events.cpp,FUN_006bc8d0,match event-queue writer (subset),match-engine,PORTED_PARTIAL,crates/cm-domain/src/match_engine_exe.rs,match_events_generate,YES,PLAYER_VISIBLE,PARTIAL,memory:match-engine-gap-audit.md,token events pushed; full +0x30/+0x720 layout + follow-up codes not impl lib.rs:23174,,
0x006bd2e0,,,FUN_006bd2e0,,UNKNOWN,UNKNOWN,,,INDIRECT,,UNVERIFIED,,,,
0x006bd530,,match_events.cpp,FUN_006bd530,,SOUND,UNKNOWN,,,INDIRECT,,UNVERIFIED,,,,
0x006be690,,,FUN_006be690,,GUI,UNKNOWN,,,INDIRECT,,UNVERIFIED,,,,
0x006be730,,match_events.cpp,FUN_006be730,,GUI,UNKNOWN,,,INDIRECT,,UNVERIFIED,,,,
0x006bf2d0,,match_events.cpp,FUN_006bf2d0,,GUI,UNKNOWN,,,INDIRECT,,UNVERIFIED,,,,
0x006bf660,,match_events.cpp,FUN_006bf660,,GUI,UNKNOWN,,,INDIRECT,,UNVERIFIED,,,,
0x006bf870,,match_events.cpp,FUN_006bf870,,SOUND,UNKNOWN,,,INDIRECT,,UNVERIFIED,,,,
0x006c0ce0,,,FUN_006c0ce0,,GUI,UNKNOWN,,,INDIRECT,,UNVERIFIED,,,,
0x006c0f10,,match_man.cpp,FUN_006c0f10,,GUI,PORTED_BEHAVIOURAL,crates/cm-app/src/main.rs,,YES,SIMULATION_RELEVANT,UNVERIFIED,,,,
0x006c1520,,,FUN_006c1520,,GUI,UNKNOWN,,,INDIRECT,,UNVERIFIED,,,,
0x006c1590,,,FUN_006c1590,,GUI,UNKNOWN,,,INDIRECT,,UNVERIFIED,,,,
0x006c1660,,match_man.cpp,FUN_006c1660,,GUI,UNKNOWN,,,INDIRECT,,UNVERIFIED,,,,
0x006c34c0,,,FUN_006c34c0,team tempo+mentality bitmask,tactics,PORTED_BEHAVIOURAL,crates/cm-domain/src/tactic_file.rs,team_settings,YES,SIMULATION_RELEVANT,BEHAVIOURALLY_EXACT,rust:tactic_file.rs,verified :63-91; applied via FUN_0059f3e0(mask),,
0x006c4e70,,,FUN_006c4e70,,GUI,UNKNOWN,,,INDIRECT,,UNVERIFIED,,,,
0x006c5c40,,match_man.cpp,FUN_006c5c40,team score (sum ratings / opp_rep x8),tactics,PORTED_BEHAVIOURAL,crates/cm-domain/src/tactics.rs,team_score,YES,SIMULATION_RELEVANT,BEHAVIOURALLY_EXACT,memory:tactics-port-status.md,one-shot pre-match delta (gap #6 not per-tick),,
0x006c6710,,,FUN_006c6710,,,UNKNOWN,,,INDIRECT,,UNVERIFIED,,,,
0x006c6aa0,,match_man.cpp,FUN_006c6aa0,,GUI,UNKNOWN,,,INDIRECT,,UNVERIFIED,,,,
0x006c7350,,,FUN_006c7350,,GUI,UNKNOWN,,,INDIRECT,,UNVERIFIED,,,,
0x006c7450,,,FUN_006c7450,,GUI,UNKNOWN,,,INDIRECT,,UNVERIFIED,,,,
0x006c74b0,,,FUN_006c74b0,,GUI,UNKNOWN,,,INDIRECT,,UNVERIFIED,,,,
0x006c76e0,,,FUN_006c76e0,,UNKNOWN,UNKNOWN,,,INDIRECT,,UNVERIFIED,,,,
0x006c7700,,,FUN_006c7700,,GUI,UNKNOWN,,,INDIRECT,,UNVERIFIED,,,,
0x006c7a10,,,FUN_006c7a10,,,UNKNOWN,,,INDIRECT,,UNVERIFIED,,,,
0x006c8930,,,FUN_006c8930,position rating (player-in-role),tactics,PORTED_PARTIAL,crates/cm-domain/src/tactics.rs,position_rating;ATTR_CURVE,YES,SIMULATION_RELEVANT,PARTIAL,memory:tactics-port-status.md,ATTR_CURVE @0x00a01ce0 verified; GK direct aptitude; wide branches simplified,,
0x006cbd50,,,FUN_006cbd50,,,UNKNOWN,,,INDIRECT,,UNVERIFIED,,,,
0x006ce0e0,,,FUN_006ce0e0,wage-estimate helper,transfers,PORTED_PARTIAL,crates/cm-domain/src/transfer.rs,predict_wage,INDIRECT,SIMULATION_RELEVANT,BEHAVIOURALLY_EXACT,memory:transfer-deep-ports-done.md,formula verified; NOT loan-split; per-day jitter deterministic proxy not exe RNG,,
0x006ce320,,,FUN_006ce320,,GUI,UNKNOWN,,,INDIRECT,,UNVERIFIED,,,,
0x006cee70,,,FUN_006cee70,,UNKNOWN,UNKNOWN,,,INDIRECT,,UNVERIFIED,,,,
0x006cee80,,,FUN_006cee80,match atmosphere/attendance factor,match,PORTED_EXACT,crates/cm-domain/src/match_engine_exe.rs,compute_atmosphere,YES,SIMULATION_RELEVANT,BYTE_EXACT,,RNG threshold cascade 350..150 factors 7750..5250,,
0x006cef50,,,FUN_006cef50,,GUI,UNKNOWN,,,INDIRECT,,UNVERIFIED,,,,
0x006cf040,,,FUN_006cf040,card applier verdict (red never live),discipline,PORTED_EXACT,crates/cm-domain/src/card_model.rs,card_verdict;disc_map,INDIRECT,PLAYER_VISIBLE,BEHAVIOURALLY_EXACT,memory:history-panels-noheuristic-ports.md,"verdict ported; cards_from_events returns empty reds (2059) BLOCKED on positional state, not fabricated | STRAIGHT REDS NOT LIVE (blocked on positional match sim / match-RNG-stream) - not fabricated; yellows via run_pre_match_pass EVT_SERIOUS_FOUL | MULTI-ROLE: PORTED_EXACT=card applier verdict (red never live); BLOCKED_DEPENDENCY=card applier verdict (yellow/red leaf)",,
0x006cf230,,,FUN_006cf230,foul severity accumulation (algo exact; live red blocked),discipline,PORTED_EXACT,crates/cm-domain/src/card_model.rs,foul_severity,INDIRECT,PLAYER_VISIBLE,BEHAVIOURALLY_EXACT,memory:history-panels-noheuristic-ports.md,severity byte-exact; fed non-authentic inputs so never drives a live red; authentic positional inputs BLOCKED | recovered+tested (L1) NOT wired; needs positional match sim (frustration/pitch cells/nearest-player) | MULTI-ROLE: PORTED_EXACT=foul severity accumulation (algo exact; live red blocked); BLOCKED_DEPENDENCY=foul-severity assembly,,
0x006cfef0,,,FUN_006cfef0,shot outcome dice resolver,match-engine,PORTED_EXACT,crates/cm-domain/src/match_engine_exe.rs,shot_outcome_resolver,YES,SIMULATION_RELEVANT,BEHAVIOURALLY_EXACT,reports:match_action_path_decode.md,dice exact but per-match splitmix64 MatchRng not exe table-RNG; no RNG-cursor parity,,
0x006d0170,,match_official.cpp,FUN_006d0170,,GUI,UNKNOWN,,,INDIRECT,,UNVERIFIED,,,,
0x006d0570,,,FUN_006d0570,,UNKNOWN,UNKNOWN,,,INDIRECT,,UNVERIFIED,,,,
0x006d08b0,,,FUN_006d08b0,,GUI,PORTED_BEHAVIOURAL,crates/cm-domain/src/match_engine_exe.rs,,YES,SIMULATION_RELEVANT,UNVERIFIED,,,,
0x006d1780,,,FUN_006d1780,,GUI,PORTED_BEHAVIOURAL,crates/cm-app/src/main.rs,,YES,SIMULATION_RELEVANT,UNVERIFIED,,,,
0x006d1a20,,,FUN_006d1a20,player evaluation float fields,match-engine,OUT_OF_SCOPE,crates/cm-domain/src/match_engine_exe.rs,,NO,SIMULATION_RELEVANT,PARTIAL,memory:match-engine-gap-audit.md,replaced by token rating pipeline; frontier only lib.rs:23135,,
0x006d46c0,,,FUN_006d46c0,,GUI,PORTED_BEHAVIOURAL,crates/cm-app/src/main.rs,,YES,SIMULATION_RELEVANT,UNVERIFIED,,,,
0x006d6040,,,FUN_006d6040,,GUI,UNKNOWN,,,INDIRECT,,UNVERIFIED,,,,
0x006d6370,,,FUN_006d6370,,GUI,UNKNOWN,,,INDIRECT,,UNVERIFIED,,,,
0x006d63b0,,,FUN_006d63b0,distance-quality LUT lookup,match-engine,PORTED_EXACT,crates/cm-domain/src/match_engine_exe.rs,distance_quality,YES,SIMULATION_RELEVANT,BYTE_EXACT,rust:match_engine_exe.rs,shares DIST_LUT_00A01E20 with 0x006b1e60,,
0x006d63f0,,match_pl.cpp,FUN_006d63f0,positional move/action resolution,match-engine,OUT_OF_SCOPE,crates/cm-domain/src/match_engine_exe.rs,,NO,SIMULATION_RELEVANT,PARTIAL,memory:match-engine-gap-audit.md,"replaced by token model; frontier shape verified, formulas not implemented lib.rs:23159",,
0x006d9ea0,,,FUN_006d9ea0,,GUI,PORTED_BEHAVIOURAL,crates/cm-app/src/main.rs,,YES,SIMULATION_RELEVANT,UNVERIFIED,,,,
0x006da000,,,FUN_006da000,,UNKNOWN,UNKNOWN,,,INDIRECT,,UNVERIFIED,,,,
0x006da050,,,FUN_006da050,,GUI,UNKNOWN,,,INDIRECT,,UNVERIFIED,,,,
0x006da0b0,,match_pl.cpp,FUN_006da0b0,token cell move,match-engine,PORTED_EXACT,crates/cm-domain/src/match_engine_exe.rs,cell_move,INDIRECT,SIMULATION_RELEVANT,BYTE_EXACT,rust:match_engine_exe.rs,faithful port but token model rarely moves cell-to-cell,,
0x006da320,,,FUN_006da320,,GUI,UNKNOWN,,,INDIRECT,,UNVERIFIED,,,,
0x006da430,,,FUN_006da430,,UNKNOWN,UNKNOWN,,,INDIRECT,,UNVERIFIED,,,,
0x006da440,,,FUN_006da440,,UNKNOWN,UNKNOWN,,,INDIRECT,,UNVERIFIED,,,,
0x006da470,,,FUN_006da470,,UNKNOWN,UNKNOWN,,,INDIRECT,,UNVERIFIED,,,,
0x006da4a0,,,FUN_006da4a0,,GUI,UNKNOWN,,,INDIRECT,,UNVERIFIED,,,,
0x006dafc0,,,FUN_006dafc0,,GUI,UNKNOWN,,,INDIRECT,,UNVERIFIED,,,,
0x006db0c0,,,FUN_006db0c0,,GUI,UNKNOWN,,,INDIRECT,,UNVERIFIED,,,,
0x006db210,,,FUN_006db210,,GUI,PORTED_BEHAVIOURAL,crates/cm-app/src/main.rs,,YES,SIMULATION_RELEVANT,UNVERIFIED,,,,
0x006db520,,,FUN_006db520,,GUI,PORTED_BEHAVIOURAL,crates/cm-domain/src/card_model.rs;crates/cm-domain/src/match_engine_exe.rs,,YES,SIMULATION_RELEVANT,UNVERIFIED,,,,
0x006db580,,,FUN_006db580,,GUI,PORTED_BEHAVIOURAL,crates/cm-app/src/main.rs,,YES,SIMULATION_RELEVANT,UNVERIFIED,,,,
0x006db630,,match_pl.cpp,FUN_006db630,,GUI,PORTED_BEHAVIOURAL,crates/cm-app/src/main.rs,,YES,SIMULATION_RELEVANT,UNVERIFIED,,,,
0x006dc600,,,FUN_006dc600,,GUI,UNKNOWN,,,INDIRECT,,UNVERIFIED,,,,
0x006df990,,,FUN_006df990,,GUI,UNKNOWN,,,INDIRECT,,UNVERIFIED,,,,
0x006dfb40,,,FUN_006dfb40,match reachability die,match-physics,PORTED_EXACT,crates/cm-domain/src/match_engine_exe.rs,reachability_check,YES,SIMULATION_RELEVANT,BEHAVIOURALLY_EXACT,,turn-to-face in 1 tick,,
0x006dfbe0,,,FUN_006dfbe0,,GUI,UNKNOWN,,,INDIRECT,,UNVERIFIED,,,,
0x006dfc50,,,FUN_006dfc50,,GUI,PORTED_BEHAVIOURAL,crates/cm-app/src/main.rs,,YES,SIMULATION_RELEVANT,UNVERIFIED,,,,
0x006dfe90,,,FUN_006dfe90,,GUI,UNKNOWN,,,INDIRECT,,UNVERIFIED,,,,
0x006e0740,,match_pl.cpp,FUN_006e0740,,GUI,PORTED_BEHAVIOURAL,crates/cm-app/src/main.rs,,YES,SIMULATION_RELEVANT,UNVERIFIED,,,,
0x006e5d00,,,FUN_006e5d00,,GUI,UNKNOWN,,,INDIRECT,,UNVERIFIED,,,,
0x006e5d30,,,FUN_006e5d30,,UNKNOWN,UNKNOWN,,,INDIRECT,,UNVERIFIED,,,,
0x006e5d40,,,FUN_006e5d40,,UNKNOWN,UNKNOWN,,,INDIRECT,,UNVERIFIED,,,,
0x006e5d50,,,FUN_006e5d50,,UNKNOWN,UNKNOWN,,,INDIRECT,,UNVERIFIED,,,,
0x006e5d60,,,FUN_006e5d60,,UNKNOWN,UNKNOWN,,,INDIRECT,,UNVERIFIED,,,,
0x006e5d70,,,FUN_006e5d70,,UNKNOWN,UNKNOWN,,,INDIRECT,,UNVERIFIED,,,,
0x006e5d80,,,FUN_006e5d80,,UNKNOWN,UNKNOWN,,,INDIRECT,,UNVERIFIED,,,,
0x006e5d90,,,FUN_006e5d90,,UNKNOWN,UNKNOWN,,,INDIRECT,,UNVERIFIED,,,,
0x006e5da0,,,FUN_006e5da0,,UNKNOWN,UNKNOWN,,,INDIRECT,,UNVERIFIED,,,,
0x006e5db0,,,FUN_006e5db0,,UNKNOWN,UNKNOWN,,,INDIRECT,,UNVERIFIED,,,,
0x006e5dc0,,,FUN_006e5dc0,,UNKNOWN,UNKNOWN,,,INDIRECT,,UNVERIFIED,,,,
0x006e5e10,,,FUN_006e5e10,,UNKNOWN,UNKNOWN,,,INDIRECT,,UNVERIFIED,,,,
0x006e5e20,,,FUN_006e5e20,,UNKNOWN,UNKNOWN,,,INDIRECT,,UNVERIFIED,,,,
0x006e5e30,,,FUN_006e5e30,,GUI,UNKNOWN,,,INDIRECT,,UNVERIFIED,,,,
0x006e65e0,,match_pl.cpp,FUN_006e65e0,shot/action score (positional),match-engine,OUT_OF_SCOPE,crates/cm-domain/src/match_engine_exe.rs,,NO,SIMULATION_RELEVANT,PARTIAL,memory:match-engine-gap-audit.md,replaced by shot_tier_bucket; frontier only lib.rs:23189,,
0x006e7a60,,,FUN_006e7a60,,,PORTED_BEHAVIOURAL,crates/cm-app/src/main.rs,,YES,SIMULATION_RELEVANT,UNVERIFIED,,,,
0x006f0270,,,FUN_006f0270,,UNKNOWN,UNKNOWN,,,INDIRECT,,UNVERIFIED,,,,
0x006f02a0,,,FUN_006f02a0,,UNKNOWN,UNKNOWN,,,INDIRECT,,UNVERIFIED,,,,
0x006f02d0,,,FUN_006f02d0,,UNKNOWN,UNKNOWN,,,INDIRECT,,UNVERIFIED,,,,
0x006f0320,,match_pl.cpp,FUN_006f0320,,GUI,PORTED_BEHAVIOURAL,crates/cm-domain/src/match_engine_exe.rs,,YES,SIMULATION_RELEVANT,UNVERIFIED,,,,
0x006f1a50,,,FUN_006f1a50,,,PORTED_BEHAVIOURAL,crates/cm-domain/src/match_engine_exe.rs,,YES,SIMULATION_RELEVANT,UNVERIFIED,,,,
0x006f2e40,,,FUN_006f2e40,,GUI,UNKNOWN,,,INDIRECT,,UNVERIFIED,,,,
0x006f3040,,,FUN_006f3040,,UNKNOWN,UNKNOWN,,,INDIRECT,,UNVERIFIED,,,,
0x006f30a0,,match_pl.cpp,FUN_006f30a0,,GUI,UNKNOWN,,,INDIRECT,,UNVERIFIED,,,,
0x006f3900,,,FUN_006f3900,,,UNKNOWN,,,INDIRECT,,UNVERIFIED,,,,
0x006f3930,,,FUN_006f3930,,GUI,UNKNOWN,,,INDIRECT,,UNVERIFIED,,,,
0x006f3950,,,FUN_006f3950,,GUI,UNKNOWN,,,INDIRECT,,UNVERIFIED,,,,
0x006f3980,,,FUN_006f3980,,UNKNOWN,UNKNOWN,,,INDIRECT,,UNVERIFIED,,,,
0x006f39b0,,,FUN_006f39b0,,GUI,UNKNOWN,,,INDIRECT,,UNVERIFIED,,,,
0x006f39e0,,match_pl.cpp,FUN_006f39e0,,GUI,UNKNOWN,,,INDIRECT,,UNVERIFIED,,,,
0x006f4680,,,FUN_006f4680,,GUI,UNKNOWN,,,INDIRECT,,UNVERIFIED,,,,
0x006f5dc0,,,FUN_006f5dc0,,UNKNOWN,UNKNOWN,,,INDIRECT,,UNVERIFIED,,,,
0x006f5de0,,,FUN_006f5de0,physics/pressure continuation tick (subset),match-engine,PORTED_PARTIAL,crates/cm-domain/src/match_engine_exe.rs,physics_tick,YES,SIMULATION_RELEVANT,PARTIAL,memory:match-engine-gap-audit.md,tokens never move cell-to-cell; positional continuation OUT_OF_SCOPE lib.rs:23204,,
0x006f63f0,,match_pl.cpp,FUN_006f63f0,event-resolution dispatcher (positional),match-engine,OUT_OF_SCOPE,crates/cm-domain/src/match_engine_exe.rs,,NO,SIMULATION_RELEVANT,PARTIAL,memory:match-engine-gap-audit.md,replaced by token event push; frontier only lib.rs:23169,,
0x006f9790,,,FUN_006f9790,,UNKNOWN,UNKNOWN,,,INDIRECT,,UNVERIFIED,,,,
0x006f9890,,,FUN_006f9890,,GUI,UNKNOWN,,,INDIRECT,,UNVERIFIED,,,,
0x006f99c0,,match_pl.cpp,FUN_006f99c0,per-tick action selector (subset; full positional out-of-scope),match-engine,PORTED_PARTIAL,crates/cm-domain/src/match_engine_exe.rs,decide_action;shot_attempt_gate,YES,SIMULATION_RELEVANT,PARTIAL,memory:match-engine-gap-audit.md,shot-choice gate ported; full positional selector OUT_OF_SCOPE frontier lib.rs:23164,,
0x006fa660,,,FUN_006fa660,,UNKNOWN,UNKNOWN,,,INDIRECT,,UNVERIFIED,,,,
0x006fa6a0,,,FUN_006fa6a0,,UNKNOWN,UNKNOWN,,,INDIRECT,,UNVERIFIED,,,,
0x006fa700,,,FUN_006fa700,,UNKNOWN,PORTED_BEHAVIOURAL,crates/cm-domain/src/match_engine_exe.rs,,YES,SIMULATION_RELEVANT,UNVERIFIED,,,,
0x006fa730,,,FUN_006fa730,,GUI,PORTED_BEHAVIOURAL,crates/cm-domain/src/match_engine_exe.rs,,YES,SIMULATION_RELEVANT,UNVERIFIED,,,,
0x006fa740,,match_pl.cpp,FUN_006fa740,,GUI,PORTED_BEHAVIOURAL,crates/cm-domain/src/match_engine_exe.rs,,YES,SIMULATION_RELEVANT,UNVERIFIED,,,,
0x006fb930,,,FUN_006fb930,,UNKNOWN,UNKNOWN,,,INDIRECT,,UNVERIFIED,,,,
0x006fb950,,,FUN_006fb950,,GUI,UNKNOWN,,,INDIRECT,,UNVERIFIED,,,,
0x006fbad0,,,FUN_006fbad0,,GUI,UNKNOWN,,,INDIRECT,,UNVERIFIED,,,,
0x006fbae0,,,FUN_006fbae0,,GUI,UNKNOWN,,,INDIRECT,,UNVERIFIED,,,,
0x006fbaf0,,,FUN_006fbaf0,,GUI,UNKNOWN,,,INDIRECT,,UNVERIFIED,,,,
0x006fbc70,,,FUN_006fbc70,,GUI,UNKNOWN,,,INDIRECT,,UNVERIFIED,,,,
0x006fbd10,,,FUN_006fbd10,,GUI,UNKNOWN,,,INDIRECT,,UNVERIFIED,,,,
0x006fbdc0,,,FUN_006fbdc0,,UNKNOWN,UNKNOWN,,,INDIRECT,,UNVERIFIED,,,,
0x006fbdf0,,,FUN_006fbdf0,,UNKNOWN,PORTED_BEHAVIOURAL,crates/cm-domain/src/match_engine_exe.rs,,YES,SIMULATION_RELEVANT,UNVERIFIED,,,,
0x006fbe50,,,FUN_006fbe50,,GUI,UNKNOWN,,,INDIRECT,,UNVERIFIED,,,,
0x006fbeb0,,,FUN_006fbeb0,,GUI,UNKNOWN,,,INDIRECT,,UNVERIFIED,,,,
0x006fbfb0,,,FUN_006fbfb0,,GUI,UNKNOWN,,,INDIRECT,,UNVERIFIED,,,,
0x006fc030,,,FUN_006fc030,,GUI,UNKNOWN,,,INDIRECT,,UNVERIFIED,,,,
0x006fc690,,,FUN_006fc690,,GUI,UNKNOWN,,,INDIRECT,,UNVERIFIED,,,,
0x006fc810,,,FUN_006fc810,,,UNKNOWN,,,INDIRECT,,UNVERIFIED,,,,
0x006fccd0,,,FUN_006fccd0,,,UNKNOWN,,,INDIRECT,,UNVERIFIED,,,,
0x006fce00,,,FUN_006fce00,,UNKNOWN,UNKNOWN,,,INDIRECT,,UNVERIFIED,,,,
0x006fce10,,,FUN_006fce10,,GUI,PORTED_BEHAVIOURAL,crates/cm-domain/src/match_engine_exe.rs,,YES,SIMULATION_RELEVANT,UNVERIFIED,,,,
0x006fce30,,,FUN_006fce30,,UNKNOWN,UNKNOWN,,,INDIRECT,,UNVERIFIED,,,,
0x006fce50,,,FUN_006fce50,,GUI,UNKNOWN,,,INDIRECT,,UNVERIFIED,,,,
0x006fce70,,,FUN_006fce70,,GUI,PORTED_BEHAVIOURAL,crates/cm-events/src/lib.rs,,YES,SIMULATION_RELEVANT,UNVERIFIED,,,,
0x006fd670,,,FUN_006fd670,,GUI,UNKNOWN,,,INDIRECT,,UNVERIFIED,,,,
0x006fd6c0,,match_screens.cpp,FUN_006fd6c0,,GUI,PORTED_BEHAVIOURAL,crates/cm-domain/src/screen_batch16.rs,,YES,SIMULATION_RELEVANT,UNVERIFIED,,,,
0x006fd7b0,,,,day-part Results screen setup,screens,PORTED_BEHAVIOURAL,crates/cm-render/src/screens_auto.rs,build_screen_6fd7b0,INDIRECT,PLAYER_VISIBLE,STRUCTURALLY_VERIFIED,memory:screen-builders-ported.md,not pixel-verified,,
0x006fe420,,,FUN_006fe420,,GUI,UNKNOWN,,,INDIRECT,,UNVERIFIED,,,,
0x006fe590,,match_screens.cpp,FUN_006fe590,,GUI,PORTED_BEHAVIOURAL,crates/cm-domain/src/screen_batch17.rs,,YES,SIMULATION_RELEVANT,UNVERIFIED,,,,
0x00700f20,,match_screens.cpp,FUN_00700f20,Latest Scores screen builder,screens,UNKNOWN,crates/cm-domain/src/lib.rs;crates/cm-domain/src/menu.rs;crates/cm-domain/src/screen_batch3.rs;crates/cm-render/src/screen_wire_batch3.rs;crates/cm-ui-app/src/main.rs;crates/cm-ui-app/src/screens.rs,,NO,PLAYER_VISIBLE,UNVERIFIED,rust:crates/cm-domain/src/lib.rs,menu cmd 0x418; LatestScore view-model feeds it; screen not ported,,
0x00701070,,,,Latest Scores screen setup,screens,PORTED_BEHAVIOURAL,crates/cm-render/src/screens_auto.rs,build_screen_701070,INDIRECT,PLAYER_VISIBLE,STRUCTURALLY_VERIFIED,memory:screen-builders-ported.md,auto-transliterated widget-pool builder; data-only NOT pixel-verified,,
0x00701240,,,FUN_00701240,,GUI,PORTED_BEHAVIOURAL,crates/cm-domain/src/screen_batch7.rs;crates/cm-render/src/dispatcher.rs;crates/cm-render/src/view_render.rs,,YES,SIMULATION_RELEVANT,UNVERIFIED,,,,
0x007013d0,,match_screens.cpp,,match aggregate/result screen setup,screens,PORTED_BEHAVIOURAL,crates/cm-render/src/screens_auto.rs,build_screen_7013d0,INDIRECT,PLAYER_VISIBLE,STRUCTURALLY_VERIFIED,memory:screen-builders-ported.md,agg score; not pixel-verified,,
0x007020d0,,match_screens.cpp,FUN_007020d0,,GUI,UNKNOWN,,,INDIRECT,,UNVERIFIED,,,,
0x00703a90,,,FUN_00703a90,,GUI,UNKNOWN,,,INDIRECT,,UNVERIFIED,,,,
0x00703e20,,,FUN_00703e20,,UNKNOWN,UNKNOWN,,,INDIRECT,,UNVERIFIED,,,,
0x00703fb0,,,FUN_00703fb0,,UNKNOWN,UNKNOWN,,,INDIRECT,,UNVERIFIED,,,,
0x007040f0,,,FUN_007040f0,,GUI,UNKNOWN,,,INDIRECT,,UNVERIFIED,,,,
0x00704c10,,,FUN_00704c10,,GUI,UNKNOWN,,,INDIRECT,,UNVERIFIED,,,,
0x007059c0,,,FUN_007059c0,,GUI,UNKNOWN,,,INDIRECT,,UNVERIFIED,,,,
0x00706a60,,,FUN_00706a60,,GUI,UNKNOWN,,,INDIRECT,,UNVERIFIED,,,,
0x00707740,,match_screens.cpp,FUN_00707740,,GUI,UNKNOWN,,,INDIRECT,,UNVERIFIED,,,,
0x00707f90,,,FUN_00707f90,,GUI,UNKNOWN,,,INDIRECT,,UNVERIFIED,,,,
0x007088e0,,,FUN_007088e0,,GUI,UNKNOWN,,,INDIRECT,,UNVERIFIED,,,,
0x00709de0,,,FUN_00709de0,,GUI,UNKNOWN,,,INDIRECT,,UNVERIFIED,,,,
0x00709ee0,,,FUN_00709ee0,,GUI,UNKNOWN,,,INDIRECT,,UNVERIFIED,,,,
0x0070a4f0,,,FUN_0070a4f0,,GUI,UNKNOWN,,,INDIRECT,,UNVERIFIED,,,,
0x0070aed0,,,FUN_0070aed0,,GUI,UNKNOWN,,,INDIRECT,,UNVERIFIED,,,,
0x0070b900,,match_screens.cpp,FUN_0070b900,,GUI,UNKNOWN,,,INDIRECT,,UNVERIFIED,,,,
0x0070cc40,,,FUN_0070cc40,,GUI,UNKNOWN,,,INDIRECT,,UNVERIFIED,,,,
0x0070ce50,,match_screens.cpp,FUN_0070ce50,,GUI,UNKNOWN,,,INDIRECT,,UNVERIFIED,,,,
0x0070d080,,,FUN_0070d080,,GUI,UNKNOWN,,,INDIRECT,,UNVERIFIED,,,,
0x0070d350,,match_screens.cpp,FUN_0070d350,,GUI,PORTED_BEHAVIOURAL,crates/cm-domain/src/screen_batch17.rs,,YES,SIMULATION_RELEVANT,UNVERIFIED,,,,
0x0070f280,,,FUN_0070f280,,GUI,UNKNOWN,,,INDIRECT,,UNVERIFIED,,,,
0x0070f470,,match_screens.cpp,FUN_0070f470,,GUI,UNKNOWN,,,INDIRECT,,UNVERIFIED,,,,
0x0070f550,,match_screens.cpp,FUN_0070f550,,GUI,PORTED_BEHAVIOURAL,crates/cm-domain/src/screen_batch17.rs,,YES,SIMULATION_RELEVANT,UNVERIFIED,,,,
0x0070f730,,match_screens.cpp,FUN_0070f730,,GUI,UNKNOWN,,,INDIRECT,,UNVERIFIED,,,,
0x00710710,,,FUN_00710710,,UNKNOWN,UNKNOWN,,,INDIRECT,,UNVERIFIED,,,,
0x00710880,,match_stats.cpp,FUN_00710880,,RESOURCE,UNKNOWN,,,INDIRECT,,UNVERIFIED,,,,
0x00710c40,,,FUN_00710c40,,UNKNOWN,UNKNOWN,,,INDIRECT,,UNVERIFIED,,,,
0x00710c70,,match_stats.cpp,FUN_00710c70,,GUI,PORTED_BEHAVIOURAL,crates/cm-domain/src/match_engine_exe.rs,,YES,SIMULATION_RELEVANT,UNVERIFIED,,,,
0x00710d80,,match_stats.cpp,FUN_00710d80,,GUI,OUT_OF_SCOPE,,,NO,SIMULATION_RELEVANT,UNVERIFIED,,,,
0x00710e80,,match_stats.cpp,FUN_00710e80,,GUI,UNKNOWN,,,INDIRECT,,UNVERIFIED,,,,
0x007110a0,,match_stats.cpp,FUN_007110a0,,GUI,UNKNOWN,,,INDIRECT,,UNVERIFIED,,,,
0x00711450,,,FUN_00711450,,UNKNOWN,UNKNOWN,,,INDIRECT,,UNVERIFIED,,,,
0x007116b0,,match_stats.cpp,FUN_007116b0,,GUI,PORTED_BEHAVIOURAL,crates/cm-domain/src/screen_batch7.rs;crates/cm-render/src/dispatcher.rs,,YES,SIMULATION_RELEVANT,UNVERIFIED,,,,
0x00711870,,match_stats.cpp,FUN_00711870,,GUI,UNKNOWN,,,INDIRECT,,UNVERIFIED,,,,
0x00712300,,match_stats.cpp,FUN_00712300,,GUI,UNKNOWN,,,INDIRECT,,UNVERIFIED,,,,
0x00712670,,match_stats.cpp,FUN_00712670,,GUI,UNKNOWN,,,INDIRECT,,UNVERIFIED,,,,
0x00712a50,,,FUN_00712a50,,UNKNOWN,UNKNOWN,,,INDIRECT,,UNVERIFIED,,,,
0x00712a80,,,FUN_00712a80,,UNKNOWN,UNKNOWN,,,INDIRECT,,UNVERIFIED,,,,
0x00712ac0,,media.cpp,FUN_00712ac0,,GUI,UNKNOWN,,,INDIRECT,,UNVERIFIED,,,,
0x00712e70,,media.cpp,FUN_00712e70,,GUI,UNKNOWN,,,INDIRECT,,UNVERIFIED,,,,
0x00713090,,,FUN_00713090,,GUI,UNKNOWN,,,INDIRECT,,UNVERIFIED,,,,
0x007131c0,,,FUN_007131c0,,GUI,UNKNOWN,,,INDIRECT,,UNVERIFIED,,,,
0x00713470,,,FUN_00713470,,GUI,UNKNOWN,,,INDIRECT,,UNVERIFIED,,,,
0x007135d0,,,FUN_007135d0,,GUI,UNKNOWN,,,INDIRECT,,UNVERIFIED,,,,
0x00713a70,,,FUN_00713a70,,,UNKNOWN,,,INDIRECT,,UNVERIFIED,,,,
0x00714ae0,,,FUN_00714ae0,,GUI,UNKNOWN,,,INDIRECT,,UNVERIFIED,,,,
0x0071a4f0,,,FUN_0071a4f0,,GUI,UNKNOWN,,,INDIRECT,,UNVERIFIED,,,,
0x0071a860,,,FUN_0071a860,,GUI,UNKNOWN,,,INDIRECT,,UNVERIFIED,,,,
0x0071b2c0,,,FUN_0071b2c0,,GUI,UNKNOWN,,,INDIRECT,,UNVERIFIED,,,,
0x0071b820,,,FUN_0071b820,,GUI,UNKNOWN,,,INDIRECT,,UNVERIFIED,,,,
0x0071c9c0,,,FUN_0071c9c0,,UNKNOWN,UNKNOWN,,,INDIRECT,,UNVERIFIED,,,,
0x0071cfe0,,,FUN_0071cfe0,,UNKNOWN,UNKNOWN,,,INDIRECT,,UNVERIFIED,,,,
0x0071d020,,,FUN_0071d020,,UNKNOWN,UNKNOWN,,,INDIRECT,,UNVERIFIED,,,,
0x0071d0a0,,,FUN_0071d0a0,,UNKNOWN,UNKNOWN,,,INDIRECT,,UNVERIFIED,,,,
0x0071d0d0,,,FUN_0071d0d0,,GUI,UNKNOWN,,,INDIRECT,,UNVERIFIED,,,,
0x0071df80,,,FUN_0071df80,,GUI,UNKNOWN,,,INDIRECT,,UNVERIFIED,,,,
0x0071e460,,,FUN_0071e460,,,UNKNOWN,,,INDIRECT,,UNVERIFIED,,,,
0x0071fba0,,,FUN_0071fba0,,GUI,UNKNOWN,,,INDIRECT,,UNVERIFIED,,,,
0x0071ff50,,,FUN_0071ff50,,GUI,UNKNOWN,,,INDIRECT,,UNVERIFIED,,,,
0x007205b0,,,FUN_007205b0,,GUI,UNKNOWN,,,INDIRECT,,UNVERIFIED,,,,
0x007260d0,,,FUN_007260d0,,GUI,UNKNOWN,,,INDIRECT,,UNVERIFIED,,,,
0x00728880,,,FUN_00728880,,GUI,UNKNOWN,,,INDIRECT,,UNVERIFIED,,,,
0x007297b0,,media.cpp,FUN_007297b0,,GUI,PORTED_BEHAVIOURAL,crates/cm-domain/src/screen_batch17.rs;crates/cm-render/src/news_action_classify.rs,,YES,SIMULATION_RELEVANT,UNVERIFIED,,,,
0x00729c20,,,FUN_00729c20,,GUI,UNKNOWN,,,INDIRECT,,UNVERIFIED,,,,
0x0072a760,,,FUN_0072a760,,GUI,UNKNOWN,,,INDIRECT,,UNVERIFIED,,,,
0x0072acf0,,,FUN_0072acf0,,GUI,UNKNOWN,,,INDIRECT,,UNVERIFIED,,,,
0x0072af10,,,FUN_0072af10,,GUI,UNKNOWN,,,INDIRECT,,UNVERIFIED,,,,
0x0072b3c0,,,FUN_0072b3c0,,GUI,UNKNOWN,,,INDIRECT,,UNVERIFIED,,,,
0x0072b6a0,,,FUN_0072b6a0,,GUI,UNKNOWN,,,INDIRECT,,UNVERIFIED,,,,
0x0072bbb0,,,FUN_0072bbb0,,GUI,UNKNOWN,,,INDIRECT,,UNVERIFIED,,,,
0x0072c8e0,,,FUN_0072c8e0,,GUI,UNKNOWN,,,INDIRECT,,UNVERIFIED,,,,
0x007328a0,,,FUN_007328a0,,GUI,PORTED_BEHAVIOURAL,crates/cm-app/src/main.rs,,YES,SIMULATION_RELEVANT,UNVERIFIED,,,,
0x007329a0,,,FUN_007329a0,,GUI,UNKNOWN,,,INDIRECT,,UNVERIFIED,,,,
0x00732aa0,,,FUN_00732aa0,,GUI,UNKNOWN,,,INDIRECT,,UNVERIFIED,,,,
0x00733610,,,FUN_00733610,news_formatter_code_to_template,news,NOT_YET_PORTED,crates/cm-domain/src/news.rs,news::format,BLOCKED,PLAYER_VISIBLE,HYPOTHESIS,memory:news-generation-logic.md,switch->1 of 4849 templates; Rust is 22-template stand-in with hash pick,,
0x0073c180,,,FUN_0073c180,,,UNKNOWN,,,INDIRECT,,UNVERIFIED,,,,
0x0073c3f0,,,FUN_0073c3f0,,UNKNOWN,UNKNOWN,,,INDIRECT,,UNVERIFIED,,,,
0x0073c470,,,FUN_0073c470,,GUI,UNKNOWN,,,INDIRECT,,UNVERIFIED,,,,
0x0073cd80,,,FUN_0073cd80,,GUI,UNKNOWN,,,INDIRECT,,UNVERIFIED,,,,
0x0073d2a0,,,FUN_0073d2a0,,GUI,UNKNOWN,,,INDIRECT,,UNVERIFIED,,,,
0x0073eaf0,,,FUN_0073eaf0,,GUI,UNKNOWN,,,INDIRECT,,UNVERIFIED,,,,
0x0073ece0,,,FUN_0073ece0,,GUI,UNKNOWN,,,INDIRECT,,UNVERIFIED,,,,
0x0073f490,,media.cpp,FUN_0073f490,,GUI,UNKNOWN,,,INDIRECT,,UNVERIFIED,,,,
0x0073f6b0,,,FUN_0073f6b0,,GUI,UNKNOWN,,,INDIRECT,,UNVERIFIED,,,,
0x0073f7e0,,,FUN_0073f7e0,,GUI,UNKNOWN,,,INDIRECT,,UNVERIFIED,,,,
0x0073f970,,,FUN_0073f970,,GUI,UNKNOWN,,,INDIRECT,,UNVERIFIED,,,,
0x0073f9e0,,,FUN_0073f9e0,,GUI,UNKNOWN,,,INDIRECT,,UNVERIFIED,,,,
0x0073fa50,,,FUN_0073fa50,,GUI,UNKNOWN,,,INDIRECT,,UNVERIFIED,,,,
0x0073fc40,,,FUN_0073fc40,,GUI,UNKNOWN,,,INDIRECT,,UNVERIFIED,,,,
0x00740820,,,FUN_00740820,,GUI,UNKNOWN,,,INDIRECT,,UNVERIFIED,,,,
0x00740a20,,,FUN_00740a20,,GUI,UNKNOWN,,,INDIRECT,,UNVERIFIED,,,,
0x00741050,,,FUN_00741050,,GUI,UNKNOWN,,,INDIRECT,,UNVERIFIED,,,,
0x00741450,,,FUN_00741450,,GUI,UNKNOWN,,,INDIRECT,,UNVERIFIED,,,,
0x00741d80,,,FUN_00741d80,,GUI,UNKNOWN,,,INDIRECT,,UNVERIFIED,,,,
0x00742080,,,FUN_00742080,,GUI,UNKNOWN,,,INDIRECT,,UNVERIFIED,,,,
0x00742380,,,FUN_00742380,,GUI,UNKNOWN,,,INDIRECT,,UNVERIFIED,,,,
0x00742e80,,,FUN_00742e80,,GUI,UNKNOWN,,,INDIRECT,,UNVERIFIED,,,,
0x00743120,,,FUN_00743120,,GUI,UNKNOWN,,,INDIRECT,,UNVERIFIED,,,,
0x00743400,,,FUN_00743400,,GUI,UNKNOWN,,,INDIRECT,,UNVERIFIED,,,,
0x00743dd0,,,FUN_00743dd0,,,UNKNOWN,,,INDIRECT,,UNVERIFIED,,,,
0x00743fe0,,,FUN_00743fe0,,GUI,UNKNOWN,,,INDIRECT,,UNVERIFIED,,,,
0x00744a00,,,FUN_00744a00,,GUI,UNKNOWN,,,INDIRECT,,UNVERIFIED,,,,
0x00744c50,,,FUN_00744c50,,GUI,UNKNOWN,,,INDIRECT,,UNVERIFIED,,,,
0x00745540,,,FUN_00745540,sidebar msg dispatch + in-game menu bar,widgets,PORTED_BEHAVIOURAL,crates/cm-render/src/sidebar_msg.rs;crates/cm-domain/src/menu.rs,SidebarMsg;MenuBar::in_game,YES,PLAYER_VISIBLE,STRUCTURALLY_VERIFIED,memory:menu-command-tree.md,all 33 msg_ids; 55-row sidebar with appointment gating,,
0x00748e70,,,FUN_00748e70,,GUI,UNKNOWN,,,INDIRECT,,UNVERIFIED,,,,
0x00748ed0,,,FUN_00748ed0,,GUI,UNKNOWN,,,INDIRECT,,UNVERIFIED,,,,
0x007491e0,,,FUN_007491e0,global/menu-bar command dispatcher,screens,PORTED_PARTIAL,crates/cm-render/src/dispatcher.rs;crates/cm-domain/src/sidebar_dispatcher.rs,,INDIRECT,PLAYER_VISIBLE,PARTIAL,memory:screen-builders-ported.md,last unported core dispatcher; ~half codes routed to open_* fns,,
0x0074bf60,,,FUN_0074bf60,club-context command dispatcher,screens,PORTED_PARTIAL,crates/cm-render/src/dispatcher_club_toolbar.rs;crates/cm-domain/src/sidebar_dispatcher.rs,,INDIRECT,PLAYER_VISIBLE,PARTIAL,memory:ui-five-layer-architecture.md,cmds 0x7d0-0x7e7,,
0x0074cba0,,,FUN_0074cba0,,GUI,UNKNOWN,,,INDIRECT,,UNVERIFIED,,,,
0x0074cd70,,,FUN_0074cd70,,GUI,UNKNOWN,,,INDIRECT,,UNVERIFIED,,,,
0x0074d010,,,FUN_0074d010,,GUI,PORTED_BEHAVIOURAL,crates/cm-app/src/main.rs;crates/cm-domain/src/screen_batch17.rs;crates/cm-domain/src/screen_nation_dashboard.rs,,YES,SIMULATION_RELEVANT,UNVERIFIED,,,,
0x0074d830,,comp/friendly/mini_cup.cpp,FUN_0074d830,,GUI,UNKNOWN,,,INDIRECT,,UNVERIFIED,,,,
0x0074da50,,,FUN_0074da50,,UNKNOWN,UNKNOWN,,,INDIRECT,,UNVERIFIED,,,,
0x0074da70,,,FUN_0074da70,,GUI,UNKNOWN,,,INDIRECT,,UNVERIFIED,,,,
0x0074dae0,,,FUN_0074dae0,,UNKNOWN,UNKNOWN,,,INDIRECT,,UNVERIFIED,,,,
0x0074dbb0,,comp/friendly/mini_cup.cpp,FUN_0074dbb0,,GUI,UNKNOWN,,,INDIRECT,,UNVERIFIED,,,,
0x0074ded0,,comp/friendly/mini_cup.cpp,FUN_0074ded0,,GUI,UNKNOWN,,,INDIRECT,,UNVERIFIED,,,,
0x0074e140,,comp/friendly/mini_league.cpp,FUN_0074e140,,GUI,UNKNOWN,,,INDIRECT,,UNVERIFIED,,,,
0x0074e420,,,FUN_0074e420,,UNKNOWN,UNKNOWN,,,INDIRECT,,UNVERIFIED,,,,
0x0074e440,,comp/friendly/mini_league.cpp,FUN_0074e440,,GUI,UNKNOWN,,,INDIRECT,,UNVERIFIED,,,,
0x0074e530,,,FUN_0074e530,,GUI,UNKNOWN,,,INDIRECT,,UNVERIFIED,,,,
0x0074e5b0,,comp/friendly/mini_league.cpp,FUN_0074e5b0,,GUI,UNKNOWN,,,INDIRECT,,UNVERIFIED,,,,
0x0074e830,,comp/friendly/mini_league.cpp,FUN_0074e830,,GUI,UNKNOWN,,,INDIRECT,,UNVERIFIED,,,,
0x0074e9f0,,,FUN_0074e9f0,,UNKNOWN,UNKNOWN,,,INDIRECT,,UNVERIFIED,,,,
0x0074ea50,,,FUN_0074ea50,,GUI,UNKNOWN,,,INDIRECT,,UNVERIFIED,,,,
0x0074eb60,,,FUN_0074eb60,,UNKNOWN,UNKNOWN,,,INDIRECT,,UNVERIFIED,,,,
0x0074eb80,,,FUN_0074eb80,,UNKNOWN,UNKNOWN,,,INDIRECT,,UNVERIFIED,,,,
0x0074eb90,,award/month_award.cpp,FUN_0074eb90,,GUI,UNKNOWN,,,INDIRECT,,UNVERIFIED,,,,
0x0074ed90,,,FUN_0074ed90,,UNKNOWN,UNKNOWN,,,INDIRECT,,UNVERIFIED,,,,
0x0074ee00,,,FUN_0074ee00,,GUI,UNKNOWN,,,INDIRECT,,UNVERIFIED,,,,
0x0074ef20,,,FUN_0074ef20,,GUI,UNKNOWN,,,INDIRECT,,UNVERIFIED,,,,
0x0074ef70,,,FUN_0074ef70,,GUI,UNKNOWN,,,INDIRECT,,UNVERIFIED,,,,
0x0074f730,,,FUN_0074f730,,GUI,UNKNOWN,,,INDIRECT,,UNVERIFIED,,,,
0x0074f760,,award/month_ratings.cpp,FUN_0074f760,,GUI,UNKNOWN,,,INDIRECT,,UNVERIFIED,,,,
0x0074f9a0,,award/month_ratings.cpp,FUN_0074f9a0,,GUI,UNKNOWN,,,INDIRECT,,UNVERIFIED,,,,
0x0074fb20,,,FUN_0074fb20,,UNKNOWN,UNKNOWN,,,INDIRECT,,UNVERIFIED,,,,
0x0074fba0,,,FUN_0074fba0,,UNKNOWN,UNKNOWN,,,INDIRECT,,UNVERIFIED,,,,
0x0074fbe0,,award/month_ratings.cpp,FUN_0074fbe0,,GUI,UNKNOWN,,,INDIRECT,,UNVERIFIED,,,,
0x0074fd70,,,FUN_0074fd70,,UNKNOWN,UNKNOWN,,,INDIRECT,,UNVERIFIED,,,,
0x0074fe40,,,FUN_0074fe40,,UNKNOWN,UNKNOWN,,,INDIRECT,,UNVERIFIED,,,,
0x0074fed0,,,FUN_0074fed0,,GUI,UNKNOWN,,,INDIRECT,,UNVERIFIED,,,,
0x0074fef0,,,FUN_0074fef0,,GUI,UNKNOWN,,,INDIRECT,,UNVERIFIED,,,,
0x0074ff50,,,FUN_0074ff50,,GUI,UNKNOWN,,,INDIRECT,,UNVERIFIED,,,,
0x0074ffe0,,,FUN_0074ffe0,,UNKNOWN,UNKNOWN,,,INDIRECT,,UNVERIFIED,,,,
0x00750000,,award/nation_awards.cpp,FUN_00750000,,GUI,UNKNOWN,,,INDIRECT,,UNVERIFIED,,,,
0x00750360,,award/nation_awards.cpp,FUN_00750360,,GUI,UNKNOWN,,,INDIRECT,,UNVERIFIED,,,,
0x00750580,,award/nation_awards.cpp,FUN_00750580,,GUI,UNKNOWN,,,INDIRECT,,UNVERIFIED,,,,
0x00750760,,award/nation_awards.cpp,FUN_00750760,,GUI,UNKNOWN,,,INDIRECT,,UNVERIFIED,,,,
0x00750930,,award/nation_awards.cpp,FUN_00750930,,GUI,UNKNOWN,,,INDIRECT,,UNVERIFIED,,,,
0x00750d00,,,FUN_00750d00,,GUI,UNKNOWN,,,INDIRECT,,UNVERIFIED,,,,
0x00750fc0,,award/nation_awards.cpp,FUN_00750fc0,,GUI,UNKNOWN,,,INDIRECT,,UNVERIFIED,,,,
0x00751530,,award/nation_awards.cpp,FUN_00751530,,GUI,UNKNOWN,,,INDIRECT,,UNVERIFIED,,,,
0x00751730,,,FUN_00751730,,GUI,UNKNOWN,,,INDIRECT,,UNVERIFIED,,,,
0x007518b0,,award/nation_awards.cpp,FUN_007518b0,,GUI,UNKNOWN,,,INDIRECT,,UNVERIFIED,,,,
0x00751ec0,,award/nation_awards.cpp,FUN_00751ec0,,GUI,UNKNOWN,,,INDIRECT,,UNVERIFIED,,,,
0x00751fc0,,award/nation_awards.cpp,FUN_00751fc0,,GUI,UNKNOWN,,,INDIRECT,,UNVERIFIED,,,,
0x00752120,,national_teams.cpp,FUN_00752120,,RESOURCE,UNKNOWN,,,INDIRECT,,UNVERIFIED,,,,
0x00752350,,,FUN_00752350,,GUI,UNKNOWN,,,INDIRECT,,UNVERIFIED,,,,
0x00752480,,national_teams.cpp,FUN_00752480,,GUI,UNKNOWN,,,INDIRECT,,UNVERIFIED,,,,
0x00752830,,,FUN_00752830,,GUI,PORTED_BEHAVIOURAL,crates/cm-app/src/main.rs,,YES,SIMULATION_RELEVANT,UNVERIFIED,,,,
0x00752d40,,,FUN_00752d40,tie-participant notification,tick,NOT_YET_PORTED,crates/cm-domain/src/lib.rs,,NO,SIMULATION_RELEVANT,HYPOTHESIS,memory:sim-findings-2026-09.md,step 10f; documented in lift workbench; named stub,,
0x00753240,,,FUN_00753240,match_finalize_credit_caps_goals,national-caps,PORTED_BEHAVIOURAL,crates/cm-domain/src/national_match.rs,World::credit_caps,INDIRECT,SIMULATION_RELEVANT,BEHAVIOURALLY_EXACT,memory:fifa-rankings-mechanism.md,caps person+0x22 intl goals +0x23; full_cap gate; apps from engine XI,,
0x007536f0,,,FUN_007536f0,,GUI,PORTED_BEHAVIOURAL,crates/cm-app/src/main.rs,,YES,SIMULATION_RELEVANT,UNVERIFIED,,,,
0x00753ca0,,,FUN_00753ca0,,GUI,UNKNOWN,,,INDIRECT,,UNVERIFIED,,,,
0x00753d30,,,FUN_00753d30,,UNKNOWN,UNKNOWN,,,INDIRECT,,UNVERIFIED,,,,
0x00753d60,,national_teams.cpp,FUN_00753d60,,GUI,UNKNOWN,,,INDIRECT,,UNVERIFIED,,,,
0x00755070,,national_teams.cpp,FUN_00755070,,GUI,UNKNOWN,,,INDIRECT,,UNVERIFIED,,,,
0x007551a0,,,FUN_007551a0,,GUI,UNKNOWN,,,INDIRECT,,UNVERIFIED,,,,
0x007553c0,,,FUN_007553c0,,GUI,PORTED_BEHAVIOURAL,crates/cm-render/src/news_action_classify.rs,,YES,SIMULATION_RELEVANT,UNVERIFIED,,,,
0x007553f0,,,FUN_007553f0,,UNKNOWN,PORTED_BEHAVIOURAL,crates/cm-render/src/news_action_classify.rs,,YES,SIMULATION_RELEVANT,UNVERIFIED,,,,
0x00755420,,,FUN_00755420,,UNKNOWN,UNKNOWN,,,INDIRECT,,UNVERIFIED,,,,
0x00755450,,,FUN_00755450,,GUI,UNKNOWN,,,INDIRECT,,UNVERIFIED,,,,
0x007554c0,,,FUN_007554c0,,GUI,UNKNOWN,,,INDIRECT,,UNVERIFIED,,,,
0x00755580,,,FUN_00755580,,GUI,UNKNOWN,,,INDIRECT,,UNVERIFIED,,,,
0x007555f0,,,FUN_007555f0,,GUI,UNKNOWN,,,INDIRECT,,UNVERIFIED,,,,
0x007556c0,,,FUN_007556c0,,UNKNOWN,UNKNOWN,,,INDIRECT,,UNVERIFIED,,,,
0x00755740,,national_teams.cpp,FUN_00755740,,GUI,UNKNOWN,,,INDIRECT,,UNVERIFIED,,,,
0x00755c50,,,FUN_00755c50,,UNKNOWN,UNKNOWN,,,INDIRECT,,UNVERIFIED,,,,
0x00755c80,,,FUN_00755c80,,UNKNOWN,UNKNOWN,,,INDIRECT,,UNVERIFIED,,,,
0x00755cb0,,,FUN_00755cb0,,GUI,UNKNOWN,,,INDIRECT,,UNVERIFIED,,,,
0x00755cf0,,,FUN_00755cf0,,GUI,UNKNOWN,,,INDIRECT,,UNVERIFIED,,,,
0x00755ff0,,,FUN_00755ff0,,GUI,UNKNOWN,,,INDIRECT,,UNVERIFIED,,,,
0x00756de0,,,FUN_00756de0,,GUI,UNKNOWN,,,INDIRECT,,UNVERIFIED,,,,
0x00756fb0,,,FUN_00756fb0,,GUI,UNKNOWN,,,INDIRECT,,UNVERIFIED,,,,
0x00757410,,,FUN_00757410,,GUI,UNKNOWN,,,INDIRECT,,UNVERIFIED,,,,
0x00757680,,,FUN_00757680,,GUI,UNKNOWN,,,INDIRECT,,UNVERIFIED,,,,
0x00757950,,,FUN_00757950,,GUI,UNKNOWN,,,INDIRECT,,UNVERIFIED,,,,
0x00757b80,,,FUN_00757b80,,GUI,UNKNOWN,,,INDIRECT,,UNVERIFIED,,,,
0x00757e30,,,FUN_00757e30,,GUI,UNKNOWN,,,INDIRECT,,UNVERIFIED,,,,
0x00758030,,,FUN_00758030,,GUI,UNKNOWN,,,INDIRECT,,UNVERIFIED,,,,
0x00758300,,,FUN_00758300,,GUI,UNKNOWN,,,INDIRECT,,UNVERIFIED,,,,
0x00758960,,,FUN_00758960,,,UNKNOWN,,,INDIRECT,,UNVERIFIED,,,,
0x0075cb70,,,FUN_0075cb70,,GUI,UNKNOWN,,,INDIRECT,,UNVERIFIED,,,,
0x0075cbd0,,,FUN_0075cbd0,,GUI,UNKNOWN,,,INDIRECT,,UNVERIFIED,,,,
0x0075cc40,,,FUN_0075cc40,,GUI,UNKNOWN,,,INDIRECT,,UNVERIFIED,,,,
0x0075ccb0,,,FUN_0075ccb0,,GUI,UNKNOWN,,,INDIRECT,,UNVERIFIED,,,,
0x0075ce20,,,FUN_0075ce20,,GUI,UNKNOWN,,,INDIRECT,,UNVERIFIED,,,,
0x0075ce60,,national_teams.cpp,FUN_0075ce60,,GUI,UNKNOWN,,,INDIRECT,,UNVERIFIED,,,,
0x0075d060,,,FUN_0075d060,,UNKNOWN,UNKNOWN,,,INDIRECT,,UNVERIFIED,,,,
0x0075d100,,,FUN_0075d100,,GUI,UNKNOWN,,,INDIRECT,,UNVERIFIED,,,,
0x0075d160,,,FUN_0075d160,,GUI,UNKNOWN,,,INDIRECT,,UNVERIFIED,,,,
0x0075d1c0,,,FUN_0075d1c0,,GUI,UNKNOWN,,,INDIRECT,,UNVERIFIED,,,,
0x0075d250,,national_teams.cpp,FUN_0075d250,,GUI,UNKNOWN,,,INDIRECT,,UNVERIFIED,,,,
0x0075d3d0,,,FUN_0075d3d0,,GUI,UNKNOWN,,,INDIRECT,,UNVERIFIED,,,,
0x0075d410,,,FUN_0075d410,,GUI,UNKNOWN,,,INDIRECT,,UNVERIFIED,,,,
0x0075d7e0,,,FUN_0075d7e0,,GUI,UNKNOWN,,,INDIRECT,,UNVERIFIED,,,,
0x0075d910,,national_teams.cpp,FUN_0075d910,,GUI,UNKNOWN,,,INDIRECT,,UNVERIFIED,,,,
0x0075dbd0,,,FUN_0075dbd0,,GUI,UNKNOWN,,,INDIRECT,,UNVERIFIED,,,,
0x0075de90,,,FUN_0075de90,,GUI,UNKNOWN,,,INDIRECT,,UNVERIFIED,,,,
0x0075df30,,,FUN_0075df30,,GUI,UNKNOWN,,,INDIRECT,,UNVERIFIED,,,,
0x0075dfc0,,,FUN_0075dfc0,,UNKNOWN,UNKNOWN,,,INDIRECT,,UNVERIFIED,,,,
0x0075dff0,,national_teams.cpp,FUN_0075dff0,,GUI,UNKNOWN,,,INDIRECT,,UNVERIFIED,,,,
0x0075e660,,national_teams.cpp,FUN_0075e660,,GUI,UNKNOWN,,,INDIRECT,,UNVERIFIED,,,,
0x0075ec00,,,FUN_0075ec00,,GUI,UNKNOWN,,,INDIRECT,,UNVERIFIED,,,,
0x0075ee00,,national_teams.cpp,FUN_0075ee00,participant-notification helper,competition,UNKNOWN,crates/cm-app/src/main.rs;crates/cm-domain/src/lib.rs,,NO,IMPLEMENTATION_ONLY,UNVERIFIED,rust:crates/cm-domain/src/lib.rs,reference in cm-app/lib.rs formula_lift_entry data; notify mode 0/1,,
0x0075f0f0,,,FUN_0075f0f0,notification cleanup helper (day%0x46),competition,UNKNOWN,crates/cm-domain/src/lib.rs,,NO,IMPLEMENTATION_ONLY,UNVERIFIED,rust:crates/cm-domain/src/lib.rs,lift-workbench reference,,
0x0075f1d0,,,FUN_0075f1d0,,UNKNOWN,UNKNOWN,,,INDIRECT,,UNVERIFIED,,,,
0x0075f200,,national_teams.cpp,FUN_0075f200,,GUI,UNKNOWN,,,INDIRECT,,UNVERIFIED,,,,
0x0075f420,,,FUN_0075f420,,GUI,UNKNOWN,,,INDIRECT,,UNVERIFIED,,,,
0x0075f5f0,,,FUN_0075f5f0,,GUI,UNKNOWN,,,INDIRECT,,UNVERIFIED,,,,
0x0075f620,,,FUN_0075f620,,GUI,UNKNOWN,,,INDIRECT,,UNVERIFIED,,,,
0x0075f8e0,,,FUN_0075f8e0,,GUI,UNKNOWN,,,INDIRECT,,UNVERIFIED,,,,
0x00760b60,,,FUN_00760b60,,GUI,PORTED_BEHAVIOURAL,crates/cm-domain/src/screen_batch17.rs,,YES,SIMULATION_RELEVANT,UNVERIFIED,,,,
0x00761620,,,FUN_00761620,,GUI,PORTED_BEHAVIOURAL,crates/cm-domain/src/screen_batch18.rs;crates/cm-render/src/news_action_classify.rs,,YES,SIMULATION_RELEVANT,UNVERIFIED,,,,
0x00762730,,,FUN_00762730,,UNKNOWN,UNKNOWN,,,INDIRECT,,UNVERIFIED,,,,
0x007627d0,,,FUN_007627d0,,UNKNOWN,UNKNOWN,,,INDIRECT,,UNVERIFIED,,,,
0x007627f0,,,FUN_007627f0,,GUI,PORTED_BEHAVIOURAL,crates/cm-render/src/scrman.rs,,YES,SIMULATION_RELEVANT,UNVERIFIED,,,,
0x007628e0,,,FUN_007628e0,,UNKNOWN,UNKNOWN,,,INDIRECT,,UNVERIFIED,,,,
0x00762950,,,FUN_00762950,,UNKNOWN,UNKNOWN,,,INDIRECT,,UNVERIFIED,,,,
0x00762ac0,,,,,,PORTED_BEHAVIOURAL,crates/cm-render/src/scrman.rs,,YES,SIMULATION_RELEVANT,UNVERIFIED,,,,
0x00762b60,,,FUN_00762b60,,UNKNOWN,UNKNOWN,,,INDIRECT,,UNVERIFIED,,,,
0x00762b90,,network.cpp,FUN_00762b90,,GUI,PORTED_BEHAVIOURAL,crates/cm-render/src/scrman.rs,,YES,SIMULATION_RELEVANT,UNVERIFIED,,,,
0x00762e80,,,FUN_00762e80,,GUI,PORTED_BEHAVIOURAL,crates/cm-render/src/scrman.rs,,YES,SIMULATION_RELEVANT,UNVERIFIED,,,,
0x007631d0,,,,,,PORTED_BEHAVIOURAL,crates/cm-render/src/scrman.rs,,YES,SIMULATION_RELEVANT,UNVERIFIED,,,,
0x00763590,,network.cpp,FUN_00763590,ScreenManager network-buffer ctor,screens,REPLACED_BY_RUST,crates/cm-render/src/scrman.rs,NetworkBuffer::new,INDIRECT,IMPLEMENTATION_ONLY,STRUCTURALLY_VERIFIED,rust:cm-render/scrman.rs,50000B net buf; Vec-backed same capacity,,
0x00763640,,,FUN_00763640,,UNKNOWN,UNKNOWN,,,INDIRECT,,UNVERIFIED,,,,
0x00763660,,new_transfer_rule_screens.cpp,FUN_00763660,,GUI,PORTED_BEHAVIOURAL,crates/cm-domain/src/screen_batch18.rs;crates/cm-render/src/news_action_classify.rs,,YES,SIMULATION_RELEVANT,UNVERIFIED,,,,
0x007637b0,,,FUN_007637b0,,GUI,UNKNOWN,,,INDIRECT,,UNVERIFIED,,,,
0x00763b90,,,FUN_00763b90,,GUI,PORTED_BEHAVIOURAL,crates/cm-app/src/main.rs;crates/cm-domain/src/c14_stadium_expansion.rs;crates/cm-domain/src/person_news.rs,,YES,SIMULATION_RELEVANT,UNVERIFIED,,,,
0x00763c30,,news.cpp,FUN_00763c30,,GUI,UNKNOWN,,,INDIRECT,,UNVERIFIED,,,,
0x0076a750,,,,,,PORTED_BEHAVIOURAL,crates/cm-render/src/news_action_classify.rs,,YES,SIMULATION_RELEVANT,UNVERIFIED,,,,
0x0076ab10,,news.cpp,FUN_0076ab10,news-item action classifier,news,PORTED_BEHAVIOURAL,crates/cm-render/src/news_action_classify.rs,classify_news_action,INDIRECT,PLAYER_VISIBLE,STRUCTURALLY_VERIFIED,memory:news-generation-logic.md,button caption + callback; ~35 arms/6 categories; generation side separately curated,,
0x0076bcee,,,,,,PORTED_BEHAVIOURAL,crates/cm-render/src/news_action_classify.rs,,YES,SIMULATION_RELEVANT,UNVERIFIED,,,,
0x0076c0a0,,news.cpp,FUN_0076c0a0,,GUI,UNKNOWN,,,INDIRECT,,UNVERIFIED,,,,
0x0076ce50,,news.cpp,FUN_0076ce50,person_news_severity_overwrite,news,NOT_YET_PORTED,crates/cm-domain/src/person_news.rs,PersonNewsItem::severity,NO,SIMULATION_RELEVANT,PARTIAL,rust:person_news.rs,severity byte held 0 to keep record reader-invariant,,
0x0076d610,,news.cpp,FUN_0076d610,,GUI,PORTED_BEHAVIOURAL,crates/cm-render/src/news_action_classify.rs,,YES,SIMULATION_RELEVANT,UNVERIFIED,,,,
0x0076d730,,news.cpp,FUN_0076d730,person_news_set_param_slot,news,PORTED_PARTIAL,crates/cm-domain/src/person_news.rs,PersonNewsItem::params,INDIRECT,SIMULATION_RELEVANT,STRUCTURALLY_VERIFIED,rust:person_news.rs,8 slots; 0/5/6/7 populated; 1..4 held 0,,
0x0076d7d0,,news.cpp,FUN_0076d7d0,,GUI,PORTED_BEHAVIOURAL,crates/cm-app/src/main.rs;crates/cm-domain/src/screen_batch12.rs;crates/cm-domain/src/screen_batch13.rs;crates/cm-domain/src/screen_batch14.rs;crates/cm-domain/src/screen_batch16.rs;crates/cm-domain/src/screen_batch17.rs;crates/cm-domain/src/screen_batch18.rs;crates/cm-domain/src/screen_batch23.rs;crates/cm-domain/src/screen_batch24.rs;crates/cm-domain/src/screen_batch25.rs;crates/cm-domain/src/screen_batch27.rs;crates/cm-domain/src/screen_batch35.rs,,YES,SIMULATION_RELEVANT,UNVERIFIED,,,,
0x0076d860,,news.cpp,FUN_0076d860,,GUI,NOT_YET_PORTED,,,NO,SIMULATION_RELEVANT,UNVERIFIED,,,,
0x0076d9c0,,news.cpp,FUN_0076d9c0,,GUI,UNKNOWN,,,INDIRECT,,UNVERIFIED,,,,
0x0076dac0,,news.cpp,FUN_0076dac0,,RESOURCE,UNKNOWN,,,INDIRECT,,UNVERIFIED,,,,
0x0076dca0,,,FUN_0076dca0,,UNKNOWN,UNKNOWN,,,INDIRECT,,UNVERIFIED,,,,
0x0076dce0,,news.cpp,FUN_0076dce0,person_news_persist_and_id,news,PORTED_BEHAVIOURAL,crates/cm-domain/src/person_news.rs,PersonNewsMailboxPool::next_news_id,INDIRECT,SIMULATION_RELEVANT,BEHAVIOURALLY_EXACT,rust:person_news.rs,monotonic global news-id counter reproduced,,
0x0076dfb0,,,FUN_0076dfb0,,GUI,UNKNOWN,,,INDIRECT,,UNVERIFIED,,,,
0x0076e030,,news.cpp,FUN_0076e030,,GUI,UNKNOWN,,,INDIRECT,,UNVERIFIED,,,,
0x0076e180,,,FUN_0076e180,transfer normal-club dispatch,transfers,UNKNOWN,crates/cm-app/src/main.rs;crates/cm-domain/src/lib.rs;crates/cm-domain/src/person_news.rs,,NO,IMPLEMENTATION_ONLY,UNVERIFIED,rust:crates/cm-domain/src/lib.rs,lift-workbench reference,,
0x0076e270,,news.cpp,FUN_0076e270,,GUI,NOT_YET_PORTED,,,NO,SIMULATION_RELEVANT,UNVERIFIED,,,,
0x0076e390,,news.cpp,FUN_0076e390,transfer linked +0x53 dispatch,transfers,UNKNOWN,crates/cm-app/src/main.rs;crates/cm-domain/src/lib.rs,,NO,IMPLEMENTATION_ONLY,UNVERIFIED,rust:crates/cm-domain/src/lib.rs,lift-workbench reference,,
0x0076e4c0,,news.cpp,FUN_0076e4c0,,GUI,UNKNOWN,,,INDIRECT,,UNVERIFIED,,,,
0x0076e5e0,,news.cpp,FUN_0076e5e0,,GUI,NOT_YET_PORTED,,,NO,SIMULATION_RELEVANT,UNVERIFIED,,,,
0x0076e720,,news.cpp,FUN_0076e720,,GUI,NOT_YET_PORTED,,,NO,SIMULATION_RELEVANT,UNVERIFIED,,,,
0x0076e800,,news.cpp,FUN_0076e800,,GUI,NOT_YET_PORTED,,,NO,SIMULATION_RELEVANT,UNVERIFIED,,,,
0x0076e900,,news.cpp,FUN_0076e900,,GUI,UNKNOWN,,,INDIRECT,,UNVERIFIED,,,,
0x0076eb10,,news.cpp,FUN_0076eb10,,GUI,PORTED_BEHAVIOURAL,crates/cm-domain/src/screen_batch11.rs;crates/cm-domain/src/screen_batch12.rs;crates/cm-domain/src/screen_batch14.rs;crates/cm-domain/src/screen_batch16.rs;crates/cm-domain/src/screen_batch17.rs;crates/cm-domain/src/screen_batch18.rs;crates/cm-domain/src/screen_batch27.rs;crates/cm-domain/src/screen_batch29.rs,,YES,SIMULATION_RELEVANT,UNVERIFIED,,,,
0x0076ecd0,,news.cpp,FUN_0076ecd0,,GUI,PORTED_BEHAVIOURAL,crates/cm-domain/src/screen_batch29.rs;crates/cm-render/src/news_action_classify.rs,,YES,SIMULATION_RELEVANT,UNVERIFIED,,,,
0x0076ed20,,,,,,PORTED_BEHAVIOURAL,crates/cm-render/src/screen_news.rs,,YES,SIMULATION_RELEVANT,UNVERIFIED,,,,
0x0076ef80,,news.cpp,FUN_0076ef80,,GUI,UNKNOWN,crates/cm-render/src/dispatcher.rs;crates/cm-render/src/screen_news.rs,,INDIRECT,,UNVERIFIED,,,,
0x0076f0e0,,news.cpp,FUN_0076f0e0,,GUI,UNKNOWN,,,INDIRECT,,UNVERIFIED,,,,
0x0076f2f0,,news.cpp,FUN_0076f2f0,news home screen setup,screens,PORTED_PARTIAL,crates/cm-render/src/screen_news.rs,,INDIRECT,PLAYER_VISIBLE,PARTIAL,memory:news-first-real-diff.md,News=HOME screen; real news but wrong generation + flat chrome,,
0x0076f450,,news.cpp,FUN_0076f450,,GUI,NOT_YET_PORTED,,,NO,SIMULATION_RELEVANT,UNVERIFIED,,,,
0x0076f580,,,FUN_0076f580,,GUI,UNKNOWN,,,INDIRECT,,UNVERIFIED,,,,
0x0076f5d0,,news.cpp,FUN_0076f5d0,,GUI,UNKNOWN,,,INDIRECT,,UNVERIFIED,,,,
0x0076f720,,news.cpp,FUN_0076f720,,GUI,UNKNOWN,,,INDIRECT,,UNVERIFIED,,,,
0x0076fbd0,,news.cpp,FUN_0076fbd0,,GUI,UNKNOWN,,,INDIRECT,,UNVERIFIED,,,,
0x0076fdb0,,,,,,PORTED_BEHAVIOURAL,crates/cm-render/src/screen_news.rs,,YES,SIMULATION_RELEVANT,UNVERIFIED,,,,
0x0076ffb0,,news_screens.cpp,FUN_0076ffb0,news home callback registrar,screens,UNKNOWN,crates/cm-domain/src/lib.rs;crates/cm-domain/src/screen_manager_batch.rs;crates/cm-domain/src/sidebar_dispatcher.rs;crates/cm-render/src/dispatcher.rs,,NO,PLAYER_VISIBLE,UNVERIFIED,memory:news-screen-geometry.md,registers LAB_00770170 news callback; reference (see curated 0x0076f2f0),,
0x00770170,,,,,GUI,PORTED_BEHAVIOURAL,crates/cm-render/src/screen_news.rs,,YES,SIMULATION_RELEVANT,UNVERIFIED,,,,
0x00770f40,,,,,,PORTED_BEHAVIOURAL,crates/cm-render/src/screen_news.rs,,YES,SIMULATION_RELEVANT,UNVERIFIED,,,,
0x00771300,,,FUN_00771300,,UNKNOWN,UNKNOWN,,,INDIRECT,,UNVERIFIED,,,,
0x00771810,,,FUN_00771810,,GUI,UNKNOWN,crates/cm-domain/src/screen_batch4.rs;crates/cm-domain/src/sidebar_dispatcher.rs;crates/cm-render/src/view_render.rs,,INDIRECT,,UNVERIFIED,,,,
0x00771880,,,FUN_00771880,,GUI,PORTED_BEHAVIOURAL,crates/cm-domain/src/screen_batch18.rs;crates/cm-render/src/news_action_classify.rs,,YES,SIMULATION_RELEVANT,UNVERIFIED,,,,
0x007719b0,,,,Send-Message-To-All screen setup,screens,PORTED_BEHAVIOURAL,crates/cm-render/src/screens_auto.rs,build_screen_7719b0,INDIRECT,PLAYER_VISIBLE,STRUCTURALLY_VERIFIED,memory:screen-builders-ported.md,not pixel-verified,,
0x00771c80,,,FUN_00771c80,,GUI,UNKNOWN,,,INDIRECT,,UNVERIFIED,,,,
0x00771ec0,,comp/cups/nir_charity.cpp,FUN_00771ec0,,GUI,UNKNOWN,,,INDIRECT,,UNVERIFIED,,,,
0x00772080,,,FUN_00772080,,UNKNOWN,UNKNOWN,,,INDIRECT,,UNVERIFIED,,,,
0x007720a0,,,FUN_007720a0,,UNKNOWN,UNKNOWN,,,INDIRECT,,UNVERIFIED,,,,
0x00772170,,comp/cups/nir_charity.cpp,FUN_00772170,,GUI,UNKNOWN,,,INDIRECT,,UNVERIFIED,,,,
0x007722b0,,comp/cups/nir_charity.cpp,FUN_007722b0,,GUI,UNKNOWN,,,INDIRECT,,UNVERIFIED,,,,
0x00772680,,comp/cups/nir_cup.cpp,FUN_00772680,,GUI,UNKNOWN,,,INDIRECT,,UNVERIFIED,,,,
0x00772850,,,FUN_00772850,,UNKNOWN,UNKNOWN,,,INDIRECT,,UNVERIFIED,,,,
0x00772870,,,FUN_00772870,,UNKNOWN,UNKNOWN,,,INDIRECT,,UNVERIFIED,,,,
0x00772940,,comp/cups/nir_cup.cpp,FUN_00772940,,GUI,UNKNOWN,,,INDIRECT,,UNVERIFIED,,,,
0x00772d60,,comp/cups/nir_cup.cpp,FUN_00772d60,,GUI,UNKNOWN,,,INDIRECT,,UNVERIFIED,,,,
0x007730b0,,,FUN_007730b0,,UNKNOWN,UNKNOWN,,,INDIRECT,,UNVERIFIED,,,,
0x007730e0,,comp/leagues/nir_first.cpp,FUN_007730e0,,GUI,UNKNOWN,,,INDIRECT,,UNVERIFIED,,,,
0x00773300,,,FUN_00773300,,UNKNOWN,UNKNOWN,,,INDIRECT,,UNVERIFIED,,,,
0x00773320,,,FUN_00773320,,GUI,UNKNOWN,,,INDIRECT,,UNVERIFIED,,,,
0x00773d20,,comp/leagues/nir_first.cpp,FUN_00773d20,,GUI,UNKNOWN,,,INDIRECT,,UNVERIFIED,,,,
0x00773e40,,,FUN_00773e40,,UNKNOWN,UNKNOWN,,,INDIRECT,,UNVERIFIED,,,,
0x00774170,,comp/leagues/nir_first.cpp,FUN_00774170,,GUI,UNKNOWN,,,INDIRECT,,UNVERIFIED,,,,
0x00774850,,comp/cups/nir_lge_cup.cpp,FUN_00774850,,GUI,UNKNOWN,,,INDIRECT,,UNVERIFIED,,,,
0x00774aa0,,,FUN_00774aa0,,UNKNOWN,UNKNOWN,,,INDIRECT,,UNVERIFIED,,,,
0x00774ac0,,,FUN_00774ac0,,GUI,UNKNOWN,,,INDIRECT,,UNVERIFIED,,,,
0x007750a0,,comp/cups/nir_lge_cup.cpp,FUN_007750a0,,GUI,UNKNOWN,,,INDIRECT,,UNVERIFIED,,,,
0x007751a0,,,FUN_007751a0,,UNKNOWN,UNKNOWN,,,INDIRECT,,UNVERIFIED,,,,
0x00775490,,comp/cups/nir_lge_cup.cpp,FUN_00775490,,GUI,UNKNOWN,,,INDIRECT,,UNVERIFIED,,,,
0x007756d0,,comp/cups/nir_lge_cup.cpp,FUN_007756d0,,GUI,UNKNOWN,,,INDIRECT,,UNVERIFIED,,,,
0x007758d0,,comp/cups/nir_lge_cup.cpp,FUN_007758d0,,GUI,UNKNOWN,,,INDIRECT,,UNVERIFIED,,,,
0x00775da0,,comp/cups/nir_lge_cup.cpp,FUN_00775da0,,GUI,UNKNOWN,,,INDIRECT,,UNVERIFIED,,,,
0x00776140,,comp/leagues/nir_prm.cpp,FUN_00776140,,GUI,UNKNOWN,,,INDIRECT,,UNVERIFIED,,,,
0x00776350,,,FUN_00776350,,UNKNOWN,UNKNOWN,,,INDIRECT,,UNVERIFIED,,,,
0x00776370,,,FUN_00776370,,GUI,UNKNOWN,,,INDIRECT,,UNVERIFIED,,,,
0x00776d30,,comp/leagues/nir_prm.cpp,FUN_00776d30,,GUI,UNKNOWN,,,INDIRECT,,UNVERIFIED,,,,
0x00776e50,,,FUN_00776e50,,UNKNOWN,UNKNOWN,,,INDIRECT,,UNVERIFIED,,,,
0x007770f0,,comp/cups/nor_cup.cpp,FUN_007770f0,,GUI,UNKNOWN,,,INDIRECT,,UNVERIFIED,,,,
0x007772c0,,,FUN_007772c0,,UNKNOWN,UNKNOWN,,,INDIRECT,,UNVERIFIED,,,,
0x007772e0,,,FUN_007772e0,,UNKNOWN,UNKNOWN,,,INDIRECT,,UNVERIFIED,,,,
0x007773b0,,comp/cups/nor_cup.cpp,FUN_007773b0,,GUI,UNKNOWN,,,INDIRECT,,UNVERIFIED,,,,
0x00777960,,comp/cups/nor_cup.cpp,FUN_00777960,,GUI,UNKNOWN,,,INDIRECT,,UNVERIFIED,,,,
0x00777e10,,comp/leagues/nor_first.cpp,FUN_00777e10,,GUI,UNKNOWN,,,INDIRECT,,UNVERIFIED,,,,
0x00778030,,,FUN_00778030,,UNKNOWN,UNKNOWN,,,INDIRECT,,UNVERIFIED,,,,
0x00778050,,,FUN_00778050,,GUI,UNKNOWN,,,INDIRECT,,UNVERIFIED,,,,
0x00778a70,,comp/leagues/nor_first.cpp,FUN_00778a70,,GUI,UNKNOWN,,,INDIRECT,,UNVERIFIED,,,,
0x00778bd0,,,FUN_00778bd0,,UNKNOWN,UNKNOWN,,,INDIRECT,,UNVERIFIED,,,,
0x00778ef0,,comp/leagues/nor_first.cpp,FUN_00778ef0,,GUI,UNKNOWN,,,INDIRECT,,UNVERIFIED,,,,
0x007795d0,,comp/leagues/nor_prm.cpp,FUN_007795d0,,GUI,UNKNOWN,,,INDIRECT,,UNVERIFIED,,,,
0x007797e0,,,FUN_007797e0,,UNKNOWN,UNKNOWN,,,INDIRECT,,UNVERIFIED,,,,
0x00779800,,,FUN_00779800,,GUI,UNKNOWN,,,INDIRECT,,UNVERIFIED,,,,
0x0077a6b0,,comp/leagues/nor_prm.cpp,FUN_0077a6b0,,GUI,UNKNOWN,,,INDIRECT,,UNVERIFIED,,,,
0x0077a7d0,,,FUN_0077a7d0,,UNKNOWN,UNKNOWN,,,INDIRECT,,UNVERIFIED,,,,
0x0077aa30,,comp/leagues/nor_prm.cpp,FUN_0077aa30,,GUI,UNKNOWN,,,INDIRECT,,UNVERIFIED,,,,
0x0077ac10,,,FUN_0077ac10,,UNKNOWN,UNKNOWN,,,INDIRECT,,UNVERIFIED,,,,
0x0077ae50,,award/northern_ireland_awards.cpp,FUN_0077ae50,,GUI,UNKNOWN,,,INDIRECT,,UNVERIFIED,,,,
0x0077af90,,award/northern_ireland_awards.cpp,FUN_0077af90,,GUI,UNKNOWN,,,INDIRECT,,UNVERIFIED,,,,
0x0077b7a0,,transfer/northern_ireland_rules.cpp,FUN_0077b7a0,,GUI,UNKNOWN,,,INDIRECT,,UNVERIFIED,,,,
0x0077b8c0,,,FUN_0077b8c0,,UNKNOWN,UNKNOWN,,,INDIRECT,,UNVERIFIED,,,,
0x0077b940,,,FUN_0077b940,,UNKNOWN,UNKNOWN,,,INDIRECT,,UNVERIFIED,,,,
0x0077b9d0,,award/norway_awards.cpp,FUN_0077b9d0,,GUI,UNKNOWN,,,INDIRECT,,UNVERIFIED,,,,
0x0077bb10,,award/norway_awards.cpp,FUN_0077bb10,,GUI,UNKNOWN,,,INDIRECT,,UNVERIFIED,,,,
0x0077c580,,transfer/norway_rules.cpp,FUN_0077c580,,GUI,UNKNOWN,,,INDIRECT,,UNVERIFIED,,,,
0x0077caf0,,,FUN_0077caf0,,GUI,UNKNOWN,,,INDIRECT,,UNVERIFIED,,,,
0x0077cbc0,,,FUN_0077cbc0,,GUI,UNKNOWN,,,INDIRECT,,UNVERIFIED,,,,
0x0077cc00,,notes.cpp,FUN_0077cc00,,GUI,UNKNOWN,,,INDIRECT,,UNVERIFIED,,,,
0x0077cf20,,notes.cpp,FUN_0077cf20,,GUI,UNKNOWN,,,INDIRECT,,UNVERIFIED,,,,
0x0077d380,,,FUN_0077d380,,GUI,UNKNOWN,,,INDIRECT,,UNVERIFIED,,,,
0x0077d3f0,,,FUN_0077d3f0,,GUI,UNKNOWN,,,INDIRECT,,UNVERIFIED,,,,
0x0077d570,,,FUN_0077d570,,GUI,UNKNOWN,,,INDIRECT,,UNVERIFIED,,,,
0x0077d680,,,FUN_0077d680,,GUI,UNKNOWN,,,INDIRECT,,UNVERIFIED,,,,
0x0077d6f0,,,FUN_0077d6f0,,GUI,UNKNOWN,,,INDIRECT,,UNVERIFIED,,,,
0x0077d730,,,FUN_0077d730,,GUI,UNKNOWN,,,INDIRECT,,UNVERIFIED,,,,
0x0077d770,,,FUN_0077d770,,GUI,PORTED_BEHAVIOURAL,crates/cm-domain/src/scouting.rs;crates/cm-domain/src/screen_batch18.rs,,YES,SIMULATION_RELEVANT,UNVERIFIED,,,,
0x0077d7d0,,,FUN_0077d7d0,,GUI,UNKNOWN,,,INDIRECT,,UNVERIFIED,,,,
0x0077da00,,,FUN_0077da00,,UNKNOWN,PORTED_BEHAVIOURAL,crates/cm-domain/src/screen_batch18.rs,,YES,SIMULATION_RELEVANT,UNVERIFIED,,,,
0x0077da30,,,FUN_0077da30,,UNKNOWN,UNKNOWN,,,INDIRECT,,UNVERIFIED,,,,
0x0077da80,,,FUN_0077da80,,UNKNOWN,UNKNOWN,,,INDIRECT,,UNVERIFIED,,,,
0x0077dab0,,notes.cpp,FUN_0077dab0,,GUI,UNKNOWN,,,INDIRECT,,UNVERIFIED,,,,
0x0077dbb0,,notes.cpp,FUN_0077dbb0,,GUI,UNKNOWN,,,INDIRECT,,UNVERIFIED,,,,
0x0077de40,,,FUN_0077de40,,GUI,UNKNOWN,,,INDIRECT,,UNVERIFIED,,,,
0x0077df70,,,FUN_0077df70,,GUI,UNKNOWN,,,INDIRECT,,UNVERIFIED,,,,
0x0077e120,,,FUN_0077e120,,UNKNOWN,UNKNOWN,,,INDIRECT,,UNVERIFIED,,,,
0x0077e1d0,,,FUN_0077e1d0,,GUI,PORTED_BEHAVIOURAL,crates/cm-domain/src/screen_batch18.rs,,YES,SIMULATION_RELEVANT,UNVERIFIED,,,,
0x0077e360,,,FUN_0077e360,,GUI,UNKNOWN,,,INDIRECT,,UNVERIFIED,,,,
0x0077ecb0,,,FUN_0077ecb0,,GUI,UNKNOWN,,,INDIRECT,,UNVERIFIED,,,,
0x0077f150,,comp/eurocomp/oceania_club_champ.cpp,FUN_0077f150,,GUI,UNKNOWN,,,INDIRECT,,UNVERIFIED,,,,
0x0077f2d0,,,FUN_0077f2d0,,UNKNOWN,UNKNOWN,,,INDIRECT,,UNVERIFIED,,,,
0x0077f2f0,,,FUN_0077f2f0,,GUI,UNKNOWN,,,INDIRECT,,UNVERIFIED,,,,
0x0077fa40,,comp/eurocomp/oceania_club_champ.cpp,FUN_0077fa40,,GUI,UNKNOWN,,,INDIRECT,,UNVERIFIED,,,,
0x0077fb30,,,FUN_0077fb30,,UNKNOWN,UNKNOWN,,,INDIRECT,,UNVERIFIED,,,,
0x0077fcc0,,comp/eurocomp/oceania_club_champ.cpp,FUN_0077fcc0,,GUI,UNKNOWN,,,INDIRECT,,UNVERIFIED,,,,
0x0077fee0,,,FUN_0077fee0,,UNKNOWN,UNKNOWN,,,INDIRECT,,UNVERIFIED,,,,
0x00780000,,comp/eurocomp/oceania_club_champ.cpp,FUN_00780000,,GUI,UNKNOWN,,,INDIRECT,,UNVERIFIED,,,,
0x007801d0,,comp/eurocomp/oceania_club_champ.cpp,FUN_007801d0,,GUI,UNKNOWN,,,INDIRECT,,UNVERIFIED,,,,
0x007803a0,,comp/eurocomp/oceania_club_champ.cpp,FUN_007803a0,,GUI,UNKNOWN,,,INDIRECT,,UNVERIFIED,,,,
0x00780a30,,comp/intercomp/oceania_nations.cpp,FUN_00780a30,,GUI,UNKNOWN,,,INDIRECT,,UNVERIFIED,,,,
0x00780c00,,,FUN_00780c00,,UNKNOWN,UNKNOWN,,,INDIRECT,,UNVERIFIED,,,,
0x00780c20,,,FUN_00780c20,,GUI,UNKNOWN,,,INDIRECT,,UNVERIFIED,,,,
0x00781720,,comp/intercomp/oceania_nations.cpp,FUN_00781720,,GUI,UNKNOWN,,,INDIRECT,,UNVERIFIED,,,,
0x00781810,,,FUN_00781810,,UNKNOWN,UNKNOWN,,,INDIRECT,,UNVERIFIED,,,,
0x00781be0,,comp/intercomp/oceania_nations.cpp,FUN_00781be0,,GUI,UNKNOWN,,,INDIRECT,,UNVERIFIED,,,,
0x00781dd0,,comp/intercomp/oceania_nations.cpp,FUN_00781dd0,,GUI,UNKNOWN,,,INDIRECT,,UNVERIFIED,,,,
0x00781fb0,,comp/intercomp/oceania_nations.cpp,FUN_00781fb0,,GUI,UNKNOWN,,,INDIRECT,,UNVERIFIED,,,,
0x00782280,,comp/intercomp/oceania_nations.cpp,FUN_00782280,,GUI,UNKNOWN,,,INDIRECT,,UNVERIFIED,,,,
0x007826b0,,,FUN_007826b0,,GUI,UNKNOWN,,,INDIRECT,,UNVERIFIED,,,,
0x00782ef0,,,FUN_00782ef0,,GUI,UNKNOWN,,,INDIRECT,,UNVERIFIED,,,,
0x007838d0,,,FUN_007838d0,,RESOURCE,UNKNOWN,,,INDIRECT,,UNVERIFIED,,,,
0x00783b50,,,FUN_00783b50,,UNKNOWN,UNKNOWN,,,INDIRECT,,UNVERIFIED,,,,
0x00783ba0,,officials_manager.cpp,FUN_00783ba0,,GUI,UNKNOWN,,,INDIRECT,,UNVERIFIED,,,,
0x00783ed0,,officials_manager.cpp,FUN_00783ed0,,GUI,UNKNOWN,,,INDIRECT,,UNVERIFIED,,,,
0x00784290,,,FUN_00784290,,UNKNOWN,UNKNOWN,,,INDIRECT,,UNVERIFIED,,,,
0x007842b0,,officials_manager.cpp,FUN_007842b0,,GUI,UNKNOWN,,,INDIRECT,,UNVERIFIED,,,,
0x00784880,,,FUN_00784880,,UNKNOWN,UNKNOWN,,,INDIRECT,,UNVERIFIED,,,,
0x00784910,,officials_manager.cpp,FUN_00784910,,GUI,UNKNOWN,,,INDIRECT,,UNVERIFIED,,,,
0x00784b00,,,FUN_00784b00,,GUI,UNKNOWN,,,INDIRECT,,UNVERIFIED,,,,
0x00784df0,,,FUN_00784df0,,GUI,UNKNOWN,,,INDIRECT,,UNVERIFIED,,,,
0x00784e70,,,,,,PORTED_BEHAVIOURAL,crates/cm-domain/src/eng_second_fixtures.rs,,YES,SIMULATION_RELEVANT,UNVERIFIED,,,,
0x00785160,,,FUN_00785160,,UNKNOWN,PORTED_BEHAVIOURAL,crates/cm-domain/src/match_engine_exe.rs,,YES,SIMULATION_RELEVANT,UNVERIFIED,,,,
0x00785230,,officials_manager.cpp,FUN_00785230,,GUI,UNKNOWN,,,INDIRECT,,UNVERIFIED,,,,
0x007854e0,,,FUN_007854e0,,UNKNOWN,UNKNOWN,,,INDIRECT,,UNVERIFIED,,,,
0x00785540,,,FUN_00785540,,GUI,UNKNOWN,,,INDIRECT,,UNVERIFIED,,,,
0x00785650,,,FUN_00785650,,GUI,UNKNOWN,,,INDIRECT,,UNVERIFIED,,,,
0x00785700,,,FUN_00785700,,UNKNOWN,UNKNOWN,,,INDIRECT,,UNVERIFIED,,,,
0x00785730,,,FUN_00785730,,UNKNOWN,UNKNOWN,,,INDIRECT,,UNVERIFIED,,,,
0x00785890,,award/old_finland_awards.cpp,FUN_00785890,,GUI,UNKNOWN,,,INDIRECT,,UNVERIFIED,,,,
0x007859d0,,award/old_finland_awards.cpp,FUN_007859d0,,GUI,UNKNOWN,,,INDIRECT,,UNVERIFIED,,,,
0x00786040,,,FUN_00786040,,GUI,UNKNOWN,,,INDIRECT,,UNVERIFIED,,,,
0x007860d0,,award/old_france_awards.cpp,FUN_007860d0,,GUI,UNKNOWN,,,INDIRECT,,UNVERIFIED,,,,
0x00786680,,,FUN_00786680,,GUI,UNKNOWN,,,INDIRECT,,UNVERIFIED,,,,
0x007868b0,,,FUN_007868b0,,GUI,UNKNOWN,,,INDIRECT,,UNVERIFIED,,,,
0x00786920,,award/old_international_awards.cpp,FUN_00786920,,GUI,UNKNOWN,,,INDIRECT,,UNVERIFIED,,,,
0x00786d30,,award/old_ireland_awards.cpp,FUN_00786d30,,GUI,UNKNOWN,,,INDIRECT,,UNVERIFIED,,,,
0x00786e70,,award/old_ireland_awards.cpp,FUN_00786e70,,GUI,UNKNOWN,,,INDIRECT,,UNVERIFIED,,,,
0x00787860,,comp/intercomp/olympics.cpp,FUN_00787860,,GUI,UNKNOWN,,,INDIRECT,,UNVERIFIED,,,,
0x00787a20,,,FUN_00787a20,,UNKNOWN,UNKNOWN,,,INDIRECT,,UNVERIFIED,,,,
0x00787a40,,,FUN_00787a40,,GUI,UNKNOWN,,,INDIRECT,,UNVERIFIED,,,,
0x00788470,,comp/intercomp/olympics.cpp,FUN_00788470,,GUI,UNKNOWN,,,INDIRECT,,UNVERIFIED,,,,
0x00788560,,,FUN_00788560,,UNKNOWN,UNKNOWN,,,INDIRECT,,UNVERIFIED,,,,
0x00788900,,comp/intercomp/olympics.cpp,FUN_00788900,,GUI,UNKNOWN,,,INDIRECT,,UNVERIFIED,,,,
0x00788af0,,comp/intercomp/olympics.cpp,FUN_00788af0,,GUI,UNKNOWN,,,INDIRECT,,UNVERIFIED,,,,
0x00788d10,,comp/intercomp/olympics.cpp,FUN_00788d10,,GUI,UNKNOWN,,,INDIRECT,,UNVERIFIED,,,,
0x007894f0,,comp/intercomp/olympics.cpp,FUN_007894f0,,GUI,UNKNOWN,,,INDIRECT,,UNVERIFIED,,,,
0x00789a00,,,FUN_00789a00,,RESOURCE,UNKNOWN,,,INDIRECT,,UNVERIFIED,,,,
0x00789a40,,,FUN_00789a40,,RESOURCE,UNKNOWN,crates/cm-domain/src/screen_batch8.rs;crates/cm-render/src/dispatcher.rs,,INDIRECT,,UNVERIFIED,,,,
0x00789a80,,,FUN_00789a80,,RESOURCE,UNKNOWN,,,INDIRECT,,UNVERIFIED,,,,
0x00789b50,,os.cpp,FUN_00789b50,,RESOURCE,UNKNOWN,crates/cm-domain/src/sidebar_dispatcher.rs;crates/cm-render/src/dispatcher.rs,,INDIRECT,,UNVERIFIED,,,,
0x00789dc0,,,FUN_00789dc0,,GUI,UNKNOWN,,,INDIRECT,,UNVERIFIED,,,,
0x0078a000,,,FUN_0078a000,,GUI,UNKNOWN,,,INDIRECT,,UNVERIFIED,,,,
0x0078a8f0,,,FUN_0078a8f0,,UNKNOWN,UNKNOWN,,,INDIRECT,,UNVERIFIED,,,,
0x0078a980,,,FUN_0078a980,,GUI,UNKNOWN,,,INDIRECT,,UNVERIFIED,,,,
0x0078ac30,,physio.cpp,FUN_0078ac30,,GUI,UNKNOWN,,,INDIRECT,,UNVERIFIED,,,,
0x0078ad80,,,FUN_0078ad80,,GUI,PORTED_BEHAVIOURAL,crates/cm-domain/src/screen_batch18.rs,,YES,SIMULATION_RELEVANT,UNVERIFIED,,,,
0x0078ade0,,,FUN_0078ade0,,GUI,UNKNOWN,,,INDIRECT,,UNVERIFIED,,,,
0x0078b310,,,FUN_0078b310,,GUI,UNKNOWN,,,INDIRECT,,UNVERIFIED,,,,
0x0078b4c0,,,FUN_0078b4c0,,GUI,UNKNOWN,,,INDIRECT,,UNVERIFIED,,,,
0x0078b540,,,FUN_0078b540,,UNKNOWN,UNKNOWN,,,INDIRECT,,UNVERIFIED,,,,
0x0078b6e0,,,FUN_0078b6e0,,UNKNOWN,UNKNOWN,,,INDIRECT,,UNVERIFIED,,,,
0x0078be10,,,FUN_0078be10,,GUI,UNKNOWN,,,INDIRECT,,UNVERIFIED,,,,
0x0078d430,,,FUN_0078d430,,UNKNOWN,UNKNOWN,,,INDIRECT,,UNVERIFIED,,,,
0x0078d490,,,FUN_0078d490,,GUI,UNKNOWN,,,INDIRECT,,UNVERIFIED,,,,
0x0078d720,,player_regen.cpp,FUN_0078d720,,RESOURCE,UNKNOWN,,,INDIRECT,,UNVERIFIED,,,,
0x0078da90,,,FUN_0078da90,,GUI,UNKNOWN,,,INDIRECT,,UNVERIFIED,,,,
0x0078db30,,,FUN_0078db30,,GUI,UNKNOWN,,,INDIRECT,,UNVERIFIED,,,,
0x0078dc90,,,FUN_0078dc90,,GUI,UNKNOWN,,,INDIRECT,,UNVERIFIED,,,,
0x0078dd80,,,FUN_0078dd80,media/scouting pass C,tick,NOT_YET_PORTED,crates/cm-domain/src/lib.rs,,NO,SIMULATION_RELEVANT,HYPOTHESIS,rust:crates/cm-domain/src/lib.rs,step 10h; named stub,,
0x0078e970,,player_regen.cpp,FUN_0078e970,regen fill-club-squad,regen,PORTED_BEHAVIOURAL,crates/cm-domain/src/player_regen.rs,regen_fill_club_squad,YES,SIMULATION_RELEVANT,STRUCTURALLY_VERIFIED,rust:crates/cm-domain/src/player_regen.rs,boot squad-fill for too-thin clubs; wired at new-game season build (REGEN_THIN_SQUAD gate),,
0x0078f1c0,,,FUN_0078f1c0,,UNKNOWN,UNKNOWN,,,INDIRECT,,UNVERIFIED,,,,
0x0078f1d0,,,FUN_0078f1d0,,UNKNOWN,UNKNOWN,,,INDIRECT,,UNVERIFIED,,,,
0x0078f200,,,FUN_0078f200,regen free-agent selector,regen,PORTED_BEHAVIOURAL,crates/cm-domain/src/player_regen.rs,select_free_agent,YES,SIMULATION_RELEVANT,STRUCTURALLY_VERIFIED,rust:crates/cm-domain/src/player_regen.rs,nation-gated candidate pick feeding fill-club-squad,,
0x0078f2b0,,,FUN_0078f2b0,,GUI,UNKNOWN,,,INDIRECT,,UNVERIFIED,,,,
0x0078f4f0,,,FUN_0078f4f0,regen suitability score,regen,PORTED_BEHAVIOURAL,crates/cm-domain/src/player_regen.rs,regen_suitability_score,YES,SIMULATION_RELEVANT,STRUCTURALLY_VERIFIED,rust:crates/cm-domain/src/player_regen.rs,type10-driven signal; heavily leaned on by fill path,,
0x0078f6b0,,,FUN_0078f6b0,,GUI,UNKNOWN,,,INDIRECT,,UNVERIFIED,,,,
0x0078fd10,,,FUN_0078fd10,,GUI,UNKNOWN,,,INDIRECT,,UNVERIFIED,,,,
0x00790200,,,FUN_00790200,,,UNKNOWN,,,INDIRECT,,UNVERIFIED,,,,
0x00790220,,,FUN_00790220,,UNKNOWN,UNKNOWN,,,INDIRECT,,UNVERIFIED,,,,
0x00790270,,,FUN_00790270,,GUI,UNKNOWN,,,INDIRECT,,UNVERIFIED,,,,
0x007903a0,,,FUN_007903a0,,GUI,UNKNOWN,,,INDIRECT,,UNVERIFIED,,,,
0x007904f0,,player_regen.cpp,FUN_007904f0,,GUI,UNKNOWN,,,INDIRECT,,UNVERIFIED,,,,
0x00790600,,,FUN_00790600,,UNKNOWN,UNKNOWN,,,INDIRECT,,UNVERIFIED,,,,
0x007906a0,,player_regen.cpp,FUN_007906a0,,GUI,NOT_YET_PORTED,,,NO,SIMULATION_RELEVANT,UNVERIFIED,,,,
0x007907c0,,,FUN_007907c0,,UNKNOWN,UNKNOWN,,,INDIRECT,,UNVERIFIED,,,,
0x00790860,,player_regen.cpp,FUN_00790860,,GUI,UNKNOWN,,,INDIRECT,,UNVERIFIED,,,,
0x007909e0,,,FUN_007909e0,,GUI,UNKNOWN,,,INDIRECT,,UNVERIFIED,,,,
0x00790ad0,,,FUN_00790ad0,,UNKNOWN,UNKNOWN,,,INDIRECT,,UNVERIFIED,,,,
0x00790b20,,player_regen.cpp,FUN_00790b20,,GUI,UNKNOWN,,,INDIRECT,,UNVERIFIED,,,,
0x00790ec0,,,FUN_00790ec0,,UNKNOWN,UNKNOWN,,,INDIRECT,,UNVERIFIED,,,,
0x00790ef0,,,FUN_00790ef0,,GUI,UNKNOWN,,,INDIRECT,,UNVERIFIED,,,,
0x00791200,,,FUN_00791200,,GUI,UNKNOWN,,,INDIRECT,,UNVERIFIED,,,,
0x00791630,,,FUN_00791630,,GUI,UNKNOWN,,,INDIRECT,,UNVERIFIED,,,,
0x007919a0,,,FUN_007919a0,,GUI,UNKNOWN,,,INDIRECT,,UNVERIFIED,,,,
0x00792690,,,FUN_00792690,,GUI,UNKNOWN,,,INDIRECT,,UNVERIFIED,,,,
0x00792810,,,FUN_00792810,,GUI,UNKNOWN,,,INDIRECT,,UNVERIFIED,,,,
0x00793030,,,FUN_00793030,,GUI,UNKNOWN,,,INDIRECT,,UNVERIFIED,,,,
0x00793200,,,FUN_00793200,,GUI,UNKNOWN,,,INDIRECT,,UNVERIFIED,,,,
0x00793690,,,FUN_00793690,,GUI,UNKNOWN,,,INDIRECT,,UNVERIFIED,,,,
0x00793e10,,,FUN_00793e10,,,UNKNOWN,,,INDIRECT,,UNVERIFIED,,,,
0x00795310,,,FUN_00795310,,GUI,UNKNOWN,,,INDIRECT,,UNVERIFIED,,,,
0x00795430,,,FUN_00795430,,GUI,UNKNOWN,,,INDIRECT,,UNVERIFIED,,,,
0x00795570,,,FUN_00795570,,GUI,UNKNOWN,,,INDIRECT,,UNVERIFIED,,,,
0x007958e0,,player_regen.cpp,FUN_007958e0,,GUI,UNKNOWN,,,INDIRECT,,UNVERIFIED,,,,
0x00795b10,,player_regen.cpp,FUN_00795b10,,GUI,UNKNOWN,,,INDIRECT,,UNVERIFIED,,,,
0x00796020,,player_regen.cpp,FUN_00796020,,GUI,UNKNOWN,,,INDIRECT,,UNVERIFIED,,,,
0x00796590,,,FUN_00796590,,UNKNOWN,UNKNOWN,,,INDIRECT,,UNVERIFIED,,,,
0x007965f0,,,FUN_007965f0,,UNKNOWN,UNKNOWN,,,INDIRECT,,UNVERIFIED,,,,
0x007966a0,,,FUN_007966a0,,UNKNOWN,UNKNOWN,,,INDIRECT,,UNVERIFIED,,,,
0x007966e0,,,FUN_007966e0,,GUI,UNKNOWN,,,INDIRECT,,UNVERIFIED,,,,
0x00796840,,,FUN_00796840,,UNKNOWN,UNKNOWN,,,INDIRECT,,UNVERIFIED,,,,
0x007968c0,,player_search.cpp,FUN_007968c0,,GUI,UNKNOWN,,,INDIRECT,,UNVERIFIED,,,,
0x00796990,,player_search.cpp,FUN_00796990,,GUI,UNKNOWN,,,INDIRECT,,UNVERIFIED,,,,
0x00796a30,,player_search.cpp,FUN_00796a30,,GUI,UNKNOWN,,,INDIRECT,,UNVERIFIED,,,,
0x00796ad0,,,FUN_00796ad0,,UNKNOWN,UNKNOWN,,,INDIRECT,,UNVERIFIED,,,,
0x00796b20,,player_search.cpp,FUN_00796b20,,GUI,UNKNOWN,,,INDIRECT,,UNVERIFIED,,,,
0x00796bf0,,,FUN_00796bf0,,GUI,UNKNOWN,,,INDIRECT,,UNVERIFIED,,,,
0x00796ca0,,,FUN_00796ca0,,GUI,UNKNOWN,,,INDIRECT,,UNVERIFIED,,,,
0x00796d10,,player_search.cpp,FUN_00796d10,,GUI,UNKNOWN,,,INDIRECT,,UNVERIFIED,,,,
0x007971d0,,player_search.cpp,FUN_007971d0,,GUI,UNKNOWN,,,INDIRECT,,UNVERIFIED,,,,
0x00797320,,player_search.cpp,FUN_00797320,,GUI,UNKNOWN,,,INDIRECT,,UNVERIFIED,,,,
0x007974b0,,player_search.cpp,FUN_007974b0,scout-task result consumer,scouting,PORTED_PARTIAL,crates/cm-domain/src/scouting.rs,ScoutBook::assignments,YES,SIMULATION_RELEVANT,PARTIAL,memory:scouting-and-transfers-status.md,45-byte ScoutReport payload undecoded,,
0x007978d0,,,FUN_007978d0,,GUI,UNKNOWN,,,INDIRECT,,UNVERIFIED,,,,
0x00797950,,player_search.cpp,FUN_00797950,,GUI,UNKNOWN,,,INDIRECT,,UNVERIFIED,,,,
0x00797a70,,player_search.cpp,FUN_00797a70,,GUI,NOT_YET_PORTED,,,NO,SIMULATION_RELEVANT,UNVERIFIED,,,,
0x00797bc0,,player_search.cpp,FUN_00797bc0,,GUI,UNKNOWN,,,INDIRECT,,UNVERIFIED,,,,
0x00797dc0,,player_search.cpp,FUN_00797dc0,,GUI,UNKNOWN,,,INDIRECT,,UNVERIFIED,,,,
0x007983a0,,player_search.cpp,FUN_007983a0,,GUI,UNKNOWN,,,INDIRECT,,UNVERIFIED,,,,
0x00799190,,player_search.cpp,FUN_00799190,scout-task builder,scouting,PORTED_PARTIAL,crates/cm-domain/src/scouting.rs,ScoutBook::assign,YES,SIMULATION_RELEVANT,STRUCTURALLY_VERIFIED,memory:scouting-and-transfers-status.md,16x10x0x2b0 ScoutTask substrate; saved-search blob opaque,,
0x00799500,,,FUN_00799500,,GUI,UNKNOWN,,,INDIRECT,,UNVERIFIED,,,,
0x007995b0,,player_search.cpp,FUN_007995b0,,GUI,UNKNOWN,,,INDIRECT,,UNVERIFIED,,,,
0x007997f0,,,FUN_007997f0,,UNKNOWN,UNKNOWN,,,INDIRECT,,UNVERIFIED,,,,
0x00799870,,,FUN_00799870,,GUI,UNKNOWN,,,INDIRECT,,UNVERIFIED,,,,
0x00799b30,,player_search.cpp,FUN_00799b30,,GUI,UNKNOWN,,,INDIRECT,,UNVERIFIED,,,,
0x0079a6b0,,player_search.cpp,FUN_0079a6b0,,GUI,UNKNOWN,,,INDIRECT,,UNVERIFIED,,,,
0x0079af40,,player_search.cpp,FUN_0079af40,,GUI,UNKNOWN,crates/cm-domain/src/scouting.rs,,INDIRECT,,UNVERIFIED,,,,
0x0079b9b0,,player_search.cpp,FUN_0079b9b0,,GUI,UNKNOWN,,,INDIRECT,,UNVERIFIED,,,,
0x0079c0a0,,,FUN_0079c0a0,,GUI,UNKNOWN,,,INDIRECT,,UNVERIFIED,,,,
0x0079c170,,player_search.cpp,FUN_0079c170,,GUI,UNKNOWN,,,INDIRECT,,UNVERIFIED,,,,
0x0079df30,,player_search.cpp,FUN_0079df30,,GUI,UNKNOWN,,,INDIRECT,,UNVERIFIED,,,,
0x0079e5f0,,player_search.cpp,FUN_0079e5f0,,GUI,UNKNOWN,,,INDIRECT,,UNVERIFIED,,,,
0x0079f7e0,,,FUN_0079f7e0,,GUI,UNKNOWN,,,INDIRECT,,UNVERIFIED,,,,
0x0079f9e0,,player_search.cpp,FUN_0079f9e0,,GUI,UNKNOWN,,,INDIRECT,,UNVERIFIED,,,,
0x0079fb90,,player_search.cpp,FUN_0079fb90,,GUI,UNKNOWN,,,INDIRECT,,UNVERIFIED,,,,
0x007a0540,,,FUN_007a0540,,GUI,UNKNOWN,,,INDIRECT,,UNVERIFIED,,,,
0x007a1910,,,FUN_007a1910,,GUI,UNKNOWN,,,INDIRECT,,UNVERIFIED,,,,
0x007a4dd0,,,FUN_007a4dd0,,GUI,UNKNOWN,,,INDIRECT,,UNVERIFIED,,,,
0x007a5220,,player_search.cpp,FUN_007a5220,,GUI,UNKNOWN,,,INDIRECT,,UNVERIFIED,,,,
0x007a5650,,player_search.cpp,FUN_007a5650,,GUI,UNKNOWN,,,INDIRECT,,UNVERIFIED,,,,
0x007a5a40,,player_search.cpp,FUN_007a5a40,,GUI,UNKNOWN,,,INDIRECT,,UNVERIFIED,,,,
0x007a5b70,,,FUN_007a5b70,,GUI,UNKNOWN,,,INDIRECT,,UNVERIFIED,,,,
0x007a5bb0,,,FUN_007a5bb0,,UNKNOWN,UNKNOWN,,,INDIRECT,,UNVERIFIED,,,,
0x007a5c00,,,FUN_007a5c00,,UNKNOWN,UNKNOWN,,,INDIRECT,,UNVERIFIED,,,,
0x007a5c50,,,FUN_007a5c50,,UNKNOWN,UNKNOWN,,,INDIRECT,,UNVERIFIED,,,,
0x007a5ca0,,,FUN_007a5ca0,,UNKNOWN,UNKNOWN,,,INDIRECT,,UNVERIFIED,,,,
0x007a5d10,,,FUN_007a5d10,,GUI,UNKNOWN,,,INDIRECT,,UNVERIFIED,,,,
0x007a60b0,,,FUN_007a60b0,,GUI,UNKNOWN,,,INDIRECT,,UNVERIFIED,,,,
0x007a6220,,,FUN_007a6220,,GUI,UNKNOWN,,,INDIRECT,,UNVERIFIED,,,,
0x007a6980,,,FUN_007a6980,,UNKNOWN,UNKNOWN,,,INDIRECT,,UNVERIFIED,,,,
0x007a69b0,,player_search.cpp,FUN_007a69b0,,GUI,UNKNOWN,,,INDIRECT,,UNVERIFIED,,,,
0x007a7f10,,,FUN_007a7f10,,UNKNOWN,UNKNOWN,,,INDIRECT,,UNVERIFIED,,,,
0x007a7f90,,,FUN_007a7f90,,UNKNOWN,UNKNOWN,,,INDIRECT,,UNVERIFIED,,,,
0x007a8010,,,FUN_007a8010,,UNKNOWN,UNKNOWN,,,INDIRECT,,UNVERIFIED,,,,
0x007a8090,,player_stats.cpp,FUN_007a8090,records apps/goals boot seed,records,PORTED_BEHAVIOURAL,crates/cm-domain/src/club_history.rs;crates/cm-domain/src/player_profile.rs,World::club_history_view;World::player_history_view_for,YES,SIMULATION_RELEVANT,BEHAVIOURALLY_EXACT,memory/club-history-screen.md;rust:player_profile.rs,"staff_history +0x0a = club; Chester 361/124 Rimmer verified | per-(person,club,season) apps/goals group+sort; Keown 507/8 two Brighton loans verified | MULTI-ROLE: PORTED_BEHAVIOURAL=records apps/goals boot seed; PORTED_BEHAVIOURAL=career_history_aggregation",,
0x007a9040,,,FUN_007a9040,,GUI,UNKNOWN,,,INDIRECT,,UNVERIFIED,,,,
0x007a90b0,,player_stats.cpp,FUN_007a90b0,per-match rating accumulator writer,match-engine,PORTED_BEHAVIOURAL,crates/cm-domain/src/lib.rs,,YES,PLAYER_VISIBLE,STRUCTURALLY_VERIFIED,rust:crates/cm-domain/src/lib.rs,count+=1 / sum+=rating at sub-block +0x00; feeds finalize_rating,,
0x007a9690,,player_stats.cpp,FUN_007a9690,,GUI,PORTED_BEHAVIOURAL,crates/cm-app/src/main.rs,,YES,SIMULATION_RELEVANT,UNVERIFIED,,,,
0x007a97f0,,player_stats.cpp,FUN_007a97f0,,GUI,NOT_YET_PORTED,,,NO,SIMULATION_RELEVANT,UNVERIFIED,,,,
0x007a99a0,,player_stats.cpp,FUN_007a99a0,,GUI,UNKNOWN,,,INDIRECT,,UNVERIFIED,,,,
0x007a9c90,,player_stats.cpp,FUN_007a9c90,,GUI,NOT_YET_PORTED,,,NO,SIMULATION_RELEVANT,UNVERIFIED,,,,
0x007a9da0,,player_stats.cpp,FUN_007a9da0,,GUI,NOT_YET_PORTED,,,NO,SIMULATION_RELEVANT,UNVERIFIED,,,,
0x007a9e60,,player_stats.cpp,FUN_007a9e60,,GUI,UNKNOWN,,,INDIRECT,,UNVERIFIED,,,,
0x007aa170,,player_stats.cpp,FUN_007aa170,,GUI,UNKNOWN,,,INDIRECT,,UNVERIFIED,,,,
0x007aa490,,player_stats.cpp,FUN_007aa490,,GUI,PORTED_BEHAVIOURAL,crates/cm-domain/src/player_rating.rs,,YES,SIMULATION_RELEVANT,UNVERIFIED,,,,
0x007aa8f0,,player_stats.cpp,FUN_007aa8f0,,GUI,NOT_YET_PORTED,,,NO,SIMULATION_RELEVANT,UNVERIFIED,,,,
0x007aaa90,,player_stats.cpp,FUN_007aaa90,,GUI,UNKNOWN,,,INDIRECT,,UNVERIFIED,,,,
0x007ab3a0,,player_stats.cpp,FUN_007ab3a0,,GUI,UNKNOWN,,,INDIRECT,,UNVERIFIED,,,,
0x007abc60,,player_stats.cpp,FUN_007abc60,,GUI,PORTED_BEHAVIOURAL,crates/cm-domain/src/player_rating.rs,,YES,SIMULATION_RELEVANT,UNVERIFIED,,,,
0x007abd80,,player_stats.cpp,FUN_007abd80,career apps per competition,player-stats,PORTED_BEHAVIOURAL,crates/cm-domain/src/club_history.rs,World::club_history_view,YES,SIMULATION_RELEVANT,STRUCTURALLY_VERIFIED,reports/club_history_screen_decode.md,per-person accumulation,,
0x007abef0,,player_stats.cpp,FUN_007abef0,career goals per competition,player-stats,PORTED_BEHAVIOURAL,crates/cm-domain/src/club_history.rs,World::club_history_view,YES,SIMULATION_RELEVANT,STRUCTURALLY_VERIFIED,reports/club_history_screen_decode.md,,,
0x007ac060,,player_stats.cpp,FUN_007ac060,career total apps,player-stats,PORTED_BEHAVIOURAL,crates/cm-domain/src/player_profile.rs,total_apps,YES,SIMULATION_RELEVANT,STRUCTURALLY_VERIFIED,reports/club_history_screen_decode.md,,,
0x007ac180,,player_stats.cpp,FUN_007ac180,,GUI,UNKNOWN,,,INDIRECT,,UNVERIFIED,,,,
0x007acaf0,,player_stats.cpp,FUN_007acaf0,,GUI,NOT_YET_PORTED,,,NO,SIMULATION_RELEVANT,UNVERIFIED,,,,
0x007acbf0,,player_stats.cpp,FUN_007acbf0,,GUI,UNKNOWN,,,INDIRECT,,UNVERIFIED,,,,
0x007ad8e0,,player_stats.cpp,FUN_007ad8e0,,GUI,UNKNOWN,,,INDIRECT,,UNVERIFIED,,,,
0x007ae0c0,,player_stats.cpp,FUN_007ae0c0,,GUI,UNKNOWN,,,INDIRECT,,UNVERIFIED,,,,
0x007ae320,,player_stats.cpp,FUN_007ae320,,GUI,UNKNOWN,,,INDIRECT,,UNVERIFIED,,,,
0x007ae9b0,,player_stats.cpp,FUN_007ae9b0,,GUI,NOT_YET_PORTED,,,NO,SIMULATION_RELEVANT,UNVERIFIED,,,,
0x007aeb90,,,FUN_007aeb90,,GUI,UNKNOWN,,,INDIRECT,,UNVERIFIED,,,,
0x007aec90,,,FUN_007aec90,,UNKNOWN,UNKNOWN,,,INDIRECT,,UNVERIFIED,,,,
0x007aed90,,player_stats.cpp,FUN_007aed90,,GUI,NOT_YET_PORTED,,,NO,SIMULATION_RELEVANT,UNVERIFIED,,,,
0x007aef50,,,FUN_007aef50,,GUI,UNKNOWN,,,INDIRECT,,UNVERIFIED,,,,
0x007af000,,,FUN_007af000,,GUI,UNKNOWN,,,INDIRECT,,UNVERIFIED,,,,
0x007af0f0,,,FUN_007af0f0,,UNKNOWN,UNKNOWN,,,INDIRECT,,UNVERIFIED,,,,
0x007af140,,,FUN_007af140,,UNKNOWN,UNKNOWN,,,INDIRECT,,UNVERIFIED,,,,
0x007af190,,player_stats.cpp,FUN_007af190,,GUI,UNKNOWN,,,INDIRECT,,UNVERIFIED,,,,
0x007af320,,plot.cpp,FUN_007af320,,GUI,UNKNOWN,,,INDIRECT,,UNVERIFIED,,,,
0x007af400,,,FUN_007af400,,UNKNOWN,UNKNOWN,,,INDIRECT,,UNVERIFIED,,,,
0x007af460,,plot.cpp,FUN_007af460,,GUI,UNKNOWN,,,INDIRECT,,UNVERIFIED,,,,
0x007af5a0,,plot.cpp,FUN_007af5a0,,GUI,UNKNOWN,,,INDIRECT,,UNVERIFIED,,,,
0x007af6a0,,,FUN_007af6a0,,GUI,UNKNOWN,,,INDIRECT,,UNVERIFIED,,,,
0x007af8e0,,,FUN_007af8e0,,GUI,UNKNOWN,,,INDIRECT,,UNVERIFIED,,,,
0x007b0190,,comp/cups/pol_cup.cpp,FUN_007b0190,,GUI,UNKNOWN,,,INDIRECT,,UNVERIFIED,,,,
0x007b0360,,,FUN_007b0360,,UNKNOWN,UNKNOWN,,,INDIRECT,,UNVERIFIED,,,,
0x007b0380,,,FUN_007b0380,,UNKNOWN,UNKNOWN,,,INDIRECT,,UNVERIFIED,,,,
0x007b0450,,comp/cups/pol_cup.cpp,FUN_007b0450,,GUI,UNKNOWN,,,INDIRECT,,UNVERIFIED,,,,
0x007b0960,,comp/cups/pol_cup.cpp,FUN_007b0960,,GUI,UNKNOWN,,,INDIRECT,,UNVERIFIED,,,,
0x007b0e60,,,FUN_007b0e60,,UNKNOWN,UNKNOWN,,,INDIRECT,,UNVERIFIED,,,,
0x007b0e90,,comp/leagues/pol_first.cpp,FUN_007b0e90,,GUI,UNKNOWN,,,INDIRECT,,UNVERIFIED,,,,
0x007b1140,,,FUN_007b1140,,UNKNOWN,UNKNOWN,,,INDIRECT,,UNVERIFIED,,,,
0x007b1160,,,FUN_007b1160,,GUI,UNKNOWN,,,INDIRECT,,UNVERIFIED,,,,
0x007b1860,,comp/leagues/pol_first.cpp,FUN_007b1860,,GUI,UNKNOWN,,,INDIRECT,,UNVERIFIED,,,,
0x007b1aa0,,,FUN_007b1aa0,,UNKNOWN,UNKNOWN,,,INDIRECT,,UNVERIFIED,,,,
0x007b1d10,,comp/leagues/pol_first.cpp,FUN_007b1d10,,GUI,UNKNOWN,,,INDIRECT,,UNVERIFIED,,,,
0x007b1f70,,comp/leagues/pol_first.cpp,FUN_007b1f70,,GUI,UNKNOWN,,,INDIRECT,,UNVERIFIED,,,,
0x007b2440,,comp/leagues/pol_first.cpp,FUN_007b2440,,GUI,UNKNOWN,,,INDIRECT,,UNVERIFIED,,,,
0x007b28a0,,,FUN_007b28a0,,UNKNOWN,UNKNOWN,,,INDIRECT,,UNVERIFIED,,,,
0x007b28f0,,comp/cups/pol_lge_cup.cpp,FUN_007b28f0,,GUI,UNKNOWN,,,INDIRECT,,UNVERIFIED,,,,
0x007b2ac0,,,FUN_007b2ac0,,UNKNOWN,UNKNOWN,,,INDIRECT,,UNVERIFIED,,,,
0x007b2ae0,,,FUN_007b2ae0,,UNKNOWN,UNKNOWN,,,INDIRECT,,UNVERIFIED,,,,
0x007b2bb0,,comp/cups/pol_lge_cup.cpp,FUN_007b2bb0,,GUI,UNKNOWN,,,INDIRECT,,UNVERIFIED,,,,
0x007b3140,,comp/cups/pol_lge_cup.cpp,FUN_007b3140,,GUI,UNKNOWN,,,INDIRECT,,UNVERIFIED,,,,
0x007b35a0,,,FUN_007b35a0,,UNKNOWN,UNKNOWN,,,INDIRECT,,UNVERIFIED,,,,
0x007b35e0,,comp/leagues/pol_second.cpp,FUN_007b35e0,,GUI,UNKNOWN,,,INDIRECT,,UNVERIFIED,,,,
0x007b3800,,,FUN_007b3800,,UNKNOWN,UNKNOWN,,,INDIRECT,,UNVERIFIED,,,,
0x007b3820,,,FUN_007b3820,,GUI,UNKNOWN,,,INDIRECT,,UNVERIFIED,,,,
0x007b4200,,comp/leagues/pol_second.cpp,FUN_007b4200,,GUI,UNKNOWN,,,INDIRECT,,UNVERIFIED,,,,
0x007b4350,,,FUN_007b4350,,UNKNOWN,UNKNOWN,,,INDIRECT,,UNVERIFIED,,,,
0x007b46a0,,comp/leagues/pol_second.cpp,FUN_007b46a0,,GUI,UNKNOWN,,,INDIRECT,,UNVERIFIED,,,,
0x007b4d30,,comp/cups/pol_super.cpp,FUN_007b4d30,,GUI,UNKNOWN,,,INDIRECT,,UNVERIFIED,,,,
0x007b4ef0,,,FUN_007b4ef0,,UNKNOWN,UNKNOWN,,,INDIRECT,,UNVERIFIED,,,,
0x007b4f10,,,FUN_007b4f10,,UNKNOWN,UNKNOWN,,,INDIRECT,,UNVERIFIED,,,,
0x007b4fe0,,comp/cups/pol_super.cpp,FUN_007b4fe0,,GUI,UNKNOWN,,,INDIRECT,,UNVERIFIED,,,,
0x007b5120,,comp/cups/pol_super.cpp,FUN_007b5120,,GUI,UNKNOWN,,,INDIRECT,,UNVERIFIED,,,,
0x007b5540,,,FUN_007b5540,,GUI,UNKNOWN,,,INDIRECT,,UNVERIFIED,,,,
0x007b55d0,,award/poland_awards.cpp,FUN_007b55d0,,GUI,UNKNOWN,,,INDIRECT,,UNVERIFIED,,,,
0x007b5c40,,transfer/poland_rules.cpp,FUN_007b5c40,,GUI,UNKNOWN,,,INDIRECT,,UNVERIFIED,,,,
0x007b5d90,,comp/cups/por_cup.cpp,FUN_007b5d90,,GUI,UNKNOWN,,,INDIRECT,,UNVERIFIED,,,,
0x007b5f60,,,FUN_007b5f60,,UNKNOWN,UNKNOWN,,,INDIRECT,,UNVERIFIED,,,,
0x007b5f80,,,FUN_007b5f80,,UNKNOWN,UNKNOWN,,,INDIRECT,,UNVERIFIED,,,,
0x007b6050,,comp/cups/por_cup.cpp,FUN_007b6050,,GUI,UNKNOWN,,,INDIRECT,,UNVERIFIED,,,,
0x007b6630,,comp/cups/por_cup.cpp,FUN_007b6630,,GUI,UNKNOWN,,,INDIRECT,,UNVERIFIED,,,,
0x007b6b00,,comp/leagues/por_prm.cpp,FUN_007b6b00,,GUI,UNKNOWN,,,INDIRECT,,UNVERIFIED,,,,
0x007b6d10,,,FUN_007b6d10,,UNKNOWN,UNKNOWN,,,INDIRECT,,UNVERIFIED,,,,
0x007b6d30,,,FUN_007b6d30,,GUI,UNKNOWN,,,INDIRECT,,UNVERIFIED,,,,
0x007b7be0,,comp/leagues/por_prm.cpp,FUN_007b7be0,,GUI,UNKNOWN,,,INDIRECT,,UNVERIFIED,,,,
0x007b7d10,,,FUN_007b7d10,,UNKNOWN,UNKNOWN,,,INDIRECT,,UNVERIFIED,,,,
0x007b8110,,comp/leagues/por_prm.cpp,FUN_007b8110,,GUI,UNKNOWN,,,INDIRECT,,UNVERIFIED,,,,
0x007b8350,,comp/leagues/por_prm.cpp,FUN_007b8350,,GUI,UNKNOWN,,,INDIRECT,,UNVERIFIED,,,,
0x007b85f0,,,FUN_007b85f0,,UNKNOWN,UNKNOWN,,,INDIRECT,,UNVERIFIED,,,,
0x007b8700,,comp/leagues/por_prm.cpp,FUN_007b8700,,GUI,UNKNOWN,,,INDIRECT,,UNVERIFIED,,,,
0x007b8d30,,comp/leagues/por_second.cpp,FUN_007b8d30,,GUI,UNKNOWN,,,INDIRECT,,UNVERIFIED,,,,
0x007b8f40,,,FUN_007b8f40,,UNKNOWN,UNKNOWN,,,INDIRECT,,UNVERIFIED,,,,
0x007b8f60,,,FUN_007b8f60,,GUI,UNKNOWN,,,INDIRECT,,UNVERIFIED,,,,
0x007b9900,,comp/leagues/por_second.cpp,FUN_007b9900,,GUI,UNKNOWN,,,INDIRECT,,UNVERIFIED,,,,
0x007b9a80,,,FUN_007b9a80,,UNKNOWN,UNKNOWN,,,INDIRECT,,UNVERIFIED,,,,
0x007b9d00,,comp/leagues/por_second_b.cpp,FUN_007b9d00,,GUI,UNKNOWN,,,INDIRECT,,UNVERIFIED,,,,
0x007b9f40,,,FUN_007b9f40,,UNKNOWN,UNKNOWN,,,INDIRECT,,UNVERIFIED,,,,
0x007b9f60,,,FUN_007b9f60,,GUI,UNKNOWN,,,INDIRECT,,UNVERIFIED,,,,
0x007ba7e0,,comp/leagues/por_second_b.cpp,FUN_007ba7e0,,GUI,UNKNOWN,,,INDIRECT,,UNVERIFIED,,,,
0x007ba9f0,,,FUN_007ba9f0,,UNKNOWN,UNKNOWN,,,INDIRECT,,UNVERIFIED,,,,
0x007bac50,,comp/leagues/por_second_b.cpp,FUN_007bac50,,GUI,UNKNOWN,,,INDIRECT,,UNVERIFIED,,,,
0x007bb0b0,,comp/leagues/por_second_b.cpp,FUN_007bb0b0,,GUI,UNKNOWN,,,INDIRECT,,UNVERIFIED,,,,
0x007bb290,,comp/cups/por_super.cpp,FUN_007bb290,,GUI,UNKNOWN,,,INDIRECT,,UNVERIFIED,,,,
0x007bb450,,,FUN_007bb450,,UNKNOWN,UNKNOWN,,,INDIRECT,,UNVERIFIED,,,,
0x007bb470,,,FUN_007bb470,,UNKNOWN,UNKNOWN,,,INDIRECT,,UNVERIFIED,,,,
0x007bb540,,comp/cups/por_super.cpp,FUN_007bb540,,GUI,UNKNOWN,,,INDIRECT,,UNVERIFIED,,,,
0x007bb6b0,,comp/cups/por_super.cpp,FUN_007bb6b0,,GUI,UNKNOWN,,,INDIRECT,,UNVERIFIED,,,,
0x007bba80,,,FUN_007bba80,,GUI,UNKNOWN,,,INDIRECT,,UNVERIFIED,,,,
0x007bbb10,,award/portugal_awards.cpp,FUN_007bbb10,,GUI,UNKNOWN,,,INDIRECT,,UNVERIFIED,,,,
0x007bc1d0,,,FUN_007bc1d0,,GUI,UNKNOWN,,,INDIRECT,,UNVERIFIED,,,,
0x007bc240,,transfer/portugal_rules.cpp,FUN_007bc240,,GUI,UNKNOWN,,,INDIRECT,,UNVERIFIED,,,,
0x007bc8b0,,printouts.cpp,FUN_007bc8b0,,GUI,UNKNOWN,,,INDIRECT,,UNVERIFIED,,,,
0x007bd6c0,,printouts.cpp,FUN_007bd6c0,,GUI,UNKNOWN,,,INDIRECT,,UNVERIFIED,,,,
0x007be500,,printouts.cpp,FUN_007be500,,GUI,UNKNOWN,,,INDIRECT,,UNVERIFIED,,,,
0x007bee30,,printouts.cpp,FUN_007bee30,,GUI,UNKNOWN,,,INDIRECT,,UNVERIFIED,,,,
0x007c00c0,,printouts.cpp,FUN_007c00c0,,GUI,UNKNOWN,,,INDIRECT,,UNVERIFIED,,,,
0x007c0560,,printouts.cpp,FUN_007c0560,,GUI,UNKNOWN,,,INDIRECT,,UNVERIFIED,,,,
0x007c1b60,,printouts.cpp,FUN_007c1b60,,GUI,UNKNOWN,,,INDIRECT,,UNVERIFIED,,,,
0x007c24b0,,printouts.cpp,FUN_007c24b0,,GUI,UNKNOWN,,,INDIRECT,,UNVERIFIED,,,,
0x007c25d0,,,FUN_007c25d0,,GUI,UNKNOWN,,,INDIRECT,,UNVERIFIED,,,,
0x007c2ac0,,,FUN_007c2ac0,,GUI,UNKNOWN,,,INDIRECT,,UNVERIFIED,,,,
0x007c2b10,,,FUN_007c2b10,,GUI,UNKNOWN,,,INDIRECT,,UNVERIFIED,,,,
0x007c2ea0,,,FUN_007c2ea0,,UNKNOWN,UNKNOWN,,,INDIRECT,,UNVERIFIED,,,,
0x007c2f60,,,FUN_007c2f60,,UNKNOWN,UNKNOWN,,,INDIRECT,,UNVERIFIED,,,,
0x007c2fc0,,,FUN_007c2fc0,,GUI,UNKNOWN,,,INDIRECT,,UNVERIFIED,,,,
0x007c3150,,,FUN_007c3150,,GUI,UNKNOWN,,,INDIRECT,,UNVERIFIED,,,,
0x007c3380,,,FUN_007c3380,,GUI,UNKNOWN,,,INDIRECT,,UNVERIFIED,,,,
0x007c3530,,,FUN_007c3530,,UNKNOWN,UNKNOWN,,,INDIRECT,,UNVERIFIED,,,,
0x007c3580,,,FUN_007c3580,,GUI,UNKNOWN,,,INDIRECT,,UNVERIFIED,,,,
0x007c3790,,,FUN_007c3790,,UNKNOWN,UNKNOWN,,,INDIRECT,,UNVERIFIED,,,,
0x007c37e0,,,FUN_007c37e0,,GUI,UNKNOWN,,,INDIRECT,,UNVERIFIED,,,,
0x007c39e0,,,FUN_007c39e0,,UNKNOWN,UNKNOWN,,,INDIRECT,,UNVERIFIED,,,,
0x007c3a30,,,FUN_007c3a30,,GUI,UNKNOWN,,,INDIRECT,,UNVERIFIED,,,,
0x007c3d20,,,FUN_007c3d20,,UNKNOWN,UNKNOWN,,,INDIRECT,,UNVERIFIED,,,,
0x007c3d70,,,FUN_007c3d70,,GUI,UNKNOWN,,,INDIRECT,,UNVERIFIED,,,,
0x007c40d0,,,FUN_007c40d0,,UNKNOWN,UNKNOWN,,,INDIRECT,,UNVERIFIED,,,,
0x007c4120,,,FUN_007c4120,,GUI,UNKNOWN,,,INDIRECT,,UNVERIFIED,,,,
0x007c44b0,,,FUN_007c44b0,,UNKNOWN,UNKNOWN,,,INDIRECT,,UNVERIFIED,,,,
0x007c4830,,,FUN_007c4830,,UNKNOWN,UNKNOWN,,,INDIRECT,,UNVERIFIED,,,,
0x007c4b70,,,FUN_007c4b70,,UNKNOWN,UNKNOWN,,,INDIRECT,,UNVERIFIED,,,,
0x007c4bc0,,,FUN_007c4bc0,,GUI,UNKNOWN,,,INDIRECT,,UNVERIFIED,,,,
0x007c4f50,,,FUN_007c4f50,,UNKNOWN,UNKNOWN,,,INDIRECT,,UNVERIFIED,,,,
0x007c4fa0,,,FUN_007c4fa0,,GUI,UNKNOWN,,,INDIRECT,,UNVERIFIED,,,,
0x007c5400,,,FUN_007c5400,,GUI,UNKNOWN,,,INDIRECT,,UNVERIFIED,,,,
0x007c5480,,,FUN_007c5480,,GUI,UNKNOWN,,,INDIRECT,,UNVERIFIED,,,,
0x007c5870,,,FUN_007c5870,,UNKNOWN,UNKNOWN,,,INDIRECT,,UNVERIFIED,,,,
0x007c58c0,,,FUN_007c58c0,,GUI,UNKNOWN,,,INDIRECT,,UNVERIFIED,,,,
0x007c5ad0,,,FUN_007c5ad0,,UNKNOWN,UNKNOWN,,,INDIRECT,,UNVERIFIED,,,,
0x007c5b20,,,FUN_007c5b20,,GUI,UNKNOWN,,,INDIRECT,,UNVERIFIED,,,,
0x007c5e00,,,FUN_007c5e00,,UNKNOWN,UNKNOWN,,,INDIRECT,,UNVERIFIED,,,,
0x007c5e50,,,FUN_007c5e50,,GUI,UNKNOWN,,,INDIRECT,,UNVERIFIED,,,,
0x007c6130,,,FUN_007c6130,,UNKNOWN,UNKNOWN,,,INDIRECT,,UNVERIFIED,,,,
0x007c6180,,,FUN_007c6180,,GUI,UNKNOWN,,,INDIRECT,,UNVERIFIED,,,,
0x007c6750,,,FUN_007c6750,,UNKNOWN,UNKNOWN,,,INDIRECT,,UNVERIFIED,,,,
0x007c67a0,,,FUN_007c67a0,,GUI,UNKNOWN,,,INDIRECT,,UNVERIFIED,,,,
0x007c6a90,,,FUN_007c6a90,,UNKNOWN,UNKNOWN,,,INDIRECT,,UNVERIFIED,,,,
0x007c6ae0,,,FUN_007c6ae0,,GUI,UNKNOWN,,,INDIRECT,,UNVERIFIED,,,,
0x007c6dd0,,,FUN_007c6dd0,,UNKNOWN,UNKNOWN,,,INDIRECT,,UNVERIFIED,,,,
0x007c6e20,,,FUN_007c6e20,,GUI,UNKNOWN,,,INDIRECT,,UNVERIFIED,,,,
0x007c71c0,,,FUN_007c71c0,,UNKNOWN,UNKNOWN,,,INDIRECT,,UNVERIFIED,,,,
0x007c7210,,,FUN_007c7210,,GUI,UNKNOWN,,,INDIRECT,,UNVERIFIED,,,,
0x007c75b0,,,FUN_007c75b0,,UNKNOWN,UNKNOWN,,,INDIRECT,,UNVERIFIED,,,,
0x007c75f0,,,FUN_007c75f0,,GUI,UNKNOWN,,,INDIRECT,,UNVERIFIED,,,,
0x007c78b0,,,FUN_007c78b0,,UNKNOWN,UNKNOWN,,,INDIRECT,,UNVERIFIED,,,,
0x007c7900,,,FUN_007c7900,,GUI,UNKNOWN,,,INDIRECT,,UNVERIFIED,,,,
0x007c7d90,,,FUN_007c7d90,,UNKNOWN,UNKNOWN,,,INDIRECT,,UNVERIFIED,,,,
0x007c7de0,,,FUN_007c7de0,,GUI,UNKNOWN,,,INDIRECT,,UNVERIFIED,,,,
0x007c8160,,,FUN_007c8160,,UNKNOWN,UNKNOWN,,,INDIRECT,,UNVERIFIED,,,,
0x007c81b0,,,FUN_007c81b0,,GUI,UNKNOWN,,,INDIRECT,,UNVERIFIED,,,,
0x007c85a0,,,FUN_007c85a0,,UNKNOWN,UNKNOWN,,,INDIRECT,,UNVERIFIED,,,,
0x007c85f0,,,FUN_007c85f0,,GUI,UNKNOWN,,,INDIRECT,,UNVERIFIED,,,,
0x007c8880,,,FUN_007c8880,,UNKNOWN,UNKNOWN,,,INDIRECT,,UNVERIFIED,,,,
0x007c88d0,,,FUN_007c88d0,,GUI,UNKNOWN,,,INDIRECT,,UNVERIFIED,,,,
0x007c8b20,,,FUN_007c8b20,,UNKNOWN,UNKNOWN,,,INDIRECT,,UNVERIFIED,,,,
0x007c8b70,,,FUN_007c8b70,,GUI,UNKNOWN,,,INDIRECT,,UNVERIFIED,,,,
0x007c8f20,,,FUN_007c8f20,,UNKNOWN,UNKNOWN,,,INDIRECT,,UNVERIFIED,,,,
0x007c9180,,,FUN_007c9180,,UNKNOWN,UNKNOWN,,,INDIRECT,,UNVERIFIED,,,,
0x007c9400,,,FUN_007c9400,,UNKNOWN,UNKNOWN,,,INDIRECT,,UNVERIFIED,,,,
0x007c9450,,,FUN_007c9450,,GUI,UNKNOWN,,,INDIRECT,,UNVERIFIED,,,,
0x007c9640,,,FUN_007c9640,,UNKNOWN,UNKNOWN,,,INDIRECT,,UNVERIFIED,,,,
0x007c9690,,,FUN_007c9690,,GUI,UNKNOWN,,,INDIRECT,,UNVERIFIED,,,,
0x007c9a90,,,FUN_007c9a90,,UNKNOWN,UNKNOWN,,,INDIRECT,,UNVERIFIED,,,,
0x007c9ae0,,,FUN_007c9ae0,,GUI,UNKNOWN,,,INDIRECT,,UNVERIFIED,,,,
0x007c9e30,,,FUN_007c9e30,,UNKNOWN,UNKNOWN,,,INDIRECT,,UNVERIFIED,,,,
0x007c9e80,,,FUN_007c9e80,,GUI,UNKNOWN,,,INDIRECT,,UNVERIFIED,,,,
0x007ca1d0,,,FUN_007ca1d0,,UNKNOWN,UNKNOWN,,,INDIRECT,,UNVERIFIED,,,,
0x007ca220,,,FUN_007ca220,,GUI,UNKNOWN,,,INDIRECT,,UNVERIFIED,,,,
0x007ca4a0,,,FUN_007ca4a0,,UNKNOWN,UNKNOWN,,,INDIRECT,,UNVERIFIED,,,,
0x007ca4f0,,,FUN_007ca4f0,,GUI,UNKNOWN,,,INDIRECT,,UNVERIFIED,,,,
0x007ca750,,,FUN_007ca750,,GUI,UNKNOWN,,,INDIRECT,,UNVERIFIED,,,,
0x007ca960,,,FUN_007ca960,,UNKNOWN,UNKNOWN,,,INDIRECT,,UNVERIFIED,,,,
0x007caa10,,,FUN_007caa10,,UNKNOWN,UNKNOWN,,,INDIRECT,,UNVERIFIED,,,,
0x007caa60,,,FUN_007caa60,,GUI,UNKNOWN,,,INDIRECT,,UNVERIFIED,,,,
0x007cac60,,,FUN_007cac60,,UNKNOWN,UNKNOWN,,,INDIRECT,,UNVERIFIED,,,,
0x007cacb0,,,FUN_007cacb0,,GUI,UNKNOWN,,,INDIRECT,,UNVERIFIED,,,,
0x007caff0,,,FUN_007caff0,,UNKNOWN,UNKNOWN,,,INDIRECT,,UNVERIFIED,,,,
0x007cb040,,,FUN_007cb040,,GUI,UNKNOWN,,,INDIRECT,,UNVERIFIED,,,,
0x007cb380,,,FUN_007cb380,,UNKNOWN,UNKNOWN,,,INDIRECT,,UNVERIFIED,,,,
0x007cb3d0,,,FUN_007cb3d0,,GUI,UNKNOWN,,,INDIRECT,,UNVERIFIED,,,,
0x007cb750,,,FUN_007cb750,,UNKNOWN,UNKNOWN,,,INDIRECT,,UNVERIFIED,,,,
0x007cb7a0,,,FUN_007cb7a0,,GUI,UNKNOWN,,,INDIRECT,,UNVERIFIED,,,,
0x007cbac0,,,FUN_007cbac0,,UNKNOWN,UNKNOWN,,,INDIRECT,,UNVERIFIED,,,,
0x007cbb10,,,FUN_007cbb10,,GUI,UNKNOWN,,,INDIRECT,,UNVERIFIED,,,,
0x007cbe50,,,FUN_007cbe50,,UNKNOWN,UNKNOWN,,,INDIRECT,,UNVERIFIED,,,,
0x007cbea0,,,FUN_007cbea0,,GUI,UNKNOWN,,,INDIRECT,,UNVERIFIED,,,,
0x007cc1a0,,,FUN_007cc1a0,,UNKNOWN,UNKNOWN,,,INDIRECT,,UNVERIFIED,,,,
0x007cc1f0,,,FUN_007cc1f0,,GUI,UNKNOWN,,,INDIRECT,,UNVERIFIED,,,,
0x007cc470,,,FUN_007cc470,,UNKNOWN,UNKNOWN,,,INDIRECT,,UNVERIFIED,,,,
0x007cc4c0,,,FUN_007cc4c0,,GUI,UNKNOWN,,,INDIRECT,,UNVERIFIED,,,,
0x007cc7c0,,record_utils.cpp,FUN_007cc7c0,fixture->record stamp builder,records,PORTED_BEHAVIOURAL,crates/cm-domain/src/club_season_records.rs,MatchRecord::from_input,YES,SIMULATION_RELEVANT,STRUCTURALLY_VERIFIED,reports/club_history_screen_decode.md,stage/round codes fixture+0x32/+0xc,,
0x007cc990,,record_utils.cpp,FUN_007cc990,record name-id store,records,REPLACED_BY_RUST,crates/cm-domain/src/club_season_records.rs,MatchRecord,YES,SIMULATION_RELEVANT,STRUCTURALLY_VERIFIED,reports/club_history_screen_decode.md,exe stores 3 name ids; port keeps ids + lazy format,,
0x007ccaa0,,record_utils.cpp,FUN_007ccaa0,biggest-win compare,records,PORTED_EXACT,crates/cm-domain/src/club_season_records.rs,MatchRecord::beats_win,YES,SIMULATION_RELEVANT,BEHAVIOURALLY_EXACT,reports/club_history_screen_decode.md,margin then goals-scored tiebreak,,
0x007ccb70,,record_utils.cpp,FUN_007ccb70,biggest-defeat compare,records,PORTED_EXACT,crates/cm-domain/src/club_season_records.rs,MatchRecord::beats_defeat,YES,SIMULATION_RELEVANT,BEHAVIOURALLY_EXACT,reports/club_history_screen_decode.md,margin then goals-conceded tiebreak,,
0x007ccc50,,record_utils.cpp,FUN_007ccc50,highest-scoring compare,records,PORTED_EXACT,crates/cm-domain/src/club_season_records.rs,MatchRecord::beats_scoring,YES,SIMULATION_RELEVANT,BEHAVIOURALLY_EXACT,reports/club_history_screen_decode.md,total goals strict + stored.against+new.for!=0 guard,,
0x007ccd10,,record_utils.cpp,FUN_007ccd10,,GUI,PORTED_BEHAVIOURAL,crates/cm-domain/src/club_season_records.rs,,YES,SIMULATION_RELEVANT,UNVERIFIED,,,,
0x007cce50,,record_utils.cpp,FUN_007cce50,,GUI,OUT_OF_SCOPE,,,NO,SIMULATION_RELEVANT,UNVERIFIED,,,,
0x007cd010,,record_utils.cpp,FUN_007cd010,,GUI,OUT_OF_SCOPE,,,NO,SIMULATION_RELEVANT,UNVERIFIED,,,,
0x007cd1d0,,record_utils.cpp,FUN_007cd1d0,,GUI,OUT_OF_SCOPE,,,NO,SIMULATION_RELEVANT,UNVERIFIED,,,,
0x007cd330,,record_utils.cpp,FUN_007cd330,,GUI,OUT_OF_SCOPE,,,NO,SIMULATION_RELEVANT,UNVERIFIED,,,,
0x007cd490,,record_utils.cpp,FUN_007cd490,,GUI,OUT_OF_SCOPE,,,NO,SIMULATION_RELEVANT,UNVERIFIED,,,,
0x007cd5e0,,record_utils.cpp,FUN_007cd5e0,,GUI,OUT_OF_SCOPE,,,NO,SIMULATION_RELEVANT,UNVERIFIED,,,,
0x007cd740,,record_utils.cpp,FUN_007cd740,,GUI,PORTED_BEHAVIOURAL,crates/cm-domain/src/club_season_records.rs,,YES,SIMULATION_RELEVANT,UNVERIFIED,,,,
0x007cd7f0,,record_utils.cpp,FUN_007cd7f0,,GUI,PORTED_BEHAVIOURAL,crates/cm-domain/src/injury_table.rs,,YES,SIMULATION_RELEVANT,UNVERIFIED,,,,
0x007cdb80,,,FUN_007cdb80,,GUI,PORTED_BEHAVIOURAL,crates/cm-domain/src/screen_batch19.rs,,YES,SIMULATION_RELEVANT,UNVERIFIED,,,,
0x007cdc70,,,,Please-Confirm dialog setup,screens,PORTED_BEHAVIOURAL,crates/cm-render/src/screens_auto.rs,build_screen_7cdc70,INDIRECT,UI_RENDERING,STRUCTURALLY_VERIFIED,memory:screen-builders-ported.md,confirm dialog; not pixel-verified,,
0x007ce0e0,,,FUN_007ce0e0,,RESOURCE,UNKNOWN,,,INDIRECT,,UNVERIFIED,,,,
0x007ce250,,,FUN_007ce250,,UNKNOWN,UNKNOWN,,,INDIRECT,,UNVERIFIED,,,,
0x007ce270,,,FUN_007ce270,,UNKNOWN,UNKNOWN,,,INDIRECT,,UNVERIFIED,,,,
0x007ce2e0,,,FUN_007ce2e0,,UNKNOWN,UNKNOWN,,,INDIRECT,,UNVERIFIED,,,,
0x007ce440,,,FUN_007ce440,,UNKNOWN,UNKNOWN,,,INDIRECT,,UNVERIFIED,,,,
0x007ce460,,,FUN_007ce460,,UNKNOWN,UNKNOWN,,,INDIRECT,,UNVERIFIED,,,,
0x007ce470,,,FUN_007ce470,,UNKNOWN,UNKNOWN,,,INDIRECT,,UNVERIFIED,,,,
0x007ce490,,,FUN_007ce490,,UNKNOWN,UNKNOWN,,,INDIRECT,,UNVERIFIED,,,,
0x007ce4a0,,,FUN_007ce4a0,,GUI,PORTED_BEHAVIOURAL,crates/cm-app/src/main.rs,,YES,SIMULATION_RELEVANT,UNVERIFIED,,,,
0x007ce840,,,FUN_007ce840,,GUI,UNKNOWN,,,INDIRECT,,UNVERIFIED,,,,
0x007ceb90,,,FUN_007ceb90,,GUI,UNKNOWN,,,INDIRECT,,UNVERIFIED,,,,
0x007cecc0,,,FUN_007cecc0,,GUI,UNKNOWN,,,INDIRECT,,UNVERIFIED,,,,
0x007cf040,,,FUN_007cf040,,GUI,PORTED_BEHAVIOURAL,crates/cm-domain/src/screen_batch29.rs;crates/cm-render/src/dispatcher.rs,,YES,SIMULATION_RELEVANT,UNVERIFIED,,,,
0x007cf090,,,FUN_007cf090,,GUI,UNKNOWN,,,INDIRECT,,UNVERIFIED,,,,
0x007cf3a0,,,FUN_007cf3a0,,GUI,UNKNOWN,,,INDIRECT,,UNVERIFIED,,,,
0x007cf880,,ruling_body/ruling_body.cpp,FUN_007cf880,,GUI,UNKNOWN,,,INDIRECT,,UNVERIFIED,,,,
0x007cf980,,,FUN_007cf980,,GUI,UNKNOWN,,,INDIRECT,,UNVERIFIED,,,,
0x007cf9c0,,ruling_body/ruling_body.cpp,FUN_007cf9c0,,GUI,UNKNOWN,,,INDIRECT,,UNVERIFIED,,,,
0x007cfca0,,ruling_body/ruling_body.cpp,FUN_007cfca0,,GUI,UNKNOWN,,,INDIRECT,,UNVERIFIED,,,,
0x007d0110,,,FUN_007d0110,,GUI,UNKNOWN,,,INDIRECT,,UNVERIFIED,,,,
0x007d0400,,ruling_body/ruling_body.cpp,FUN_007d0400,,GUI,UNKNOWN,,,INDIRECT,,UNVERIFIED,,,,
0x007d0630,,,FUN_007d0630,,GUI,UNKNOWN,,,INDIRECT,,UNVERIFIED,,,,
0x007d06b0,,,FUN_007d06b0,,UNKNOWN,UNKNOWN,,,INDIRECT,,UNVERIFIED,,,,
0x007d06d0,,ruling_body/ruling_body.cpp,FUN_007d06d0,,GUI,UNKNOWN,,,INDIRECT,,UNVERIFIED,,,,
0x007d09f0,,ruling_body/ruling_body.cpp,FUN_007d09f0,,GUI,UNKNOWN,,,INDIRECT,,UNVERIFIED,,,,
0x007d0e80,,,FUN_007d0e80,,UNKNOWN,UNKNOWN,,,INDIRECT,,UNVERIFIED,,,,
0x007d0f30,,,FUN_007d0f30,,GUI,UNKNOWN,,,INDIRECT,,UNVERIFIED,,,,
0x007d1170,,ruling_body/ruling_body.cpp,FUN_007d1170,,GUI,UNKNOWN,,,INDIRECT,,UNVERIFIED,,,,
0x007d12a0,,,FUN_007d12a0,,GUI,UNKNOWN,,,INDIRECT,,UNVERIFIED,,,,
0x007d12f0,,,FUN_007d12f0,,GUI,UNKNOWN,,,INDIRECT,,UNVERIFIED,,,,
0x007d1330,,comp/cups/rus_cup.cpp,FUN_007d1330,,GUI,UNKNOWN,,,INDIRECT,,UNVERIFIED,,,,
0x007d1520,,,FUN_007d1520,,UNKNOWN,UNKNOWN,,,INDIRECT,,UNVERIFIED,,,,
0x007d1540,,,FUN_007d1540,,UNKNOWN,UNKNOWN,,,INDIRECT,,UNVERIFIED,,,,
0x007d1650,,comp/cups/rus_cup.cpp,FUN_007d1650,,GUI,UNKNOWN,,,INDIRECT,,UNVERIFIED,,,,
0x007d1ac0,,comp/cups/rus_cup.cpp,FUN_007d1ac0,,GUI,UNKNOWN,,,INDIRECT,,UNVERIFIED,,,,
0x007d1fe0,,,FUN_007d1fe0,,UNKNOWN,UNKNOWN,,,INDIRECT,,UNVERIFIED,,,,
0x007d2080,,comp/leagues/rus_first.cpp,FUN_007d2080,,GUI,UNKNOWN,,,INDIRECT,,UNVERIFIED,,,,
0x007d2290,,,FUN_007d2290,,UNKNOWN,UNKNOWN,,,INDIRECT,,UNVERIFIED,,,,
0x007d22b0,,,FUN_007d22b0,,GUI,UNKNOWN,,,INDIRECT,,UNVERIFIED,,,,
0x007d2810,,comp/leagues/rus_first.cpp,FUN_007d2810,,GUI,UNKNOWN,,,INDIRECT,,UNVERIFIED,,,,
0x007d2960,,,FUN_007d2960,,UNKNOWN,UNKNOWN,,,INDIRECT,,UNVERIFIED,,,,
0x007d2bd0,,comp/leagues/rus_prm.cpp,FUN_007d2bd0,,GUI,UNKNOWN,,,INDIRECT,,UNVERIFIED,,,,
0x007d2df0,,,FUN_007d2df0,,UNKNOWN,UNKNOWN,,,INDIRECT,,UNVERIFIED,,,,
0x007d2e10,,,FUN_007d2e10,,GUI,UNKNOWN,,,INDIRECT,,UNVERIFIED,,,,
0x007d3760,,comp/leagues/rus_prm.cpp,FUN_007d3760,,GUI,UNKNOWN,,,INDIRECT,,UNVERIFIED,,,,
0x007d3890,,,FUN_007d3890,,UNKNOWN,UNKNOWN,,,INDIRECT,,UNVERIFIED,,,,
0x007d3be0,,comp/leagues/rus_prm.cpp,FUN_007d3be0,,GUI,UNKNOWN,,,INDIRECT,,UNVERIFIED,,,,
0x007d3f70,,comp/leagues/rus_prm.cpp,FUN_007d3f70,,GUI,UNKNOWN,,,INDIRECT,,UNVERIFIED,,,,
0x007d4340,,,FUN_007d4340,,GUI,UNKNOWN,,,INDIRECT,,UNVERIFIED,,,,
0x007d43d0,,award/russia_awards.cpp,FUN_007d43d0,,GUI,UNKNOWN,,,INDIRECT,,UNVERIFIED,,,,
0x007d47f0,,,FUN_007d47f0,,UNKNOWN,UNKNOWN,,,INDIRECT,,UNVERIFIED,,,,
0x007d48a0,,,FUN_007d48a0,,GUI,UNKNOWN,,,INDIRECT,,UNVERIFIED,,,,
0x007d4910,,transfer/russia_rules.cpp,FUN_007d4910,,GUI,UNKNOWN,,,INDIRECT,,UNVERIFIED,,,,
0x007d4b20,,comp/cups/sco_chal_cup.cpp,FUN_007d4b20,,GUI,UNKNOWN,,,INDIRECT,,UNVERIFIED,,,,
0x007d4cf0,,,FUN_007d4cf0,,UNKNOWN,UNKNOWN,,,INDIRECT,,UNVERIFIED,,,,
0x007d4d10,,,FUN_007d4d10,,UNKNOWN,UNKNOWN,,,INDIRECT,,UNVERIFIED,,,,
0x007d4de0,,comp/cups/sco_chal_cup.cpp,FUN_007d4de0,,GUI,UNKNOWN,,,INDIRECT,,UNVERIFIED,,,,
0x007d51b0,,comp/cups/sco_chal_cup.cpp,FUN_007d51b0,,GUI,UNKNOWN,,,INDIRECT,,UNVERIFIED,,,,
0x007d5480,,,FUN_007d5480,,UNKNOWN,UNKNOWN,,,INDIRECT,,UNVERIFIED,,,,
0x007d54b0,,comp/cups/sco_fa_cup.cpp,FUN_007d54b0,,GUI,UNKNOWN,,,INDIRECT,,UNVERIFIED,,,,
0x007d5680,,,FUN_007d5680,,UNKNOWN,UNKNOWN,,,INDIRECT,,UNVERIFIED,,,,
0x007d56a0,,,FUN_007d56a0,,UNKNOWN,UNKNOWN,,,INDIRECT,,UNVERIFIED,,,,
0x007d5770,,comp/cups/sco_fa_cup.cpp,FUN_007d5770,,GUI,UNKNOWN,,,INDIRECT,,UNVERIFIED,,,,
0x007d5c90,,comp/cups/sco_fa_cup.cpp,FUN_007d5c90,,GUI,UNKNOWN,,,INDIRECT,,UNVERIFIED,,,,
0x007d6160,,comp/leagues/sco_first.cpp,FUN_007d6160,,GUI,UNKNOWN,,,INDIRECT,,UNVERIFIED,,,,
0x007d63a0,,,FUN_007d63a0,,UNKNOWN,UNKNOWN,,,INDIRECT,,UNVERIFIED,,,,
0x007d63c0,,,FUN_007d63c0,,GUI,UNKNOWN,,,INDIRECT,,UNVERIFIED,,,,
0x007d6ed0,,comp/leagues/sco_first.cpp,FUN_007d6ed0,,GUI,UNKNOWN,,,INDIRECT,,UNVERIFIED,,,,
0x007d6ff0,,,FUN_007d6ff0,,UNKNOWN,UNKNOWN,,,INDIRECT,,UNVERIFIED,,,,
0x007d74e0,,comp/leagues/sco_first.cpp,FUN_007d74e0,,GUI,UNKNOWN,,,INDIRECT,,UNVERIFIED,,,,
0x007d7b80,,comp/cups/sco_lge_cup.cpp,FUN_007d7b80,,GUI,UNKNOWN,,,INDIRECT,,UNVERIFIED,,,,
0x007d7d60,,,FUN_007d7d60,,UNKNOWN,UNKNOWN,,,INDIRECT,,UNVERIFIED,,,,
0x007d7d80,,,FUN_007d7d80,,UNKNOWN,UNKNOWN,,,INDIRECT,,UNVERIFIED,,,,
0x007d7e50,,comp/cups/sco_lge_cup.cpp,FUN_007d7e50,,GUI,UNKNOWN,,,INDIRECT,,UNVERIFIED,,,,
0x007d85a0,,comp/cups/sco_lge_cup.cpp,FUN_007d85a0,,GUI,UNKNOWN,,,INDIRECT,,UNVERIFIED,,,,
0x007d8d20,,comp/leagues/sco_prm.cpp,FUN_007d8d20,,GUI,UNKNOWN,,,INDIRECT,,UNVERIFIED,,,,
0x007d8f70,,,FUN_007d8f70,,UNKNOWN,UNKNOWN,,,INDIRECT,,UNVERIFIED,,,,
0x007d8f90,,,FUN_007d8f90,,GUI,UNKNOWN,,,INDIRECT,,UNVERIFIED,,,,
0x007da9c0,,comp/leagues/sco_prm.cpp,FUN_007da9c0,,GUI,UNKNOWN,,,INDIRECT,,UNVERIFIED,,,,
0x007dab10,,,FUN_007dab10,,UNKNOWN,UNKNOWN,,,INDIRECT,,UNVERIFIED,,,,
0x007daf30,,comp/leagues/sco_prm.cpp,FUN_007daf30,,GUI,UNKNOWN,,,INDIRECT,,UNVERIFIED,,,,
0x007db3f0,,comp/leagues/sco_second.cpp,FUN_007db3f0,,GUI,UNKNOWN,,,INDIRECT,,UNVERIFIED,,,,
0x007db600,,,FUN_007db600,,UNKNOWN,UNKNOWN,,,INDIRECT,,UNVERIFIED,,,,
0x007db620,,,FUN_007db620,,GUI,UNKNOWN,,,INDIRECT,,UNVERIFIED,,,,
0x007dc020,,comp/leagues/sco_second.cpp,FUN_007dc020,,GUI,UNKNOWN,,,INDIRECT,,UNVERIFIED,,,,
0x007dc120,,,FUN_007dc120,,UNKNOWN,UNKNOWN,,,INDIRECT,,UNVERIFIED,,,,
0x007dc390,,comp/leagues/sco_third.cpp,FUN_007dc390,,GUI,UNKNOWN,,,INDIRECT,,UNVERIFIED,,,,
0x007dc5a0,,,FUN_007dc5a0,,UNKNOWN,UNKNOWN,,,INDIRECT,,UNVERIFIED,,,,
0x007dc5c0,,,FUN_007dc5c0,,GUI,UNKNOWN,,,INDIRECT,,UNVERIFIED,,,,
0x007dcfc0,,comp/leagues/sco_third.cpp,FUN_007dcfc0,,GUI,UNKNOWN,,,INDIRECT,,UNVERIFIED,,,,
0x007dd0c0,,,FUN_007dd0c0,,UNKNOWN,UNKNOWN,,,INDIRECT,,UNVERIFIED,,,,
0x007dd310,,award/scotland_awards.cpp,FUN_007dd310,,GUI,UNKNOWN,,,INDIRECT,,UNVERIFIED,,,,
0x007dd450,,award/scotland_awards.cpp,FUN_007dd450,,GUI,UNKNOWN,,,INDIRECT,,UNVERIFIED,,,,
0x007de530,,transfer/scotland_rules.cpp,FUN_007de530,,GUI,UNKNOWN,,,INDIRECT,,UNVERIFIED,,,,
0x007de900,,scout_manager.cpp,FUN_007de900,,RESOURCE,UNKNOWN,,,INDIRECT,,UNVERIFIED,,,,
0x007dec40,,,FUN_007dec40,,GUI,UNKNOWN,,,INDIRECT,,UNVERIFIED,,,,
0x007dec90,,scout_manager.cpp,FUN_007dec90,,GUI,NOT_YET_PORTED,,,NO,SIMULATION_RELEVANT,UNVERIFIED,,,,
0x007ded80,,scout_manager.cpp,FUN_007ded80,,GUI,UNKNOWN,,,INDIRECT,,UNVERIFIED,,,,
0x007dee70,,scout_manager.cpp,FUN_007dee70,,GUI,UNKNOWN,,,INDIRECT,,UNVERIFIED,,,,
0x007defd0,,scout_manager.cpp,FUN_007defd0,,GUI,UNKNOWN,,,INDIRECT,,UNVERIFIED,,,,
0x007df0c0,,scout_manager.cpp,FUN_007df0c0,,GUI,UNKNOWN,,,INDIRECT,,UNVERIFIED,,,,
0x007df1b0,,scout_manager.cpp,FUN_007df1b0,scout weekly tick,scouting,PORTED_PARTIAL,crates/cm-domain/src/scouting.rs,ScoutBook::weekly_tick,YES,SIMULATION_RELEVANT,PARTIAL,memory:scouting-and-transfers-status.md,monotonic +3%/wk placeholder; real per-scout formula not decoded,,
0x007df410,,scout_manager.cpp,FUN_007df410,,GUI,UNKNOWN,,,INDIRECT,,UNVERIFIED,,,,
0x007df630,,scout_manager.cpp,FUN_007df630,,GUI,NOT_YET_PORTED,,,NO,SIMULATION_RELEVANT,UNVERIFIED,,,,
0x007df790,,scout_manager.cpp,FUN_007df790,,GUI,NOT_YET_PORTED,,,NO,SIMULATION_RELEVANT,UNVERIFIED,,,,
0x007df920,,scout_manager.cpp,FUN_007df920,,GUI,UNKNOWN,,,INDIRECT,,UNVERIFIED,,,,
0x007dfac0,,scout_manager.cpp,FUN_007dfac0,,GUI,PORTED_BEHAVIOURAL,crates/cm-domain/src/menu.rs;crates/cm-domain/src/screen_batch21.rs;crates/cm-domain/src/screen_batch4.rs;crates/cm-render/src/dispatcher.rs,,YES,SIMULATION_RELEVANT,UNVERIFIED,,,,
0x007dfbc0,,scout_manager.cpp,FUN_007dfbc0,,GUI,UNKNOWN,,,INDIRECT,,UNVERIFIED,,,,
0x007dfd50,,scout_manager.cpp,FUN_007dfd50,,GUI,UNKNOWN,,,INDIRECT,,UNVERIFIED,,,,
0x007e01c0,,scout_manager.cpp,FUN_007e01c0,,GUI,UNKNOWN,,,INDIRECT,,UNVERIFIED,,,,
0x007e0490,,scout_manager.cpp,FUN_007e0490,,GUI,PORTED_BEHAVIOURAL,crates/cm-render/src/dispatcher_club_toolbar.rs,,YES,SIMULATION_RELEVANT,UNVERIFIED,,,,
0x007e05c0,,scout_manager.cpp,FUN_007e05c0,,GUI,PORTED_BEHAVIOURAL,crates/cm-domain/src/screen_batch9.rs;crates/cm-render/src/dispatcher_club_toolbar.rs,,YES,SIMULATION_RELEVANT,UNVERIFIED,,,,
0x007e06a0,,scout_manager.cpp,FUN_007e06a0,,GUI,PORTED_BEHAVIOURAL,crates/cm-domain/src/screen_batch9.rs;crates/cm-render/src/dispatcher_club_toolbar.rs,,YES,SIMULATION_RELEVANT,UNVERIFIED,,,,
0x007e07b0,,scout_manager.cpp,FUN_007e07b0,,GUI,UNKNOWN,,,INDIRECT,,UNVERIFIED,,,,
0x007e08f0,,,FUN_007e08f0,,GUI,UNKNOWN,,,INDIRECT,,UNVERIFIED,,,,
0x007e0da0,,,FUN_007e0da0,,GUI,UNKNOWN,,,INDIRECT,,UNVERIFIED,,,,
0x007e0f10,,scout_manager.cpp,FUN_007e0f10,,GUI,NOT_YET_PORTED,,,NO,SIMULATION_RELEVANT,UNVERIFIED,,,,
0x007e1080,,,FUN_007e1080,,GUI,UNKNOWN,,,INDIRECT,,UNVERIFIED,,,,
0x007e1190,,scout_manager.cpp,FUN_007e1190,,GUI,NOT_YET_PORTED,,,NO,SIMULATION_RELEVANT,UNVERIFIED,,,,
0x007e1276,,,FUN_007e1276,,,UNKNOWN,,,INDIRECT,,UNVERIFIED,,,,
0x007e1330,,scout_manager.cpp,FUN_007e1330,,GUI,UNKNOWN,,,INDIRECT,,UNVERIFIED,,,,
0x007e1430,,scout_manager.cpp,FUN_007e1430,,GUI,UNKNOWN,,,INDIRECT,,UNVERIFIED,,,,
0x007e16c0,,scout_manager.cpp,FUN_007e16c0,,GUI,UNKNOWN,,,INDIRECT,,UNVERIFIED,,,,
0x007e1830,,,FUN_007e1830,,GUI,UNKNOWN,,,INDIRECT,,UNVERIFIED,,,,
0x007e18c0,,,FUN_007e18c0,,GUI,UNKNOWN,,,INDIRECT,,UNVERIFIED,,,,
0x007e1a30,,scout_manager.cpp,FUN_007e1a30,,GUI,UNKNOWN,,,INDIRECT,,UNVERIFIED,,,,
0x007e1c00,,,FUN_007e1c00,,GUI,UNKNOWN,,,INDIRECT,,UNVERIFIED,,,,
0x007e1eb0,,,FUN_007e1eb0,,GUI,UNKNOWN,,,INDIRECT,,UNVERIFIED,,,,
0x007e3f20,,,,,,PORTED_BEHAVIOURAL,crates/cm-render/src/scrman.rs,,YES,SIMULATION_RELEVANT,UNVERIFIED,,,,
0x007e42f0,,scout_manager.cpp,FUN_007e42f0,,GUI,UNKNOWN,,,INDIRECT,,UNVERIFIED,,,,
0x007e4340,,,,,,PORTED_BEHAVIOURAL,crates/cm-render/src/scrman.rs,,YES,SIMULATION_RELEVANT,UNVERIFIED,,,,
0x007e4410,,,FUN_007e4410,,UNKNOWN,UNKNOWN,,,INDIRECT,,UNVERIFIED,,,,
0x007e4440,,,FUN_007e4440,,UNKNOWN,UNKNOWN,,,INDIRECT,,UNVERIFIED,,,,
0x007e44b0,,,FUN_007e44b0,,UNKNOWN,UNKNOWN,,,INDIRECT,,UNVERIFIED,,,,
0x007e4520,,,FUN_007e4520,ScreenManager ctor + struct layout,screens,PORTED_BEHAVIOURAL,crates/cm-render/src/scrman.rs,ScreenManager::new,INDIRECT,IMPLEMENTATION_ONLY,STRUCTURALLY_VERIFIED,rust:cm-render/scrman.rs,0x262000 arena; field offsets build-identical,,
0x007e46a0,,,FUN_007e46a0,ScreenManager reset,screens,PORTED_BEHAVIOURAL,crates/cm-render/src/scrman.rs,ScreenManager::reset,INDIRECT,IMPLEMENTATION_ONLY,STRUCTURALLY_VERIFIED,rust:cm-render/scrman.rs,dtor-then-ctor reset,,
0x007e4750,,,FUN_007e4750,,GUI,UNKNOWN,,,INDIRECT,,UNVERIFIED,,,,
0x007e47f0,,,FUN_007e47f0,,GUI,UNKNOWN,,,INDIRECT,,UNVERIFIED,,,,
0x007e4920,,,FUN_007e4920,,UNKNOWN,UNKNOWN,,,INDIRECT,,UNVERIFIED,,,,
0x007e4940,,scrman.cpp,FUN_007e4940,post-hotseat finalize,tick,NOT_YET_PORTED,crates/cm-domain/src/lib.rs,,NO,SIMULATION_RELEVANT,HYPOTHESIS,rust:crates/cm-domain/src/lib.rs,documented stub,,
0x007e5bd0,,scrman.cpp,FUN_007e5bd0,,GUI,UNKNOWN,,,INDIRECT,,UNVERIFIED,,,,
0x007e6420,,,,pending-push staging,screens,PORTED_BEHAVIOURAL,crates/cm-render/src/scrman.rs,ScreenManager::stage_pending_push,INDIRECT,IMPLEMENTATION_ONLY,STRUCTURALLY_VERIFIED,rust:cm-render/scrman.rs,staging slots; ptr slots kept as presence markers,,
0x007e6430,,,FUN_007e6430,,GUI,PORTED_BEHAVIOURAL,crates/cm-domain/src/screen_batch16.rs;crates/cm-domain/src/screen_batch17.rs;crates/cm-domain/src/screen_batch19.rs;crates/cm-render/src/screen_wire_batch3.rs,,YES,SIMULATION_RELEVANT,UNVERIFIED,,,,
0x007e6570,,scrman.cpp,FUN_007e6570,screen-visible gate (skip pushes),screens,PORTED_BEHAVIOURAL,crates/cm-domain/src/screen_batch3.rs,build_* None arm,INDIRECT,UI_RENDERING,STRUCTURALLY_VERIFIED,memory:screen-builders-ported.md,None return matches exe skip-push gate,,
0x007e6a20,,,FUN_007e6a20,,UNKNOWN,PORTED_BEHAVIOURAL,crates/cm-domain/src/screen_batch19.rs;crates/cm-render/src/scrman.rs,,YES,SIMULATION_RELEVANT,UNVERIFIED,,,,
0x007e6a70,,,FUN_007e6a70,,UNKNOWN,UNKNOWN,,,INDIRECT,,UNVERIFIED,,,,
0x007e6ab0,,scrman.cpp,FUN_007e6ab0,,GUI,PORTED_BEHAVIOURAL,crates/cm-render/src/dispatcher.rs;crates/cm-render/src/screen_menu_bar.rs,,YES,SIMULATION_RELEVANT,UNVERIFIED,,,,
0x007e6b60,,scrman.cpp,FUN_007e6b60,,GUI,PORTED_BEHAVIOURAL,crates/cm-render/src/dispatcher.rs;crates/cm-render/src/screen_menu_bar.rs,,YES,SIMULATION_RELEVANT,UNVERIFIED,,,,
0x007e6c30,,scrman.cpp,FUN_007e6c30,,GUI,UI_GDI_DOMAIN,,,NO,UI_RENDERING,UNVERIFIED,,,,
0x007e6cd0,,scrman.cpp,FUN_007e6cd0,,GUI,UI_GDI_DOMAIN,,,NO,UI_RENDERING,UNVERIFIED,,,,
0x007e6d70,,,FUN_007e6d70,,GUI,UNKNOWN,,,INDIRECT,,UNVERIFIED,,,,
0x007e6da0,,,FUN_007e6da0,,GUI,UNKNOWN,,,INDIRECT,,UNVERIFIED,,,,
0x007e6e00,,,FUN_007e6e00,,GUI,PORTED_BEHAVIOURAL,crates/cm-render/src/scrman.rs,,YES,SIMULATION_RELEVANT,UNVERIFIED,,,,
0x007e6ee0,,scrman.cpp,FUN_007e6ee0,,GUI,UNKNOWN,crates/cm-domain/src/screen_batch10.rs;crates/cm-domain/src/screen_batch12.rs;crates/cm-domain/src/screen_batch18.rs;crates/cm-domain/src/screen_batch21.rs;crates/cm-domain/src/screen_batch3.rs;crates/cm-domain/src/screen_batch4.rs;crates/cm-domain/src/screen_batch6.rs;crates/cm-domain/src/screen_batch8.rs;crates/cm-domain/src/tactic_dispatcher.rs;crates/cm-render/src/dispatcher_club_toolbar.rs;crates/cm-render/src/screen_club_squad_faithful.rs,,INDIRECT,,UNVERIFIED,,,,
0x007e7000,,,FUN_007e7000,,GUI,PORTED_BEHAVIOURAL,crates/cm-domain/src/screen_batch16.rs;crates/cm-domain/src/screen_batch3.rs;crates/cm-domain/src/screen_manager_batch.rs;crates/cm-domain/src/screen_nation_dashboard.rs;crates/cm-render/src/screen_wire_batch3.rs,,YES,SIMULATION_RELEVANT,UNVERIFIED,,,,
0x007e7130,,scrman.cpp,FUN_007e7130,widget-slot writer,screens,REPLACED_BY_RUST,crates/cm-domain/src/screen_batch3.rs,View slot fields (serde),INDIRECT,UI_RENDERING,STRUCTURALLY_VERIFIED,memory:screen-builders-ported.md,slot writes replaced by named serde fields; exact-value tests,,
0x007e73b0,,,FUN_007e73b0,,GUI,UNKNOWN,,,INDIRECT,,UNVERIFIED,,,,
0x007e74a0,,,FUN_007e74a0,,GUI,UNKNOWN,,,INDIRECT,,UNVERIFIED,,,,
0x007e74e0,,,FUN_007e74e0,,UNKNOWN,PORTED_BEHAVIOURAL,crates/cm-domain/src/screen_batch4.rs,,YES,SIMULATION_RELEVANT,UNVERIFIED,,,,
0x007e76c0,,,FUN_007e76c0,,UNKNOWN,UNKNOWN,,,INDIRECT,,UNVERIFIED,,,,
0x007e7790,,,FUN_007e7790,,GUI,PORTED_BEHAVIOURAL,crates/cm-domain/src/menu.rs;crates/cm-domain/src/screen_batch4.rs;crates/cm-render/src/dispatcher.rs,,YES,SIMULATION_RELEVANT,UNVERIFIED,,,,
0x007e7820,,,FUN_007e7820,,GUI,PORTED_BEHAVIOURAL,crates/cm-domain/src/screen_batch19.rs,,YES,SIMULATION_RELEVANT,UNVERIFIED,,,,
0x007e7b50,,,FUN_007e7b50,,GUI,PORTED_BEHAVIOURAL,crates/cm-render/src/scrman.rs,,YES,SIMULATION_RELEVANT,UNVERIFIED,,,,
0x007e7bf0,,,FUN_007e7bf0,,GUI,UNKNOWN,,,INDIRECT,,UNVERIFIED,,,,
0x007e7c40,,,FUN_007e7c40,,GUI,PORTED_BEHAVIOURAL,crates/cm-render/src/dispatcher.rs,,YES,SIMULATION_RELEVANT,UNVERIFIED,,,,
0x007e7cb0,,,FUN_007e7cb0,,GUI,PORTED_BEHAVIOURAL,crates/cm-render/src/dispatcher.rs,,YES,SIMULATION_RELEVANT,UNVERIFIED,,,,
0x007e7d20,,,FUN_007e7d20,,UNKNOWN,UNKNOWN,,,INDIRECT,,UNVERIFIED,,,,
0x007e7d90,,,FUN_007e7d90,,UNKNOWN,UNKNOWN,,,INDIRECT,,UNVERIFIED,,,,
0x007e7de0,,,FUN_007e7de0,,UNKNOWN,UNKNOWN,,,INDIRECT,,UNVERIFIED,,,,
0x007e7e10,,,FUN_007e7e10,,GUI,UNKNOWN,,,INDIRECT,,UNVERIFIED,,,,
0x007e7e60,,scrman.cpp,FUN_007e7e60,,GUI,UI_GDI_DOMAIN,,,NO,UI_RENDERING,UNVERIFIED,,,,
0x007e7fc0,,scrman.cpp,FUN_007e7fc0,,GUI,UI_GDI_DOMAIN,,,NO,UI_RENDERING,UNVERIFIED,,,,
0x007e8190,,scrman.cpp,FUN_007e8190,,GUI,UNKNOWN,,,INDIRECT,,UNVERIFIED,,,,
0x007e83e0,,scrman.cpp,FUN_007e83e0,,GUI,PORTED_BEHAVIOURAL,crates/cm-render/src/dispatcher.rs;crates/cm-render/src/screen_menu_bar.rs,,YES,SIMULATION_RELEVANT,UNVERIFIED,,,,
0x007e86e0,,,FUN_007e86e0,,GUI,UNKNOWN,,,INDIRECT,,UNVERIFIED,,,,
0x007e8b70,,scrman.cpp,FUN_007e8b70,,GUI,PORTED_BEHAVIOURAL,crates/cm-render/src/dispatcher.rs,,YES,SIMULATION_RELEVANT,UNVERIFIED,,,,
0x007e8e70,,scrman.cpp,FUN_007e8e70,,GUI,UNKNOWN,,,INDIRECT,,UNVERIFIED,,,,
0x007e9180,,scrman.cpp,FUN_007e9180,,GUI,PORTED_BEHAVIOURAL,crates/cm-render/src/dispatcher.rs;crates/cm-render/src/screen_menu_bar.rs,,YES,SIMULATION_RELEVANT,UNVERIFIED,,,,
0x007e9480,,scrman.cpp,FUN_007e9480,,GUI,UNKNOWN,,,INDIRECT,,UNVERIFIED,,,,
0x007e9770,,scrman.cpp,FUN_007e9770,,GUI,UNKNOWN,,,INDIRECT,,UNVERIFIED,,,,
0x007e9a80,,scrman.cpp,FUN_007e9a80,,GUI,PORTED_BEHAVIOURAL,crates/cm-render/src/dispatcher.rs,,YES,SIMULATION_RELEVANT,UNVERIFIED,,,,
0x007e9dc0,,scrman.cpp,FUN_007e9dc0,,GUI,PORTED_BEHAVIOURAL,crates/cm-render/src/dispatcher.rs,,YES,SIMULATION_RELEVANT,UNVERIFIED,,,,
0x007ea0c0,,scrman.cpp,FUN_007ea0c0,,GUI,UNKNOWN,,,INDIRECT,,UNVERIFIED,,,,
0x007ea3c0,,scrman.cpp,FUN_007ea3c0,,GUI,UNKNOWN,,,INDIRECT,,UNVERIFIED,,,,
0x007ea7d0,,,FUN_007ea7d0,,UNKNOWN,UNKNOWN,,,INDIRECT,,UNVERIFIED,,,,
0x007ea820,,scrman.cpp,FUN_007ea820,,GUI,UNKNOWN,,,INDIRECT,,UNVERIFIED,,,,
0x007eaa70,,,FUN_007eaa70,,UNKNOWN,UNKNOWN,,,INDIRECT,,UNVERIFIED,,,,
0x007eaaa0,,,FUN_007eaaa0,,UNKNOWN,UNKNOWN,,,INDIRECT,,UNVERIFIED,,,,
0x007eaac0,,scrman.cpp,FUN_007eaac0,scrollbar/scroll-region manager,widgets,PORTED_BEHAVIOURAL,crates/cm-render/src/scrollbar.rs,,INDIRECT,UI_RENDERING,PARTIAL,rust:cm-render,semantic inferred from usage; fidelity unverified,,
0x007ead30,,scrman.cpp,FUN_007ead30,news-manager pacing B,tick,NOT_YET_PORTED,crates/cm-domain/src/lib.rs,,NO,PLAYER_VISIBLE,HYPOTHESIS,rust:crates/cm-domain/src/lib.rs,steps 13-14; named stub,,
0x007eb0d0,,,FUN_007eb0d0,,GUI,UNKNOWN,,,INDIRECT,,UNVERIFIED,,,,
0x007eb130,,,FUN_007eb130,,UNKNOWN,UNKNOWN,,,INDIRECT,,UNVERIFIED,,,,
0x007eb160,,,FUN_007eb160,,UNKNOWN,UNKNOWN,,,INDIRECT,,UNVERIFIED,,,,
0x007eb180,,scrman.cpp,FUN_007eb180,,GUI,UNKNOWN,,,INDIRECT,,UNVERIFIED,,,,
0x007eb350,,scrman.cpp,FUN_007eb350,,GUI,UNKNOWN,,,INDIRECT,,UNVERIFIED,,,,
0x007eb4b0,,scrman.cpp,FUN_007eb4b0,,GUI,UNKNOWN,,,INDIRECT,,UNVERIFIED,,,,
0x007eb6d0,,scrman.cpp,FUN_007eb6d0,,GUI,UNKNOWN,,,INDIRECT,,UNVERIFIED,,,,
0x007eb830,,scrman.cpp,FUN_007eb830,,GUI,UNKNOWN,,,INDIRECT,,UNVERIFIED,,,,
0x007eb990,,scrman.cpp,FUN_007eb990,,GUI,PORTED_BEHAVIOURAL,crates/cm-render/src/dispatcher.rs,,YES,SIMULATION_RELEVANT,UNVERIFIED,,,,
0x007ebaf0,,,FUN_007ebaf0,,UNKNOWN,PORTED_BEHAVIOURAL,crates/cm-render/src/dispatcher.rs,,YES,SIMULATION_RELEVANT,UNVERIFIED,,,,
0x007ebb20,,,FUN_007ebb20,,GUI,UNKNOWN,,,INDIRECT,,UNVERIFIED,,,,
0x007ebca0,,,FUN_007ebca0,,GUI,PORTED_BEHAVIOURAL,crates/cm-domain/src/screen_manager_batch.rs,,YES,SIMULATION_RELEVANT,UNVERIFIED,,,,
0x007ebda0,,,FUN_007ebda0,,UNKNOWN,UNKNOWN,,,INDIRECT,,UNVERIFIED,,,,
0x007ebdc0,,,FUN_007ebdc0,,GUI,UNKNOWN,,,INDIRECT,,UNVERIFIED,,,,
0x007ebea0,,,FUN_007ebea0,,GUI,UNKNOWN,,,INDIRECT,,UNVERIFIED,,,,
0x007ebf30,,,FUN_007ebf30,,GUI,UNKNOWN,,,INDIRECT,,UNVERIFIED,,,,
0x007ebf80,,search_edit_session.cpp,FUN_007ebf80,,GUI,UNKNOWN,,,INDIRECT,,UNVERIFIED,,,,
0x007ec020,,,FUN_007ec020,,GUI,UNKNOWN,,,INDIRECT,,UNVERIFIED,,,,
0x007ec070,,,FUN_007ec070,,GUI,UNKNOWN,,,INDIRECT,,UNVERIFIED,,,,
0x007ec150,,,FUN_007ec150,,GUI,UNKNOWN,,,INDIRECT,,UNVERIFIED,,,,
0x007ec230,,,FUN_007ec230,,UNKNOWN,UNKNOWN,,,INDIRECT,,UNVERIFIED,,,,
0x007ec2f0,,,FUN_007ec2f0,,GUI,UNKNOWN,,,INDIRECT,,UNVERIFIED,,,,
0x007ec3c0,,,FUN_007ec3c0,,GUI,UNKNOWN,,,INDIRECT,,UNVERIFIED,,,,
0x007ec480,,,FUN_007ec480,,GUI,UNKNOWN,,,INDIRECT,,UNVERIFIED,,,,
0x007ec520,,,FUN_007ec520,,UNKNOWN,UNKNOWN,,,INDIRECT,,UNVERIFIED,,,,
0x007ec590,,,FUN_007ec590,,GUI,UNKNOWN,,,INDIRECT,,UNVERIFIED,,,,
0x007ec640,,,FUN_007ec640,,UNKNOWN,UNKNOWN,,,INDIRECT,,UNVERIFIED,,,,
0x007ec7b0,,,FUN_007ec7b0,,GUI,UNKNOWN,,,INDIRECT,,UNVERIFIED,,,,
0x007ec8f0,,,FUN_007ec8f0,,GUI,UNKNOWN,,,INDIRECT,,UNVERIFIED,,,,
0x007ec9e0,,search_eng.cpp,FUN_007ec9e0,,GUI,NOT_YET_PORTED,,,NO,SIMULATION_RELEVANT,UNVERIFIED,,,,
0x007ecab0,,,FUN_007ecab0,,UNKNOWN,UNKNOWN,,,INDIRECT,,UNVERIFIED,,,,
0x007ecac0,,search_eng.cpp,FUN_007ecac0,,GUI,UNKNOWN,,,INDIRECT,,UNVERIFIED,,,,
0x007ecdf0,,search_eng.cpp,FUN_007ecdf0,,GUI,UNKNOWN,,,INDIRECT,,UNVERIFIED,,,,
0x007ed9f0,,,FUN_007ed9f0,,UNKNOWN,UNKNOWN,,,INDIRECT,,UNVERIFIED,,,,
0x007eda90,,,FUN_007eda90,,UNKNOWN,UNKNOWN,,,INDIRECT,,UNVERIFIED,,,,
0x007edb10,,,FUN_007edb10,,UNKNOWN,UNKNOWN,,,INDIRECT,,UNVERIFIED,,,,
0x007edb60,,,FUN_007edb60,,GUI,UNKNOWN,,,INDIRECT,,UNVERIFIED,,,,
0x007edcd0,,,FUN_007edcd0,,UNKNOWN,UNKNOWN,,,INDIRECT,,UNVERIFIED,,,,
0x007edd40,,search_eng.cpp,FUN_007edd40,,GUI,UNKNOWN,,,INDIRECT,,UNVERIFIED,,,,
0x007edf30,,,FUN_007edf30,,GUI,UNKNOWN,,,INDIRECT,,UNVERIFIED,,,,
0x007eead0,,search_filters.cpp,FUN_007eead0,,GUI,NOT_YET_PORTED,,,NO,SIMULATION_RELEVANT,UNVERIFIED,,,,
0x007eecb0,,search_filters.cpp,FUN_007eecb0,,GUI,NOT_YET_PORTED,,,NO,SIMULATION_RELEVANT,UNVERIFIED,,,,
0x007eef30,,search_filters.cpp,FUN_007eef30,,GUI,UNKNOWN,,,INDIRECT,,UNVERIFIED,,,,
0x007efc70,,search_filters.cpp,FUN_007efc70,,GUI,UNKNOWN,,,INDIRECT,,UNVERIFIED,,,,
0x007f0020,,,FUN_007f0020,,GUI,UNKNOWN,crates/cm-domain/src/screen_manager_batch.rs;crates/cm-domain/src/sidebar_dispatcher.rs;crates/cm-render/src/dispatcher.rs,,INDIRECT,,UNVERIFIED,,,,
0x007f0170,,search_screens.cpp,FUN_007f0170,,GUI,UNKNOWN,,,INDIRECT,,UNVERIFIED,,,,
0x007f6710,,,FUN_007f6710,,UNKNOWN,UNKNOWN,,,INDIRECT,,UNVERIFIED,,,,
0x007f6720,,,FUN_007f6720,,GUI,UNKNOWN,,,INDIRECT,,UNVERIFIED,,,,
0x007f6730,,,FUN_007f6730,,UNKNOWN,UNKNOWN,,,INDIRECT,,UNVERIFIED,,,,
0x007f6760,,,FUN_007f6760,,UNKNOWN,UNKNOWN,,,INDIRECT,,UNVERIFIED,,,,
0x007f6790,,,FUN_007f6790,,UNKNOWN,UNKNOWN,,,INDIRECT,,UNVERIFIED,,,,
0x007fadf0,,,FUN_007fadf0,,,UNKNOWN,,,INDIRECT,,UNVERIFIED,,,,
0x007faec0,,search_screens.cpp,FUN_007faec0,,GUI,UNKNOWN,,,INDIRECT,,UNVERIFIED,,,,
0x007fb050,,search_screens.cpp,,search Filters screen setup,screens,PORTED_BEHAVIOURAL,crates/cm-render/src/screens_auto.rs,build_screen_7fb050,INDIRECT,PLAYER_VISIBLE,STRUCTURALLY_VERIFIED,memory:screen-builders-ported.md,43 widgets; not pixel-verified,,
0x00800600,,,FUN_00800600,,UNKNOWN,UNKNOWN,,,INDIRECT,,UNVERIFIED,,,,
0x00800660,,,FUN_00800660,,UNKNOWN,UNKNOWN,,,INDIRECT,,UNVERIFIED,,,,
0x008018b0,,,FUN_008018b0,,GUI,UNKNOWN,,,INDIRECT,,UNVERIFIED,,,,
0x00803650,,,FUN_00803650,,UNKNOWN,UNKNOWN,,,INDIRECT,,UNVERIFIED,,,,
0x00803d70,,,FUN_00803d70,,UNKNOWN,UNKNOWN,,,INDIRECT,,UNVERIFIED,,,,
0x00803e00,,setup.cpp,FUN_00803e00,startup setup (CM3_QSTART/-seed),startup,UNKNOWN,crates/cm-app/src/main.rs;crates/cm-domain/src/screen_batch19.rs,,NO,IMPLEMENTATION_ONLY,UNVERIFIED,rust:crates/cm-app/src/main.rs,"verified-execution-model reference report; reads seed arg, calls RNG init; not ported",,
0x00804020,,,,title screen setup,screens,PORTED_BEHAVIOURAL,crates/cm-render/src/screens_auto.rs,build_screen_804020,INDIRECT,UI_RENDERING,STRUCTURALLY_VERIFIED,memory:screen-builders-ported.md,not pixel-verified,,
0x008053d0,,setup.cpp,FUN_008053d0,Select Leagues screen,screens,UNKNOWN,crates/cm-domain/src/lib.rs;crates/cm-domain/src/menu.rs;crates/cm-domain/src/screen_batch8.rs;crates/cm-domain/src/sidebar_dispatcher.rs;crates/cm-render/src/view_render.rs;crates/cm-ui-app/src/main.rs;crates/cm-ui-app/src/screens.rs,,NO,PLAYER_VISIBLE,UNVERIFIED,memory:start-new-game-flow.md,drives foreground competitions; reference,,
0x008055e0,,,,,GUI,UNKNOWN,crates/cm-render/src/screen_pre_boot.rs;crates/cm-ui-app/src/game_state.rs;crates/cm-ui-app/src/screens.rs;crates/cm-widget/src/lib.rs,,INDIRECT,,UNVERIFIED,,,,
0x00806640,,setup.cpp,,league picker tier bitfield,nation,PORTED_BEHAVIOURAL,crates/cm-domain/src/lib.rs,LeagueTier;build_nation_tiers,YES,SIMULATION_RELEVANT,BEHAVIOURALLY_EXACT,memory:league-tier-model.md,nation+0x11c 3-state; whole world resident; manageable=Foreground,,
0x008070a3,,,,,,PORTED_BEHAVIOURAL,crates/cm-ui-app/src/main.rs,,YES,SIMULATION_RELEVANT,UNVERIFIED,,,,
0x00807280,,,,Select Start Season screen,screens,UNKNOWN,crates/cm-domain/src/lib.rs;crates/cm-render/src/screen_pre_boot.rs;crates/cm-ui-app/src/game_state.rs;crates/cm-ui-app/src/screens.rs;crates/cm-widget/src/lib.rs,,NO,PLAYER_VISIBLE,UNVERIFIED,memory:start-new-game-flow.md,start_year source; reference,,
0x008077e0,,,FUN_008077e0,,GUI,UNKNOWN,,,INDIRECT,,UNVERIFIED,,,,
0x00808a70,,,FUN_00808a70,per-seat hotseat processing,tick,NOT_YET_PORTED,crates/cm-domain/src/lib.rs,,NO,SIMULATION_RELEVANT,HYPOTHESIS,rust:crates/cm-domain/src/lib.rs,multi-human hotseat; documented stub,,
0x00808ae0,,setup.cpp,,title screen setup,screens,PORTED_BEHAVIOURAL,crates/cm-render/src/screens_auto.rs,build_screen_808ae0,INDIRECT,UI_RENDERING,STRUCTURALLY_VERIFIED,memory:screen-builders-ported.md,not pixel-verified,,
0x00809ad0,,setup.cpp,FUN_00809ad0,create manager person+seat,manager,PORTED_BEHAVIOURAL,crates/cm-domain/src/manager_creation.rs,create_manager,YES,PLAYER_VISIBLE,BEHAVIOURALLY_EXACT,memory:manager-creation-flow.md,single-human; multi-human resign/sack/switch NOT_YET_PORTED,,
0x00809cc0,,,,Enter Name screen,manager,PORTED_BEHAVIOURAL,crates/cm-domain/src/manager_creation.rs,ManagerNameEntryView,YES,PLAYER_VISIBLE,BEHAVIOURALLY_EXACT,memory:manager-creation-flow.md,4 fields; non-empty + password==retype,,
0x0080a450,,,,,GUI,PORTED_BEHAVIOURAL,crates/cm-render/src/screen_name_faithful.rs;crates/cm-render/src/screen_pre_boot.rs;crates/cm-ui-app/src/game_state.rs,,YES,SIMULATION_RELEVANT,UNVERIFIED,,,,
0x0080a880,,setup.cpp,,Select Nationality screen,manager,PORTED_BEHAVIOURAL,crates/cm-domain/src/manager_creation.rs,ManagerNationalitySelectView,YES,PLAYER_VISIBLE,BEHAVIOURALLY_EXACT,memory:manager-creation-flow.md,nation+0x71!=0; Major-Nations vs All filter,,
0x0080b2b0,,setup.cpp,,Select Team screen,manager,PORTED_BEHAVIOURAL,crates/cm-domain/src/manager_creation.rs,ManagerClubSelectView,YES,PLAYER_VISIBLE,BEHAVIOURALLY_EXACT,memory:manager-creation-flow.md,club+0x53==nation AND pickable; alpha-sorted,,
0x0080ba60,,,FUN_0080ba60,,GUI,UNKNOWN,,,INDIRECT,,UNVERIFIED,,,,
0x0080bbd0,,,FUN_0080bbd0,,GUI,PORTED_BEHAVIOURAL,crates/cm-domain/src/human_manager.rs;crates/cm-domain/src/screen_batch20.rs;crates/cm-render/src/dispatcher_club_toolbar.rs,,YES,SIMULATION_RELEVANT,UNVERIFIED,,,,
0x0080cc20,,,FUN_0080cc20,,GUI,PORTED_BEHAVIOURAL,crates/cm-domain/src/screen_batch20.rs,,YES,SIMULATION_RELEVANT,UNVERIFIED,,,,
0x0080fac0,,,FUN_0080fac0,,GUI,UNKNOWN,crates/cm-domain/src/menu.rs;crates/cm-domain/src/screen_batch8.rs;crates/cm-domain/src/sidebar_dispatcher.rs;crates/cm-render/src/dispatcher.rs;crates/cm-render/src/view_render.rs,,INDIRECT,,UNVERIFIED,,,,
0x0080fb10,,,FUN_0080fb10,,GUI,UNKNOWN,,,INDIRECT,,UNVERIFIED,,,,
0x008109c0,,,FUN_008109c0,,GUI,PORTED_BEHAVIOURAL,crates/cm-domain/src/screen_batch20.rs,,YES,SIMULATION_RELEVANT,UNVERIFIED,,,,
0x00810ca0,,,FUN_00810ca0,,GUI,PORTED_BEHAVIOURAL,crates/cm-domain/src/screen_batch20.rs;crates/cm-render/src/dispatcher.rs,,YES,SIMULATION_RELEVANT,UNVERIFIED,,,,
0x00810ce0,,,,title/splash screen setup,screens,PORTED_BEHAVIOURAL,crates/cm-render/src/screens_auto.rs,build_screen_810ce0,INDIRECT,UI_RENDERING,STRUCTURALLY_VERIFIED,memory:screen-builders-ported.md,not pixel-verified,,
0x00810f50,,setup.cpp,FUN_00810f50,install human manager at club,manager,PORTED_BEHAVIOURAL,crates/cm-domain/src/manager_creation.rs,create_manager,YES,SIMULATION_RELEVANT,BEHAVIOURALLY_EXACT,memory:manager-creation-flow.md,sacks AI incumbent; wage=attendance/10+3000; rep=20,,
0x00811140,,setup.cpp,FUN_00811140,start-game manageable gate + club-picker loop,manager,PORTED_BEHAVIOURAL,crates/cm-domain/src/lib.rs,,YES,SIMULATION_RELEVANT,STRUCTURALLY_VERIFIED,memory:manager-creation-flow.md,verified start gate + picker loop; drives pickable/manageable logic (impl in manager_creation.rs club_is_pickable),,
0x00811d80,,setup.cpp,FUN_00811d80,,GUI,PORTED_BEHAVIOURAL,crates/cm-domain/src/screen_batch8.rs,,YES,SIMULATION_RELEVANT,UNVERIFIED,,,,
0x008120d0,,,FUN_008120d0,init_game_data_boot_pass,player-init,PORTED_BEHAVIOURAL,crates/cm-domain/src/lib.rs,World::boot_player_init_states;World::run_start_game_init;World::assign_squad_numbers,YES,SIMULATION_RELEVANT,STRUCTURALLY_VERIFIED,memory:start-new-game-flow.md,"drives FUN_0051f5d0 per person; 109940 seeded, 4361 flexible PA resolved | Initialising-game-data pass: player_init then squad numbers (FUN_00842f40) then contract_init | MULTI-ROLE: PORTED_BEHAVIOURAL=init_game_data_boot_pass; PORTED_BEHAVIOURAL=post_league_selection_init_pass",,
0x00814870,,setup.cpp,FUN_00814870,load_game_data loader,save-load,REPLACED_BY_RUST,crates/cm-ui-app/src/save_load.rs,load_game,YES,PERSISTENCE_RELEVANT,STRUCTURALLY_VERIFIED,memory/save-load-status.md,streaming from_reader; re-registers English pyramid on legacy saves,,
0x00818060,,setup.cpp,FUN_00818060,save_game_data orchestrator,save-load,REPLACED_BY_RUST,crates/cm-ui-app/src/save_load.rs,save_game,YES,PERSISTENCE_RELEVANT,STRUCTURALLY_VERIFIED,memory/save-load-status.md,~35-saver orchestrator replaced by serde JSON slot; NOT .sav binary compat; golden round-trip byte-identical for Rust format,,
0x00819a40,,,FUN_00819a40,,GUI,UNKNOWN,,,INDIRECT,,UNVERIFIED,,,,
0x0081a020,,,FUN_0081a020,,UNKNOWN,PORTED_BEHAVIOURAL,crates/cm-domain/src/league_calendar.rs,,YES,SIMULATION_RELEVANT,UNVERIFIED,,,,
0x00821e90,,setup.cpp,FUN_00821e90,compid->loaded-league table,nation,REPLACED_BY_RUST,crates/cm-domain/src/lib.rs,competition_ids_for_nations,YES,SIMULATION_RELEVANT,STRUCTURALLY_VERIFIED,memory:league-dates-and-comp-wiring.md,derive comp membership from club+0x57/0x5b/0x60; same observable set,,
0x00821f80,,,FUN_00821f80,,GUI,UNKNOWN,,,INDIRECT,,UNVERIFIED,,,,
0x00822080,,setup.cpp,FUN_00822080,,GUI,UNKNOWN,,,INDIRECT,,UNVERIFIED,,,,
0x00822400,,setup.cpp,FUN_00822400,,GUI,NOT_YET_PORTED,,,NO,SIMULATION_RELEVANT,UNVERIFIED,,,,
0x008224b0,,setup.cpp,FUN_008224b0,,GUI,UNKNOWN,crates/cm-render/src/dispatcher.rs,,INDIRECT,,UNVERIFIED,,,,
0x00822580,,,FUN_00822580,,GUI,PORTED_BEHAVIOURAL,crates/cm-domain/src/screen_batch9.rs;crates/cm-render/src/dispatcher.rs;crates/cm-render/src/dispatcher_club_toolbar.rs,,YES,SIMULATION_RELEVANT,UNVERIFIED,,,,
0x008226f0,,,FUN_008226f0,,UNKNOWN,UNKNOWN,,,INDIRECT,,UNVERIFIED,,,,
0x00822920,,,FUN_00822920,,GUI,PORTED_BEHAVIOURAL,crates/cm-render/src/dispatcher.rs,,YES,SIMULATION_RELEVANT,UNVERIFIED,,,,
0x00822940,,,FUN_00822940,,GUI,PORTED_BEHAVIOURAL,crates/cm-domain/src/menu.rs;crates/cm-render/src/dispatcher.rs;crates/cm-render/src/screen_wire_batch3.rs,,YES,SIMULATION_RELEVANT,UNVERIFIED,,,,
0x00822960,,setup.cpp,FUN_00822960,,GUI,NOT_YET_PORTED,,,NO,SIMULATION_RELEVANT,UNVERIFIED,,,,
0x00822b10,,setup.cpp,FUN_00822b10,,GUI,UNKNOWN,,,INDIRECT,,UNVERIFIED,,,,
0x00822cd0,,,FUN_00822cd0,,UNKNOWN,UNKNOWN,,,INDIRECT,,UNVERIFIED,,,,
0x00822e30,,shortlist_manager.cpp,FUN_00822e30,,GUI,UNKNOWN,,,INDIRECT,,UNVERIFIED,,,,
0x00823140,,,FUN_00823140,,UNKNOWN,UNKNOWN,,,INDIRECT,,UNVERIFIED,,,,
0x00823210,,shortlist_manager.cpp,FUN_00823210,monthly hook (date%30),tick,NOT_YET_PORTED,crates/cm-domain/src/lib.rs,,NO,SIMULATION_RELEVANT,HYPOTHESIS,rust:crates/cm-domain/src/lib.rs,step 10g; named stub,,
0x00823560,,,FUN_00823560,,GUI,UNKNOWN,,,INDIRECT,,UNVERIFIED,,,,
0x00823a80,,,FUN_00823a80,,GUI,UNKNOWN,,,INDIRECT,,UNVERIFIED,,,,
0x00823ad0,,,FUN_00823ad0,media/board mood pass A,tick,NOT_YET_PORTED,crates/cm-domain/src/lib.rs,,NO,SIMULATION_RELEVANT,HYPOTHESIS,rust:crates/cm-domain/src/lib.rs,step 10h; named stub,,
0x00823d20,,shortlist_manager.cpp,FUN_00823d20,,GUI,UNKNOWN,,,INDIRECT,,UNVERIFIED,,,,
0x008246b0,,,FUN_008246b0,,UNKNOWN,UNKNOWN,,,INDIRECT,,UNVERIFIED,,,,
0x008246c0,,shortlist_manager.cpp,FUN_008246c0,,GUI,UNKNOWN,,,INDIRECT,,UNVERIFIED,,,,
0x00824a30,,,FUN_00824a30,,GUI,UNKNOWN,,,INDIRECT,,UNVERIFIED,,,,
0x00825050,,,FUN_00825050,,UNKNOWN,UNKNOWN,,,INDIRECT,,UNVERIFIED,,,,
0x00825290,,,FUN_00825290,,GUI,UNKNOWN,,,INDIRECT,,UNVERIFIED,,,,
0x008253e0,,,FUN_008253e0,,UNKNOWN,UNKNOWN,,,INDIRECT,,UNVERIFIED,,,,
0x00825e90,,,FUN_00825e90,,GUI,UNKNOWN,,,INDIRECT,,UNVERIFIED,,,,
0x008286f0,,,FUN_008286f0,scout throttle + bucket + work-permit,transfers,PORTED_EXACT,crates/cm-domain/src/transfer.rs,scout_throttle;scout_bucket_range;foreign_player_permit,INDIRECT,SIMULATION_RELEVANT,STRUCTURALLY_VERIFIED,memory:scouting-and-transfers-status.md,throttle :121-161; permit rep thresholds 2749/4249 verified,,
0x0082a0b0,,,FUN_0082a0b0,,GUI,PORTED_BEHAVIOURAL,crates/cm-domain/src/transfer.rs,,YES,SIMULATION_RELEVANT,UNVERIFIED,,,,
0x0082b3b0,,,FUN_0082b3b0,,GUI,UNKNOWN,,,INDIRECT,,UNVERIFIED,,,,
0x0082b410,,,FUN_0082b410,,GUI,UNKNOWN,,,INDIRECT,,UNVERIFIED,,,,
0x0082b4b0,,,FUN_0082b4b0,,GUI,UNKNOWN,,,INDIRECT,,UNVERIFIED,,,,
0x0082b650,,,FUN_0082b650,,GUI,UNKNOWN,,,INDIRECT,,UNVERIFIED,,,,
0x0082b720,,shortlist_manager.cpp,FUN_0082b720,,GUI,UNKNOWN,,,INDIRECT,,UNVERIFIED,,,,
0x0082ba70,,,FUN_0082ba70,,GUI,UNKNOWN,,,INDIRECT,,UNVERIFIED,,,,
0x0082be30,,,FUN_0082be30,,GUI,UNKNOWN,,,INDIRECT,,UNVERIFIED,,,,
0x0082bf30,,,FUN_0082bf30,,GUI,UNKNOWN,,,INDIRECT,,UNVERIFIED,,,,
0x0082c140,,,FUN_0082c140,,GUI,UNKNOWN,,,INDIRECT,,UNVERIFIED,,,,
0x0082cb30,,,FUN_0082cb30,,GUI,UNKNOWN,,,INDIRECT,,UNVERIFIED,,,,
0x0082d140,,,FUN_0082d140,,GUI,UNKNOWN,,,INDIRECT,,UNVERIFIED,,,,
0x0082d5b0,,,FUN_0082d5b0,,GUI,UNKNOWN,,,INDIRECT,,UNVERIFIED,,,,
0x0082d5e0,,,FUN_0082d5e0,,GUI,UNKNOWN,,,INDIRECT,,UNVERIFIED,,,,
0x0082d600,,,FUN_0082d600,,GUI,UNKNOWN,,,INDIRECT,,UNVERIFIED,,,,
0x0082d630,,shortlist_manager.cpp,FUN_0082d630,,GUI,NOT_YET_PORTED,,,NO,SIMULATION_RELEVANT,UNVERIFIED,,,,
0x0082d870,,,FUN_0082d870,,GUI,UNKNOWN,,,INDIRECT,,UNVERIFIED,,,,
0x0082d990,,,FUN_0082d990,,GUI,UNKNOWN,,,INDIRECT,,UNVERIFIED,,,,
0x0082dab0,,,FUN_0082dab0,mentor-loyalty bypass allowlist,transfers,PORTED_EXACT,crates/cm-domain/src/transfer.rs,mentor_loyalty_bypass,INDIRECT,SIMULATION_RELEVANT,STRUCTURALLY_VERIFIED,rust:transfer.rs,strcmp allowlist Gradi/Nevin/Keegan case-insensitive,,
0x0082fc50,,,FUN_0082fc50,,GUI,PORTED_BEHAVIOURAL,crates/cm-domain/src/transfer.rs,,YES,SIMULATION_RELEVANT,UNVERIFIED,,,,
0x00832ed0,,,FUN_00832ed0,,GUI,UNKNOWN,,,INDIRECT,,UNVERIFIED,,,,
0x00832f50,,,FUN_00832f50,,GUI,UNKNOWN,,,INDIRECT,,UNVERIFIED,,,,
0x008330f0,,,FUN_008330f0,,GUI,UNKNOWN,,,INDIRECT,,UNVERIFIED,,,,
0x00833210,,,FUN_00833210,,GUI,PORTED_BEHAVIOURAL,crates/cm-domain/src/transfer.rs,,YES,SIMULATION_RELEVANT,UNVERIFIED,,,,
0x00833d80,,,FUN_00833d80,,,UNKNOWN,,,INDIRECT,,UNVERIFIED,,,,
0x00834050,,,FUN_00834050,,GUI,UNKNOWN,,,INDIRECT,,UNVERIFIED,,,,
0x008340a0,,,FUN_008340a0,,GUI,UNKNOWN,,,INDIRECT,,UNVERIFIED,,,,
0x00834320,,,FUN_00834320,,GUI,UNKNOWN,,,INDIRECT,,UNVERIFIED,,,,
0x00834390,,,FUN_00834390,,UNKNOWN,UNKNOWN,,,INDIRECT,,UNVERIFIED,,,,
0x008343d0,,,FUN_008343d0,,UNKNOWN,UNKNOWN,,,INDIRECT,,UNVERIFIED,,,,
0x008344d0,,shortlist_manager.cpp,FUN_008344d0,,GUI,UNKNOWN,,,INDIRECT,,UNVERIFIED,,,,
0x00834670,,shortlist_manager.cpp,FUN_00834670,,GUI,NOT_YET_PORTED,,,NO,SIMULATION_RELEVANT,UNVERIFIED,,,,
0x00834720,,,FUN_00834720,,GUI,UNKNOWN,,,INDIRECT,,UNVERIFIED,,,,
0x00834890,,,FUN_00834890,,GUI,UNKNOWN,,,INDIRECT,,UNVERIFIED,,,,
0x00834a50,,,FUN_00834a50,,,UNKNOWN,,,INDIRECT,,UNVERIFIED,,,,
0x00834ae0,,simulated_stats.cpp,FUN_00834ae0,,RESOURCE,UNKNOWN,,,INDIRECT,,UNVERIFIED,,,,
0x00834fb0,,,FUN_00834fb0,,UNKNOWN,UNKNOWN,,,INDIRECT,,UNVERIFIED,,,,
0x00834fc0,,simulated_stats.cpp,FUN_00834fc0,non-engine competition advance,match-engine,NOT_YET_PORTED,crates/cm-domain/src/lib.rs,,NO,SIMULATION_RELEVANT,HYPOTHESIS,memory:league-tier-model.md,Tier-1 NotSimulated advance path; not through engine; not ported,,
0x008356b0,,simulated_stats.cpp,FUN_008356b0,,GUI,UNKNOWN,,,INDIRECT,,UNVERIFIED,,,,
0x00835820,,simulated_stats.cpp,FUN_00835820,,GUI,OUT_OF_SCOPE,,,NO,SIMULATION_RELEVANT,UNVERIFIED,,,,
0x00835990,,,FUN_00835990,,UNKNOWN,UNKNOWN,,,INDIRECT,,UNVERIFIED,,,,
0x008359d0,,,FUN_008359d0,,GUI,UNKNOWN,,,INDIRECT,,UNVERIFIED,,,,
0x00835c20,,,FUN_00835c20,,UNKNOWN,UNKNOWN,,,INDIRECT,,UNVERIFIED,,,,
0x00835c90,,,FUN_00835c90,,UNKNOWN,UNKNOWN,,,INDIRECT,,UNVERIFIED,,,,
0x00835cb0,,,FUN_00835cb0,,SOUND,UNKNOWN,,,INDIRECT,,UNVERIFIED,,,,
0x00835d10,,,FUN_00835d10,,GUI,UNKNOWN,,,INDIRECT,,UNVERIFIED,,,,
0x00835d60,,,FUN_00835d60,,SOUND,UNKNOWN,,,INDIRECT,,UNVERIFIED,,,,
0x00835e20,,,FUN_00835e20,,UNKNOWN,UNKNOWN,,,INDIRECT,,UNVERIFIED,,,,
0x00835e60,,,FUN_00835e60,,UNKNOWN,UNKNOWN,,,INDIRECT,,UNVERIFIED,,,,
0x00835eb0,,,FUN_00835eb0,,SOUND,UNKNOWN,,,INDIRECT,,UNVERIFIED,,,,
0x008360a0,,,FUN_008360a0,,UNKNOWN,UNKNOWN,,,INDIRECT,,UNVERIFIED,,,,
0x008360f0,,comp/cups/spa_cup.cpp,FUN_008360f0,,GUI,UNKNOWN,,,INDIRECT,,UNVERIFIED,,,,
0x008362d0,,,FUN_008362d0,,UNKNOWN,UNKNOWN,,,INDIRECT,,UNVERIFIED,,,,
0x008362f0,,,FUN_008362f0,,UNKNOWN,UNKNOWN,,,INDIRECT,,UNVERIFIED,,,,
0x008363c0,,comp/cups/spa_cup.cpp,FUN_008363c0,,GUI,UNKNOWN,,,INDIRECT,,UNVERIFIED,,,,
0x00836ab0,,comp/cups/spa_cup.cpp,FUN_00836ab0,,GUI,UNKNOWN,,,INDIRECT,,UNVERIFIED,,,,
0x008372d0,,comp/leagues/spa_first.cpp,FUN_008372d0,,GUI,UNKNOWN,,,INDIRECT,,UNVERIFIED,,,,
0x00837530,,,FUN_00837530,,UNKNOWN,UNKNOWN,,,INDIRECT,,UNVERIFIED,,,,
0x00837550,,,FUN_00837550,,GUI,UNKNOWN,,,INDIRECT,,UNVERIFIED,,,,
0x00838e10,,comp/leagues/spa_first.cpp,FUN_00838e10,,GUI,UNKNOWN,,,INDIRECT,,UNVERIFIED,,,,
0x00838f90,,,FUN_00838f90,,UNKNOWN,UNKNOWN,,,INDIRECT,,UNVERIFIED,,,,
0x00839260,,,FUN_00839260,,GUI,UNKNOWN,,,INDIRECT,,UNVERIFIED,,,,
0x008394a0,,comp/leagues/spa_first.cpp,FUN_008394a0,,GUI,UNKNOWN,,,INDIRECT,,UNVERIFIED,,,,
0x008396d0,,comp/leagues/spa_first.cpp,FUN_008396d0,,GUI,UNKNOWN,,,INDIRECT,,UNVERIFIED,,,,
0x00839a60,,,FUN_00839a60,,UNKNOWN,UNKNOWN,,,INDIRECT,,UNVERIFIED,,,,
0x00839b10,,comp/leagues/spa_first.cpp,FUN_00839b10,,GUI,UNKNOWN,,,INDIRECT,,UNVERIFIED,,,,
0x0083a1c0,,comp/leagues/spa_lower.cpp,FUN_0083a1c0,,GUI,UNKNOWN,,,INDIRECT,,UNVERIFIED,,,,
0x0083a330,,,FUN_0083a330,,UNKNOWN,UNKNOWN,,,INDIRECT,,UNVERIFIED,,,,
0x0083a350,,,FUN_0083a350,,UNKNOWN,UNKNOWN,,,INDIRECT,,UNVERIFIED,,,,
0x0083c570,,comp/leagues/spa_lower.cpp,FUN_0083c570,,GUI,UNKNOWN,,,INDIRECT,,UNVERIFIED,,,,
0x0083c930,,,FUN_0083c930,,UNKNOWN,UNKNOWN,,,INDIRECT,,UNVERIFIED,,,,
0x0083cb40,,comp/leagues/spa_second.cpp,FUN_0083cb40,,GUI,UNKNOWN,,,INDIRECT,,UNVERIFIED,,,,
0x0083cd50,,,FUN_0083cd50,,UNKNOWN,UNKNOWN,,,INDIRECT,,UNVERIFIED,,,,
0x0083cd70,,,FUN_0083cd70,,GUI,UNKNOWN,,,INDIRECT,,UNVERIFIED,,,,
0x0083ece0,,,FUN_0083ece0,,,UNKNOWN,,,INDIRECT,,UNVERIFIED,,,,
0x0083ee60,,,FUN_0083ee60,,UNKNOWN,UNKNOWN,,,INDIRECT,,UNVERIFIED,,,,
0x0083f0e0,,comp/leagues/spa_second_b.cpp,FUN_0083f0e0,,GUI,UNKNOWN,,,INDIRECT,,UNVERIFIED,,,,
0x0083f320,,,FUN_0083f320,,UNKNOWN,UNKNOWN,,,INDIRECT,,UNVERIFIED,,,,
0x0083f340,,,FUN_0083f340,,GUI,UNKNOWN,,,INDIRECT,,UNVERIFIED,,,,
0x0083fe70,,comp/leagues/spa_second_b.cpp,FUN_0083fe70,,GUI,UNKNOWN,,,INDIRECT,,UNVERIFIED,,,,
0x00840090,,,FUN_00840090,,UNKNOWN,UNKNOWN,,,INDIRECT,,UNVERIFIED,,,,
0x008403b0,,comp/leagues/spa_second_b.cpp,FUN_008403b0,,GUI,UNKNOWN,,,INDIRECT,,UNVERIFIED,,,,
0x00840710,,comp/leagues/spa_second_b.cpp,FUN_00840710,,GUI,UNKNOWN,,,INDIRECT,,UNVERIFIED,,,,
0x00840a00,,comp/leagues/spa_second_b.cpp,FUN_00840a00,,GUI,UNKNOWN,,,INDIRECT,,UNVERIFIED,,,,
0x00840ba0,,comp/leagues/spa_second_b.cpp,FUN_00840ba0,,GUI,UNKNOWN,,,INDIRECT,,UNVERIFIED,,,,
0x00841300,,,FUN_00841300,,UNKNOWN,UNKNOWN,,,INDIRECT,,UNVERIFIED,,,,
0x00841490,,comp/leagues/spa_second_b.cpp,FUN_00841490,,GUI,UNKNOWN,,,INDIRECT,,UNVERIFIED,,,,
0x00841850,,comp/cups/spa_super.cpp,FUN_00841850,,GUI,UNKNOWN,,,INDIRECT,,UNVERIFIED,,,,
0x00841a10,,,FUN_00841a10,,UNKNOWN,UNKNOWN,,,INDIRECT,,UNVERIFIED,,,,
0x00841a30,,,FUN_00841a30,,UNKNOWN,UNKNOWN,,,INDIRECT,,UNVERIFIED,,,,
0x00841b00,,comp/cups/spa_super.cpp,FUN_00841b00,,GUI,UNKNOWN,,,INDIRECT,,UNVERIFIED,,,,
0x00841c40,,comp/cups/spa_super.cpp,FUN_00841c40,,GUI,UNKNOWN,,,INDIRECT,,UNVERIFIED,,,,
0x00842010,,,FUN_00842010,,GUI,UNKNOWN,,,INDIRECT,,UNVERIFIED,,,,
0x008420a0,,award/spain_awards.cpp,FUN_008420a0,,GUI,UNKNOWN,,,INDIRECT,,UNVERIFIED,,,,
0x00842430,,,FUN_00842430,,GUI,UNKNOWN,,,INDIRECT,,UNVERIFIED,,,,
0x00842570,,,FUN_00842570,,GUI,UNKNOWN,,,INDIRECT,,UNVERIFIED,,,,
0x008425e0,,transfer/spain_rules.cpp,FUN_008425e0,,GUI,UNKNOWN,,,INDIRECT,,UNVERIFIED,,,,
0x00842bc0,,,FUN_00842bc0,,RESOURCE,UNKNOWN,,,INDIRECT,,UNVERIFIED,,,,
0x00842ce0,,comp/squad_manager.cpp,FUN_00842ce0,,GUI,UNKNOWN,,,INDIRECT,,UNVERIFIED,,,,
0x00842de0,,comp/squad_manager.cpp,FUN_00842de0,,GUI,NOT_YET_PORTED,,,NO,SIMULATION_RELEVANT,UNVERIFIED,,,,
0x00842ee0,,,FUN_00842ee0,,UNKNOWN,UNKNOWN,,,INDIRECT,,UNVERIFIED,,,,
0x00842f40,,,FUN_00842f40,squad-number assignment pass,db-load,PORTED_BEHAVIOURAL,crates/cm-domain/src/lib.rs,World::assign_squad_numbers,YES,PLAYER_VISIBLE,STRUCTURALLY_VERIFIED,memory:start-new-game-flow.md,boot pass after player_init; shirt-1 preference via FUN_00843590; position-ordered,,
0x00843100,,,FUN_00843100,,GUI,PORTED_BEHAVIOURAL,crates/cm-domain/src/transfer.rs,,YES,SIMULATION_RELEVANT,UNVERIFIED,,,,
0x00843590,,,FUN_00843590,position-candidate placement tree,transfers,PORTED_EXACT,crates/cm-domain/src/transfer.rs,,INDIRECT,SIMULATION_RELEVANT,STRUCTURALLY_VERIFIED,rust:transfer.rs,type10 aptitude offsets verified; 5 branches / 4 slot-code emissions,,
0x00843880,,,FUN_00843880,,GUI,PORTED_BEHAVIOURAL,crates/cm-domain/src/contract_init.rs;crates/cm-domain/src/screen_batch11.rs;crates/cm-domain/src/transfer.rs,,YES,SIMULATION_RELEVANT,UNVERIFIED,,,,
0x00843970,,comp/squad_manager.cpp,FUN_00843970,squad_position_code_write,db-load,PORTED_BEHAVIOURAL,crates/cm-domain/src/c15_1_world_apply.rs,write_squad_position,YES,SIMULATION_RELEVANT,STRUCTURALLY_VERIFIED,rust:c15_1_world_apply.rs,"range gate [-50,50]->primary index write; nation-fallback identity deferred",,
0x00843ad0,,,FUN_00843ad0,,GUI,UNKNOWN,,,INDIRECT,,UNVERIFIED,,,,
0x00843c00,,,FUN_00843c00,,GUI,UNKNOWN,,,INDIRECT,,UNVERIFIED,,,,
0x00843ef0,,comp/squad_manager.cpp,FUN_00843ef0,,GUI,PORTED_BEHAVIOURAL,crates/cm-domain/src/c13_promotion_apply.rs;crates/cm-domain/src/c14_5_squad_manager.rs;crates/cm-domain/src/screen_batch11.rs,,YES,SIMULATION_RELEVANT,UNVERIFIED,,,,
0x00843fe0,,,FUN_00843fe0,,GUI,UNKNOWN,,,INDIRECT,,UNVERIFIED,,,,
0x00844060,,,FUN_00844060,,GUI,UNKNOWN,,,INDIRECT,,UNVERIFIED,,,,
0x00844140,,,FUN_00844140,,GUI,UNKNOWN,,,INDIRECT,,UNVERIFIED,,,,
0x008442b0,,,FUN_008442b0,,GUI,UNKNOWN,,,INDIRECT,,UNVERIFIED,,,,
0x00844790,,,FUN_00844790,,RESOURCE,UNKNOWN,,,INDIRECT,,UNVERIFIED,,,,
0x00844910,,,FUN_00844910,,UNKNOWN,UNKNOWN,,,INDIRECT,,UNVERIFIED,,,,
0x00844940,,,FUN_00844940,manager-job lifecycle B,tick,NOT_YET_PORTED,crates/cm-domain/src/lib.rs,,NO,SIMULATION_RELEVANT,HYPOTHESIS,rust:crates/cm-domain/src/lib.rs,step 10i; named stub,,
0x00844b60,,comp/stadium.cpp,FUN_00844b60,,GUI,UNKNOWN,,,INDIRECT,,UNVERIFIED,,,,
0x00844fc0,,comp/stadium.cpp,FUN_00844fc0,,GUI,UNKNOWN,,,INDIRECT,,UNVERIFIED,,,,
0x00845380,,comp/stadium.cpp,FUN_00845380,,GUI,UNKNOWN,,,INDIRECT,,UNVERIFIED,,,,
0x00845920,,,FUN_00845920,,GUI,UNKNOWN,,,INDIRECT,,UNVERIFIED,,,,
0x00845cc0,,,FUN_00845cc0,attendance + pitch modifiers,match-engine,PORTED_PARTIAL,crates/cm-domain/src/match_engine_exe.rs,combine_attendance,YES,PLAYER_VISIBLE,PARTIAL,rust:match_engine_exe.rs,reputation/comp/pitch + attendance composition ported; not all sub_type branches,,
0x008469c0,,,FUN_008469c0,,UNKNOWN,UNKNOWN,,,INDIRECT,,UNVERIFIED,,,,
0x00846b20,,,FUN_00846b20,,GUI,UNKNOWN,,,INDIRECT,,UNVERIFIED,,,,
0x00846ed0,,,FUN_00846ed0,,GUI,UNKNOWN,,,INDIRECT,,UNVERIFIED,,,,
0x00846f40,,comp/stadium.cpp,FUN_00846f40,,GUI,UNKNOWN,,,INDIRECT,,UNVERIFIED,,,,
0x008470e0,,comp/stadium.cpp,FUN_008470e0,,GUI,PORTED_BEHAVIOURAL,crates/cm-app/src/main.rs,,YES,SIMULATION_RELEVANT,UNVERIFIED,,,,
0x00847410,,,FUN_00847410,,UNKNOWN,UNKNOWN,,,INDIRECT,,UNVERIFIED,,,,
0x008474a0,,,FUN_008474a0,,UNKNOWN,UNKNOWN,,,INDIRECT,,UNVERIFIED,,,,
0x00847530,,,FUN_00847530,,GUI,UNKNOWN,,,INDIRECT,,UNVERIFIED,,,,
0x008475a0,,,FUN_008475a0,,GUI,UNKNOWN,,,INDIRECT,,UNVERIFIED,,,,
0x008476b0,,staff_contracts.cpp,FUN_008476b0,,GUI,UNKNOWN,,,INDIRECT,,UNVERIFIED,,,,
0x00847870,,,FUN_00847870,,GUI,UNKNOWN,,,INDIRECT,,UNVERIFIED,,,,
0x00847a10,,,FUN_00847a10,,GUI,UNKNOWN,,,INDIRECT,,UNVERIFIED,,,,
0x00847a80,,,FUN_00847a80,per-person release-clause roll,contracts,PORTED_PARTIAL,crates/cm-domain/src/contract_init.rs,roll_clauses,YES,SIMULATION_RELEVANT,BEHAVIOURALLY_EXACT,memory:contract-clauses-generated-at-boot.md,rep/class gates verbatim; 3 FUN_008fc4f0(0x14) RNG draws replaced by staff_id hash -> rate-exact not stream-exact,,
0x008488f0,,,FUN_008488f0,,UNKNOWN,UNKNOWN,,,INDIRECT,,UNVERIFIED,,,,
0x00848920,,,FUN_00848920,,UNKNOWN,UNKNOWN,,,INDIRECT,,UNVERIFIED,,,,
0x00848930,,,FUN_00848930,,UNKNOWN,UNKNOWN,,,INDIRECT,,UNVERIFIED,,,,
0x00848940,,,FUN_00848940,,UNKNOWN,UNKNOWN,,,INDIRECT,,UNVERIFIED,,,,
0x00848950,,,FUN_00848950,,UNKNOWN,UNKNOWN,,,INDIRECT,,UNVERIFIED,,,,
0x00848980,,,FUN_00848980,,GUI,PORTED_BEHAVIOURAL,crates/cm-domain/src/transfer.rs,,YES,SIMULATION_RELEVANT,UNVERIFIED,,,,
0x00848a90,,,FUN_00848a90,,UNKNOWN,UNKNOWN,,,INDIRECT,,UNVERIFIED,,,,
0x00848b40,,,FUN_00848b40,,UNKNOWN,UNKNOWN,,,INDIRECT,,UNVERIFIED,,,,
0x00848b50,,,FUN_00848b50,,GUI,UNKNOWN,,,INDIRECT,,UNVERIFIED,,,,
0x00848b70,,,FUN_00848b70,,GUI,UNKNOWN,,,INDIRECT,,UNVERIFIED,,,,
0x00848b80,,,FUN_00848b80,,GUI,UNKNOWN,,,INDIRECT,,UNVERIFIED,,,,
0x00848da0,,staff_contracts.cpp,FUN_00848da0,canonical contract/offer composer,transfers,PORTED_PARTIAL,crates/cm-domain/src/transfer.rs,compose_wage_offer,INDIRECT,SIMULATION_RELEVANT,PARTIAL,memory:scouting-and-transfers-status.md,ported from raw asm; 3-tier rep cascade; floor/ceil/sign-on honoured; interior FPU approximated; LOAN branch OPEN | 10.8KB composer; AI sees full CA/PA (fog human-only); asm recovered | MULTI-ROLE: PORTED_PARTIAL=canonical contract/offer composer; NOT_YET_PORTED=transfer/offer composer (visibility boundary),,
0x0084b830,,,FUN_0084b830,,GUI,UNKNOWN,,,INDIRECT,,UNVERIFIED,,,,
0x0084b870,,,FUN_0084b870,staff-contract wage floor/cap,finance,PORTED_EXACT,crates/cm-domain/src/finance.rs,STAFF_BASE_FLOOR;age_wage_cap;star_floor,TEST_ONLY,SIMULATION_RELEVANT,STATE_EXACT,rust:finance.rs,switch :458-503 verified; only reachable via cm_lift_rpc bin NOT game negotiation,,
0x0084d5d0,,,FUN_0084d5d0,per-role x87 weekly-wage cascade,transfers,PORTED_EXACT,crates/cm-domain/src/transfer.rs,wage_formula_by_role,INDIRECT,SIMULATION_RELEVANT,BYTE_EXACT,memory:transfer-deep-ports-done.md,6-case role table; agent mults; floors; 150k cap; full 8KB FPU switch approximated elsewhere,,
0x0084f5d0,,,FUN_0084f5d0,,GUI,UNKNOWN,,,INDIRECT,,UNVERIFIED,,,,
0x0084f7e0,,,FUN_0084f7e0,,GUI,UNKNOWN,,,INDIRECT,,UNVERIFIED,,,,
0x0084fe90,,,FUN_0084fe90,,GUI,UNKNOWN,,,INDIRECT,,UNVERIFIED,,,,
0x0084ff10,,,FUN_0084ff10,,GUI,UNKNOWN,,,INDIRECT,,UNVERIFIED,,,,
0x008501f0,,,FUN_008501f0,,GUI,UNKNOWN,,,INDIRECT,,UNVERIFIED,,,,
0x00850490,,,FUN_00850490,,GUI,UNKNOWN,,,INDIRECT,,UNVERIFIED,,,,
0x008504d0,,,FUN_008504d0,,GUI,UNKNOWN,,,INDIRECT,,UNVERIFIED,,,,
0x00850510,,staff_contracts.cpp,FUN_00850510,,GUI,NOT_YET_PORTED,,,NO,SIMULATION_RELEVANT,UNVERIFIED,,,,
0x00850680,,,FUN_00850680,,GUI,UNKNOWN,,,INDIRECT,,UNVERIFIED,,,,
0x008506a0,,,FUN_008506a0,,GUI,UNKNOWN,,,INDIRECT,,UNVERIFIED,,,,
0x008506b0,,,FUN_008506b0,,GUI,UNKNOWN,,,INDIRECT,,UNVERIFIED,,,,
0x00850950,,,FUN_00850950,,UNKNOWN,UNKNOWN,,,INDIRECT,,UNVERIFIED,,,,
0x008509b0,,,FUN_008509b0,,UNKNOWN,UNKNOWN,,,INDIRECT,,UNVERIFIED,,,,
0x00850a50,,,FUN_00850a50,,UNKNOWN,UNKNOWN,,,INDIRECT,,UNVERIFIED,,,,
0x00850a80,,,FUN_00850a80,,UNKNOWN,UNKNOWN,,,INDIRECT,,UNVERIFIED,,,,
0x00850b00,,,FUN_00850b00,,,UNKNOWN,,,INDIRECT,,UNVERIFIED,,,,
0x00850b20,,,FUN_00850b20,,UNKNOWN,UNKNOWN,,,INDIRECT,,UNVERIFIED,,,,
0x00850c00,,,FUN_00850c00,,UNKNOWN,UNKNOWN,,,INDIRECT,,UNVERIFIED,,,,
0x00850ce0,,,FUN_00850ce0,,GUI,UNKNOWN,,,INDIRECT,,UNVERIFIED,,,,
0x00850ea0,,staff_contracts.cpp,FUN_00850ea0,,GUI,NOT_YET_PORTED,,,NO,SIMULATION_RELEVANT,UNVERIFIED,,,,
0x00850fd0,,staff_contracts.cpp,FUN_00850fd0,release_clause_short_code_formatter,view-model,PORTED_EXACT,crates/cm-domain/src/typed_records.rs,ReleaseClauses::short_code,YES,PLAYER_VISIBLE,BEHAVIOURALLY_EXACT,memory:contract-clauses-generated-at-boot.md,Releases-column precedence tree + orange-ink test; capture-verified (Muggleton/Hill),,
0x008511c0,,,FUN_008511c0,,GUI,UNKNOWN,,,INDIRECT,,UNVERIFIED,,,,
0x00851340,,staff_records.cpp,FUN_00851340,,RESOURCE,UNKNOWN,,,INDIRECT,,UNVERIFIED,,,,
0x00851770,,,FUN_00851770,,GUI,UNKNOWN,,,INDIRECT,,UNVERIFIED,,,,
0x008517e0,,,FUN_008517e0,,GUI,UNKNOWN,,,INDIRECT,,UNVERIFIED,,,,
0x00851c00,,staff_records.cpp,FUN_00851c00,,GUI,UNKNOWN,,,INDIRECT,,UNVERIFIED,,,,
0x00852430,,staff_records.cpp,FUN_00852430,,GUI,UNKNOWN,,,INDIRECT,,UNVERIFIED,,,,
0x00852a50,,staff_records.cpp,FUN_00852a50,,GUI,UNKNOWN,,,INDIRECT,,UNVERIFIED,,,,
0x00853020,,staff_records.cpp,FUN_00853020,,GUI,UNKNOWN,,,INDIRECT,,UNVERIFIED,,,,
0x00853170,,staff_records.cpp,FUN_00853170,,GUI,UNKNOWN,,,INDIRECT,,UNVERIFIED,,,,
0x008537b0,,staff_records.cpp,FUN_008537b0,,GUI,UNKNOWN,,,INDIRECT,,UNVERIFIED,,,,
0x00854060,,staff_records.cpp,FUN_00854060,,GUI,UNKNOWN,,,INDIRECT,,UNVERIFIED,,,,
0x008546c0,,staff_records.cpp,FUN_008546c0,,GUI,UNKNOWN,,,INDIRECT,,UNVERIFIED,,,,
0x00854d80,,staff_records.cpp,FUN_00854d80,,GUI,UNKNOWN,,,INDIRECT,,UNVERIFIED,,,,
0x00854fb0,,staff_records.cpp,FUN_00854fb0,,GUI,UNKNOWN,,,INDIRECT,,UNVERIFIED,,,,
0x00855180,,staff_records.cpp,FUN_00855180,,GUI,UNKNOWN,,,INDIRECT,,UNVERIFIED,,,,
0x00855340,,staff_records.cpp,FUN_00855340,,GUI,UNKNOWN,,,INDIRECT,,UNVERIFIED,,,,
0x008556e0,,staff_records.cpp,FUN_008556e0,,GUI,UNKNOWN,,,INDIRECT,,UNVERIFIED,,,,
0x00855870,,staff_records.cpp,FUN_00855870,,GUI,UNKNOWN,,,INDIRECT,,UNVERIFIED,,,,
0x00855c00,,staff_records.cpp,FUN_00855c00,person_history_intl_debut,national-caps,PORTED_BEHAVIOURAL,crates/cm-domain/src/national_match.rs,World::credit_caps,INDIRECT,PLAYER_VISIBLE,BEHAVIOURALLY_EXACT,rust:national_match.rs,code 6 first-cap-aged emitted when caps==0,,
0x00855d20,,staff_records.cpp,FUN_00855d20,,GUI,UNKNOWN,,,INDIRECT,,UNVERIFIED,,,,
0x00856690,,,FUN_00856690,,UNKNOWN,PORTED_BEHAVIOURAL,crates/cm-app/src/main.rs,,YES,SIMULATION_RELEVANT,UNVERIFIED,,,,
0x008567b0,,staff_records.cpp,FUN_008567b0,,GUI,UNKNOWN,,,INDIRECT,,UNVERIFIED,,,,
0x008569d0,,staff_records.cpp,FUN_008569d0,,GUI,UNKNOWN,,,INDIRECT,,UNVERIFIED,,,,
0x00856be0,,staff_records.cpp,FUN_00856be0,,GUI,UNKNOWN,,,INDIRECT,,UNVERIFIED,,,,
0x00856d50,,,FUN_00856d50,post-comp dispatch,tick,NOT_YET_PORTED,crates/cm-domain/src/lib.rs,,NO,SIMULATION_RELEVANT,HYPOTHESIS,rust:crates/cm-domain/src/lib.rs,step 7; named stub,,
0x00856e20,,staff_records.cpp,FUN_00856e20,,GUI,UNKNOWN,,,INDIRECT,,UNVERIFIED,,,,
0x00856f40,,staff_records.cpp,FUN_00856f40,,GUI,UNKNOWN,,,INDIRECT,,UNVERIFIED,,,,
0x00857060,,,FUN_00857060,,GUI,UNKNOWN,,,INDIRECT,,UNVERIFIED,,,,
0x008582b0,,,FUN_008582b0,,GUI,UNKNOWN,,,INDIRECT,,UNVERIFIED,,,,
0x00858560,,staff_records.cpp,FUN_00858560,,GUI,UNKNOWN,,,INDIRECT,,UNVERIFIED,,,,
0x00858900,,staff_records.cpp,FUN_00858900,,GUI,UNKNOWN,,,INDIRECT,,UNVERIFIED,,,,
0x00858a60,,,FUN_00858a60,,GUI,UNKNOWN,,,INDIRECT,,UNVERIFIED,,,,
0x00858b30,,staff_records.cpp,FUN_00858b30,,GUI,UNKNOWN,,,INDIRECT,,UNVERIFIED,,,,
0x00858bd0,,,FUN_00858bd0,,UNKNOWN,UNKNOWN,,,INDIRECT,,UNVERIFIED,,,,
0x00858c20,,,FUN_00858c20,,UNKNOWN,UNKNOWN,,,INDIRECT,,UNVERIFIED,,,,
0x00858c90,,staff_records.cpp,FUN_00858c90,,GUI,UNKNOWN,,,INDIRECT,,UNVERIFIED,,,,
0x00858f80,,staff_records.cpp,FUN_00858f80,,GUI,UNKNOWN,,,INDIRECT,,UNVERIFIED,,,,
0x00859250,,staff_screens.cpp,FUN_00859250,,GUI,UNKNOWN,crates/cm-domain/src/menu.rs;crates/cm-domain/src/screen_batch3.rs;crates/cm-domain/src/sidebar_dispatcher.rs;crates/cm-render/src/screen_wire_batch3.rs,,INDIRECT,,UNVERIFIED,,,,
0x00859600,,staff_screens.cpp,FUN_00859600,,GUI,UNKNOWN,crates/cm-domain/src/screen_batch21.rs;crates/cm-domain/src/sidebar_dispatcher.rs,,INDIRECT,,UNVERIFIED,,,,
0x008596b0,,,,shortlist-action screen setup,screens,PORTED_BEHAVIOURAL,crates/cm-render/src/screens_auto.rs,build_screen_8596b0,INDIRECT,PLAYER_VISIBLE,STRUCTURALLY_VERIFIED,memory:screen-builders-ported.md,Add To Shortlist; not pixel-verified,,
0x0085e570,,,FUN_0085e570,,UNKNOWN,UNKNOWN,,,INDIRECT,,UNVERIFIED,,,,
0x00861700,,,FUN_00861700,,GUI,UNKNOWN,,,INDIRECT,,UNVERIFIED,,,,
0x00862d80,,,FUN_00862d80,,GUI,UNKNOWN,,,INDIRECT,,UNVERIFIED,,,,
0x008663b0,,,FUN_008663b0,,GUI,UNKNOWN,,,INDIRECT,,UNVERIFIED,,,,
0x00866eb0,,,FUN_00866eb0,,GUI,UNKNOWN,,,INDIRECT,,UNVERIFIED,,,,
0x00868290,,,FUN_00868290,,GUI,UNKNOWN,,,INDIRECT,,UNVERIFIED,,,,
0x0086f9c0,,,FUN_0086f9c0,,GUI,UNKNOWN,,,INDIRECT,,UNVERIFIED,,,,
0x0086f9d0,,,FUN_0086f9d0,,UNKNOWN,UNKNOWN,,,INDIRECT,,UNVERIFIED,,,,
0x0086f9e0,,,FUN_0086f9e0,,UNKNOWN,UNKNOWN,,,INDIRECT,,UNVERIFIED,,,,
0x0086f9f0,,,FUN_0086f9f0,,UNKNOWN,UNKNOWN,,,INDIRECT,,UNVERIFIED,,,,
0x0086fa00,,,FUN_0086fa00,,UNKNOWN,UNKNOWN,,,INDIRECT,,UNVERIFIED,,,,
0x0086fa10,,,FUN_0086fa10,,UNKNOWN,UNKNOWN,,,INDIRECT,,UNVERIFIED,,,,
0x0086fa20,,,FUN_0086fa20,,UNKNOWN,UNKNOWN,,,INDIRECT,,UNVERIFIED,,,,
0x0086fa40,,,FUN_0086fa40,,UNKNOWN,UNKNOWN,,,INDIRECT,,UNVERIFIED,,,,
0x0086fa50,,,FUN_0086fa50,,GUI,UNKNOWN,,,INDIRECT,,UNVERIFIED,,,,
0x00873040,,staff_screens.cpp,FUN_00873040,,GUI,UNKNOWN,crates/cm-domain/src/screen_batch21.rs,,INDIRECT,,UNVERIFIED,,,,
0x00874a10,,,FUN_00874a10,,GUI,UNKNOWN,crates/cm-domain/src/screen_batch21.rs,,INDIRECT,,UNVERIFIED,,,,
0x008760d0,,,FUN_008760d0,,GUI,UNKNOWN,,,INDIRECT,,UNVERIFIED,,,,
0x00876290,,,FUN_00876290,,GUI,UNKNOWN,,,INDIRECT,,UNVERIFIED,,,,
0x008766f0,,,FUN_008766f0,,GUI,UNKNOWN,,,INDIRECT,,UNVERIFIED,,,,
0x00877170,,,FUN_00877170,,UNKNOWN,UNKNOWN,crates/cm-domain/src/screen_batch21.rs;crates/cm-domain/src/sidebar_dispatcher.rs,,INDIRECT,,UNVERIFIED,,,,
0x008773e0,,,FUN_008773e0,,UNKNOWN,PORTED_BEHAVIOURAL,crates/cm-domain/src/screen_batch21.rs,,YES,SIMULATION_RELEVANT,UNVERIFIED,,,,
0x00877450,,comp/leagues/sub_league.cpp,FUN_00877450,,GUI,UNKNOWN,,,INDIRECT,,UNVERIFIED,,,,
0x008776f0,,,FUN_008776f0,,UNKNOWN,UNKNOWN,,,INDIRECT,,UNVERIFIED,,,,
0x00877710,,,FUN_00877710,,UNKNOWN,UNKNOWN,,,INDIRECT,,UNVERIFIED,,,,
0x00877770,,,FUN_00877770,,GUI,UNKNOWN,,,INDIRECT,,UNVERIFIED,,,,
0x00877930,,comp/cups/swe_cup.cpp,FUN_00877930,,GUI,UNKNOWN,,,INDIRECT,,UNVERIFIED,,,,
0x00877b80,,,FUN_00877b80,,UNKNOWN,UNKNOWN,,,INDIRECT,,UNVERIFIED,,,,
0x00877ba0,,,FUN_00877ba0,,UNKNOWN,UNKNOWN,,,INDIRECT,,UNVERIFIED,,,,
0x00877cc0,,comp/cups/swe_cup.cpp,FUN_00877cc0,,GUI,UNKNOWN,,,INDIRECT,,UNVERIFIED,,,,
0x00878320,,comp/cups/swe_cup.cpp,FUN_00878320,,GUI,UNKNOWN,,,INDIRECT,,UNVERIFIED,,,,
0x008787a0,,comp/cups/swe_cup.cpp,FUN_008787a0,,GUI,UNKNOWN,,,INDIRECT,,UNVERIFIED,,,,
0x00878b20,,comp/cups/swe_cup.cpp,FUN_00878b20,,GUI,UNKNOWN,,,INDIRECT,,UNVERIFIED,,,,
0x00878de0,,comp/cups/swe_cup.cpp,FUN_00878de0,,GUI,UNKNOWN,,,INDIRECT,,UNVERIFIED,,,,
0x008791a0,,comp/cups/swe_cup.cpp,FUN_008791a0,,GUI,UNKNOWN,,,INDIRECT,,UNVERIFIED,,,,
0x00879360,,comp/leagues/swe_first.cpp,FUN_00879360,,GUI,UNKNOWN,,,INDIRECT,,UNVERIFIED,,,,
0x00879580,,,FUN_00879580,,UNKNOWN,UNKNOWN,,,INDIRECT,,UNVERIFIED,,,,
0x008795a0,,,FUN_008795a0,,GUI,UNKNOWN,,,INDIRECT,,UNVERIFIED,,,,
0x00879d10,,comp/leagues/swe_first.cpp,FUN_00879d10,,GUI,UNKNOWN,,,INDIRECT,,UNVERIFIED,,,,
0x00879e10,,,FUN_00879e10,,UNKNOWN,UNKNOWN,,,INDIRECT,,UNVERIFIED,,,,
0x0087a160,,comp/leagues/swe_first.cpp,FUN_0087a160,,GUI,UNKNOWN,,,INDIRECT,,UNVERIFIED,,,,
0x0087a890,,comp/leagues/swe_prm.cpp,FUN_0087a890,,GUI,UNKNOWN,,,INDIRECT,,UNVERIFIED,,,,
0x0087ab80,,,FUN_0087ab80,,UNKNOWN,UNKNOWN,,,INDIRECT,,UNVERIFIED,,,,
0x0087aba0,,,FUN_0087aba0,,GUI,UNKNOWN,,,INDIRECT,,UNVERIFIED,,,,
0x0087b1b0,,comp/leagues/swe_prm.cpp,FUN_0087b1b0,,GUI,UNKNOWN,,,INDIRECT,,UNVERIFIED,,,,
0x0087b2d0,,,FUN_0087b2d0,,UNKNOWN,UNKNOWN,,,INDIRECT,,UNVERIFIED,,,,
0x0087b700,,comp/leagues/swe_prm.cpp,FUN_0087b700,,GUI,UNKNOWN,,,INDIRECT,,UNVERIFIED,,,,
0x0087b8c0,,,FUN_0087b8c0,,GUI,UNKNOWN,,,INDIRECT,,UNVERIFIED,,,,
0x0087b9f0,,comp/leagues/swe_prm.cpp,FUN_0087b9f0,,GUI,UNKNOWN,,,INDIRECT,,UNVERIFIED,,,,
0x0087c020,,,FUN_0087c020,,UNKNOWN,UNKNOWN,,,INDIRECT,,UNVERIFIED,,,,
0x0087c3a0,,comp/leagues/swe_second.cpp,FUN_0087c3a0,,GUI,UNKNOWN,,,INDIRECT,,UNVERIFIED,,,,
0x0087c630,,,FUN_0087c630,,UNKNOWN,UNKNOWN,,,INDIRECT,,UNVERIFIED,,,,
0x0087c650,,,FUN_0087c650,,GUI,UNKNOWN,,,INDIRECT,,UNVERIFIED,,,,
0x0087c710,,comp/leagues/swe_second.cpp,FUN_0087c710,,GUI,UNKNOWN,,,INDIRECT,,UNVERIFIED,,,,
0x0087ce60,,,FUN_0087ce60,,,UNKNOWN,,,INDIRECT,,UNVERIFIED,,,,
0x0087d030,,,FUN_0087d030,,UNKNOWN,UNKNOWN,,,INDIRECT,,UNVERIFIED,,,,
0x0087d320,,comp/leagues/swe_second.cpp,FUN_0087d320,,GUI,UNKNOWN,,,INDIRECT,,UNVERIFIED,,,,
0x0087d6c0,,comp/leagues/swe_second.cpp,FUN_0087d6c0,,GUI,UNKNOWN,,,INDIRECT,,UNVERIFIED,,,,
0x0087d860,,comp/leagues/swe_second.cpp,FUN_0087d860,,GUI,UNKNOWN,,,INDIRECT,,UNVERIFIED,,,,
0x0087e120,,comp/leagues/swe_second.cpp,FUN_0087e120,,GUI,UNKNOWN,,,INDIRECT,,UNVERIFIED,,,,
0x0087e3d0,,,FUN_0087e3d0,,GUI,UNKNOWN,,,INDIRECT,,UNVERIFIED,,,,
0x0087e460,,award/sweden_awards.cpp,FUN_0087e460,,GUI,UNKNOWN,,,INDIRECT,,UNVERIFIED,,,,
0x0087ea30,,,FUN_0087ea30,,UNKNOWN,UNKNOWN,,,INDIRECT,,UNVERIFIED,,,,
0x0087ea70,,tactics.cpp,FUN_0087ea70,tactics-AI XI selection (faithful picker),tactics,NOT_YET_PORTED,crates/cm-domain/src/lib.rs,,NO,SIMULATION_RELEVANT,HYPOTHESIS,memory:tactics-port-status.md,eventual faithful picker; greedy stand-in used (cf curated 0x00881310),,
0x00880e90,,,FUN_00880e90,,GUI,UNKNOWN,,,INDIRECT,,UNVERIFIED,,,,
0x00880f40,,tactics.cpp,FUN_00880f40,,GUI,UNKNOWN,,,INDIRECT,,UNVERIFIED,,,,
0x00881220,,tactics.cpp,FUN_00881220,,GUI,PORTED_BEHAVIOURAL,crates/cm-domain/src/human_manager.rs,,YES,SIMULATION_RELEVANT,UNVERIFIED,,,,
0x00881310,,tactics.cpp,FUN_00881310,AI/per-club formation resolver,tactics,NOT_YET_PORTED,crates/cm-domain/src/tactics.rs,FLAT_442_ROLES,BLOCKED,SIMULATION_RELEVANT,PARTIAL,memory:tactics-port-status.md,real AI resolver unported; greedy best-fit XI picker is stand-in,,
0x00881480,,tactics.cpp,FUN_00881480,,GUI,NOT_YET_PORTED,,,NO,SIMULATION_RELEVANT,UNVERIFIED,,,,
0x008815a0,,tactics.cpp,FUN_008815a0,,GUI,PORTED_BEHAVIOURAL,crates/cm-domain/src/human_manager.rs;crates/cm-domain/src/screen_batch11.rs,,YES,SIMULATION_RELEVANT,UNVERIFIED,,,,
0x00881740,,tactics.cpp,FUN_00881740,,GUI,NOT_YET_PORTED,,,NO,SIMULATION_RELEVANT,UNVERIFIED,,,,
0x00881910,,tactics.cpp,FUN_00881910,,GUI,PORTED_BEHAVIOURAL,crates/cm-app/src/main.rs,,YES,SIMULATION_RELEVANT,UNVERIFIED,,,,
0x00881b40,,tactics.cpp,FUN_00881b40,,GUI,NOT_YET_PORTED,,,NO,SIMULATION_RELEVANT,UNVERIFIED,,,,
0x00881c90,,tactics.cpp,FUN_00881c90,,GUI,UNKNOWN,,,INDIRECT,,UNVERIFIED,,,,
0x00881f00,,,FUN_00881f00,,UNKNOWN,UNKNOWN,,,INDIRECT,,UNVERIFIED,,,,
0x00881f70,,tactics.cpp,FUN_00881f70,,GUI,NOT_YET_PORTED,,,NO,SIMULATION_RELEVANT,UNVERIFIED,,,,
0x00882090,,tactics.cpp,FUN_00882090,,GUI,UNKNOWN,,,INDIRECT,,UNVERIFIED,,,,
0x00882240,,tactics.cpp,FUN_00882240,,GUI,NOT_YET_PORTED,,,NO,SIMULATION_RELEVANT,UNVERIFIED,,,,
0x00882350,,tactics.cpp,FUN_00882350,,GUI,NOT_YET_PORTED,,,NO,SIMULATION_RELEVANT,UNVERIFIED,,,,
0x00882410,,tactics.cpp,FUN_00882410,,GUI,UNKNOWN,,,INDIRECT,,UNVERIFIED,,,,
0x00882530,,tactics.cpp,FUN_00882530,,GUI,NOT_YET_PORTED,,,NO,SIMULATION_RELEVANT,UNVERIFIED,,,,
0x00882640,,tactics.cpp,FUN_00882640,,GUI,PORTED_BEHAVIOURAL,crates/cm-app/src/main.rs,,YES,SIMULATION_RELEVANT,UNVERIFIED,,,,
0x00882860,,tactics.cpp,FUN_00882860,,GUI,UNKNOWN,,,INDIRECT,,UNVERIFIED,,,,
0x00882a70,,tactics.cpp,FUN_00882a70,,GUI,NOT_YET_PORTED,,,NO,SIMULATION_RELEVANT,UNVERIFIED,,,,
0x00882b90,,tactics.cpp,FUN_00882b90,,GUI,NOT_YET_PORTED,,,NO,SIMULATION_RELEVANT,UNVERIFIED,,,,
0x00882cf0,,tactics.cpp,FUN_00882cf0,,GUI,NOT_YET_PORTED,,,NO,SIMULATION_RELEVANT,UNVERIFIED,,,,
0x00882e00,,tactics.cpp,FUN_00882e00,,GUI,NOT_YET_PORTED,,,NO,SIMULATION_RELEVANT,UNVERIFIED,,,,
0x00882f60,,tactics.cpp,FUN_00882f60,,GUI,PORTED_BEHAVIOURAL,crates/cm-app/src/main.rs,,YES,SIMULATION_RELEVANT,UNVERIFIED,,,,
0x008830a0,,tactics.cpp,FUN_008830a0,,GUI,PORTED_BEHAVIOURAL,crates/cm-app/src/main.rs,,YES,SIMULATION_RELEVANT,UNVERIFIED,,,,
0x00883180,,tactics.cpp,FUN_00883180,,GUI,UNKNOWN,,,INDIRECT,,UNVERIFIED,,,,
0x00883270,,tactics.cpp,FUN_00883270,,GUI,UNKNOWN,,,INDIRECT,,UNVERIFIED,,,,
0x00884280,,tactics.cpp,FUN_00884280,,GUI,UNKNOWN,,,INDIRECT,,UNVERIFIED,,,,
0x00884700,,tactics_screens.cpp,FUN_00884700,TacticScreenView widget builder,tactics,NOT_YET_PORTED,crates/cm-domain/src/screen_batch21.rs;crates/cm-domain/src/tactic_dispatcher.rs,,BLOCKED,UI_RENDERING,PARTIAL,memory:tactics-port-status.md,registers but populates no widgets,,
0x00884b00,,,FUN_00884b00,,UNKNOWN,PORTED_BEHAVIOURAL,crates/cm-domain/src/tactic_dispatcher.rs,,YES,SIMULATION_RELEVANT,UNVERIFIED,,,,
0x0088a720,,,FUN_0088a720,,UNKNOWN,UNKNOWN,,,INDIRECT,,UNVERIFIED,,,,
0x0088a730,,,FUN_0088a730,,UNKNOWN,UNKNOWN,,,INDIRECT,,UNVERIFIED,,,,
0x0088a740,,,FUN_0088a740,,UNKNOWN,UNKNOWN,,,INDIRECT,,UNVERIFIED,,,,
0x0088a770,,,FUN_0088a770,,UNKNOWN,UNKNOWN,,,INDIRECT,,UNVERIFIED,,,,
0x0088a790,,,FUN_0088a790,,UNKNOWN,UNKNOWN,,,INDIRECT,,UNVERIFIED,,,,
0x0088a7d0,,,FUN_0088a7d0,,UNKNOWN,UNKNOWN,,,INDIRECT,,UNVERIFIED,,,,
0x0088a7f0,,,FUN_0088a7f0,,UNKNOWN,UNKNOWN,,,INDIRECT,,UNVERIFIED,,,,
0x0088a810,,,FUN_0088a810,,UNKNOWN,UNKNOWN,,,INDIRECT,,UNVERIFIED,,,,
0x0088a850,,,FUN_0088a850,tactics-screen event dispatcher,tactics,PORTED_PARTIAL,crates/cm-domain/src/tactic_dispatcher.rs,TacticCmd;dispatch,INDIRECT,PLAYER_VISIBLE,PARTIAL,memory:tactics-port-status.md,34-cmd map + save/revert/discard commit; most handlers stubs,,
0x0088dde0,,,FUN_0088dde0,,GUI,UNKNOWN,,,INDIRECT,,UNVERIFIED,,,,
0x0088def0,,,,Team Instructions screen setup,screens,PORTED_BEHAVIOURAL,crates/cm-render/src/screens_auto.rs,build_screen_88def0,INDIRECT,PLAYER_VISIBLE,STRUCTURALLY_VERIFIED,memory:screen-builders-ported.md,45 widgets; not pixel-verified,,
0x00890360,,,FUN_00890360,,GUI,PORTED_BEHAVIOURAL,crates/cm-domain/src/tactic_dispatcher.rs,,YES,SIMULATION_RELEVANT,UNVERIFIED,,,,
0x00890b30,,,FUN_00890b30,,GUI,UNKNOWN,,,INDIRECT,,UNVERIFIED,,,,
0x00890e50,,,,large multi-tab screen setup,screens,PORTED_BEHAVIOURAL,crates/cm-render/src/screens_auto.rs,build_screen_890e50,INDIRECT,PLAYER_VISIBLE,STRUCTURALLY_VERIFIED,memory:screen-builders-ported.md,56 widgets; not pixel-verified,,
0x00893500,,,,empty screen builder,screens,PORTED_PARTIAL,crates/cm-render/src/screens_auto.rs,build_screen_893500,INDIRECT,UI_RENDERING,STRUCTURALLY_VERIFIED,memory:screen-builders-ported.md,0-widget stub,,
0x008939c0,,tactics_screens.cpp,FUN_008939c0,tactic-record initialiser,tactics,NOT_YET_PORTED,crates/cm-domain/src/screen_batch21.rs;crates/cm-domain/src/tactic_dispatcher.rs,,BLOCKED,SIMULATION_RELEVANT,PARTIAL,memory:tactics-port-status.md,copy-from-club/fresh-default not lifted,,
0x00894380,,tactics_screens.cpp,FUN_00894380,,GUI,PORTED_BEHAVIOURAL,crates/cm-domain/src/tactic_dispatcher.rs,,YES,SIMULATION_RELEVANT,UNVERIFIED,,,,
0x00894650,,,FUN_00894650,,GUI,PORTED_BEHAVIOURAL,crates/cm-domain/src/tactic_dispatcher.rs,,YES,SIMULATION_RELEVANT,UNVERIFIED,,,,
0x008948b0,,tactics_screens.cpp,FUN_008948b0,,GUI,UNKNOWN,,,INDIRECT,,UNVERIFIED,,,,
0x00894a20,,tactics_screens.cpp,FUN_00894a20,,GUI,PORTED_BEHAVIOURAL,crates/cm-domain/src/tactic_dispatcher.rs,,YES,SIMULATION_RELEVANT,UNVERIFIED,,,,
0x00894bb0,,tactics_screens.cpp,FUN_00894bb0,,GUI,PORTED_BEHAVIOURAL,crates/cm-domain/src/tactic_dispatcher.rs,,YES,SIMULATION_RELEVANT,UNVERIFIED,,,,
0x00895450,,tactics_screens.cpp,FUN_00895450,,GUI,NOT_YET_PORTED,,,NO,SIMULATION_RELEVANT,UNVERIFIED,,,,
0x008955a0,,tactics_screens.cpp,FUN_008955a0,,GUI,NOT_YET_PORTED,,,NO,SIMULATION_RELEVANT,UNVERIFIED,,,,
0x008956a0,,tactics_screens.cpp,FUN_008956a0,,GUI,PORTED_BEHAVIOURAL,crates/cm-domain/src/tactic_dispatcher.rs,,YES,SIMULATION_RELEVANT,UNVERIFIED,,,,
0x008957f0,,tactics_screens.cpp,FUN_008957f0,,GUI,PORTED_BEHAVIOURAL,crates/cm-domain/src/tactic_dispatcher.rs,,YES,SIMULATION_RELEVANT,UNVERIFIED,,,,
0x008958f0,,,FUN_008958f0,,GUI,UNKNOWN,,,INDIRECT,,UNVERIFIED,,,,
0x00895a50,,tactics_screens.cpp,FUN_00895a50,,GUI,UNKNOWN,,,INDIRECT,,UNVERIFIED,,,,
0x00895b50,,tactics_screens.cpp,FUN_00895b50,,GUI,UNKNOWN,,,INDIRECT,,UNVERIFIED,,,,
0x00895c10,,tactics_screens.cpp,FUN_00895c10,tct/pct tactic loader,tactics,PORTED_EXACT,crates/cm-domain/src/tactic_file.rs,load_tactic;parse_tactic,YES,PERSISTENCE_RELEVANT,BYTE_EXACT,memory:agevak-cross-check.md,v5C/v5D/v5E; pct deobf +=0x075BCD15; markers byte-exact vs agevak,,
0x00895d40,,tactics_screens.cpp,FUN_00895d40,,GUI,PORTED_BEHAVIOURAL,crates/cm-domain/src/screen_batch22.rs;crates/cm-domain/src/tactic_dispatcher.rs,,YES,SIMULATION_RELEVANT,UNVERIFIED,,,,
0x00895f90,,tactics_screens.cpp,FUN_00895f90,,GUI,PORTED_BEHAVIOURAL,crates/cm-domain/src/tactic_dispatcher.rs,,YES,SIMULATION_RELEVANT,UNVERIFIED,,,,
0x00896260,,,FUN_00896260,,UNKNOWN,UNKNOWN,,,INDIRECT,,UNVERIFIED,,,,
0x008962f0,,,FUN_008962f0,,GUI,UNKNOWN,crates/cm-domain/src/screen_batch22.rs;crates/cm-domain/src/tactic_dispatcher.rs,,INDIRECT,,UNVERIFIED,,,,
0x008963b0,,tactics_screens.cpp,FUN_008963b0,,GUI,UNKNOWN,,,INDIRECT,,UNVERIFIED,,,,
0x008964d0,,tactics_screens.cpp,FUN_008964d0,,GUI,UNKNOWN,,,INDIRECT,,UNVERIFIED,,,,
0x008965e0,,tactics_screens.cpp,FUN_008965e0,,GUI,UNKNOWN,,,INDIRECT,,UNVERIFIED,,,,
0x008966b0,,tactics_screens.cpp,FUN_008966b0,,GUI,UNKNOWN,,,INDIRECT,,UNVERIFIED,,,,
0x00896790,,tactics_screens.cpp,FUN_00896790,,GUI,UNKNOWN,,,INDIRECT,,UNVERIFIED,,,,
0x00896840,,tactics_screens.cpp,FUN_00896840,,GUI,UNKNOWN,,,INDIRECT,,UNVERIFIED,,,,
0x00896b90,,tactics_screens.cpp,FUN_00896b90,,GUI,UNKNOWN,,,INDIRECT,,UNVERIFIED,,,,
0x00896e70,,tactics_screens.cpp,FUN_00896e70,,GUI,UNKNOWN,,,INDIRECT,,UNVERIFIED,,,,
0x00897010,,,FUN_00897010,,GUI,PORTED_BEHAVIOURAL,crates/cm-domain/src/tactic_dispatcher.rs,,YES,SIMULATION_RELEVANT,UNVERIFIED,,,,
0x008970e0,,tactics_screens.cpp,FUN_008970e0,,GUI,UNKNOWN,,,INDIRECT,,UNVERIFIED,,,,
0x008971f0,,tactics_screens.cpp,FUN_008971f0,,GUI,UNKNOWN,,,INDIRECT,,UNVERIFIED,,,,
0x008972f0,,tactics_screens.cpp,FUN_008972f0,,GUI,UNKNOWN,,,INDIRECT,,UNVERIFIED,,,,
0x008973f0,,tactics_screens.cpp,FUN_008973f0,,GUI,UNKNOWN,,,INDIRECT,,UNVERIFIED,,,,
0x00897610,,tactics_screens.cpp,FUN_00897610,,GUI,UNKNOWN,,,INDIRECT,,UNVERIFIED,,,,
0x00897790,,tactics_screens.cpp,FUN_00897790,,GUI,UNKNOWN,,,INDIRECT,,UNVERIFIED,,,,
0x008978a0,,tactics_screens.cpp,FUN_008978a0,,GUI,UNKNOWN,,,INDIRECT,,UNVERIFIED,,,,
0x008979a0,,tactics_screens.cpp,FUN_008979a0,,GUI,UNKNOWN,,,INDIRECT,,UNVERIFIED,,,,
0x00897ac0,,tactics_screens.cpp,FUN_00897ac0,,GUI,UNKNOWN,,,INDIRECT,,UNVERIFIED,,,,
0x00897cb0,,tactics_screens.cpp,FUN_00897cb0,,GUI,UNKNOWN,,,INDIRECT,,UNVERIFIED,,,,
0x00897e20,,tactics_screens.cpp,FUN_00897e20,,GUI,PORTED_BEHAVIOURAL,crates/cm-domain/src/tactic_dispatcher.rs,,YES,SIMULATION_RELEVANT,UNVERIFIED,,,,
0x008980b0,,tactics_screens.cpp,FUN_008980b0,,GUI,UNKNOWN,,,INDIRECT,,UNVERIFIED,,,,
0x00898190,,tactics_screens.cpp,FUN_00898190,,GUI,UNKNOWN,,,INDIRECT,,UNVERIFIED,,,,
0x00898340,,tactics_screens.cpp,FUN_00898340,,GUI,UNKNOWN,,,INDIRECT,,UNVERIFIED,,,,
0x00898470,,,FUN_00898470,,GUI,UNKNOWN,,,INDIRECT,,UNVERIFIED,,,,
0x00898740,,tactics_screens.cpp,FUN_00898740,,GUI,UNKNOWN,,,INDIRECT,,UNVERIFIED,,,,
0x00898a10,,tactics_screens.cpp,FUN_00898a10,,GUI,UNKNOWN,,,INDIRECT,,UNVERIFIED,,,,
0x00898c40,,,FUN_00898c40,,GUI,UNKNOWN,,,INDIRECT,,UNVERIFIED,,,,
0x00899dc0,,tactics_screens.cpp,FUN_00899dc0,,GUI,UNKNOWN,,,INDIRECT,,UNVERIFIED,,,,
0x0089a1f0,,,FUN_0089a1f0,,UNKNOWN,UNKNOWN,,,INDIRECT,,UNVERIFIED,,,,
0x0089a2b0,,,FUN_0089a2b0,,UNKNOWN,UNKNOWN,,,INDIRECT,,UNVERIFIED,,,,
0x0089a580,,,FUN_0089a580,,UNKNOWN,PORTED_BEHAVIOURAL,crates/cm-domain/src/tactic_dispatcher.rs,,YES,SIMULATION_RELEVANT,UNVERIFIED,,,,
0x0089a7d0,,,FUN_0089a7d0,,UNKNOWN,UNKNOWN,,,INDIRECT,,UNVERIFIED,,,,
0x0089a840,,,FUN_0089a840,,UNKNOWN,UNKNOWN,,,INDIRECT,,UNVERIFIED,,,,
0x0089a880,,tcpip.cpp,FUN_0089a880,,GUI,UNKNOWN,,,INDIRECT,,UNVERIFIED,,,,
0x0089a960,,,FUN_0089a960,,UNKNOWN,UNKNOWN,,,INDIRECT,,UNVERIFIED,,,,
0x0089a970,,,,,,PORTED_BEHAVIOURAL,crates/cm-render/src/scrman.rs,,YES,SIMULATION_RELEVANT,UNVERIFIED,,,,
0x0089a9a0,,,FUN_0089a9a0,,UNKNOWN,UNKNOWN,,,INDIRECT,,UNVERIFIED,,,,
0x0089aa40,,,FUN_0089aa40,,UNKNOWN,UNKNOWN,,,INDIRECT,,UNVERIFIED,,,,
0x0089aa70,,,FUN_0089aa70,,UNKNOWN,UNKNOWN,,,INDIRECT,,UNVERIFIED,,,,
0x0089ad40,,,FUN_0089ad40,,UNKNOWN,UNKNOWN,,,INDIRECT,,UNVERIFIED,,,,
0x0089aeb0,,,,,,PORTED_BEHAVIOURAL,crates/cm-render/src/scrman.rs,,YES,SIMULATION_RELEVANT,UNVERIFIED,,,,
0x0089af40,,,FUN_0089af40,,UNKNOWN,UNKNOWN,,,INDIRECT,,UNVERIFIED,,,,
0x0089afd0,,,FUN_0089afd0,,UNKNOWN,PORTED_BEHAVIOURAL,crates/cm-render/src/scrman.rs,,YES,SIMULATION_RELEVANT,UNVERIFIED,,,,
0x0089b0c0,,,FUN_0089b0c0,,UNKNOWN,UNKNOWN,,,INDIRECT,,UNVERIFIED,,,,
0x0089b180,,,FUN_0089b180,,UNKNOWN,UNKNOWN,,,INDIRECT,,UNVERIFIED,,,,
0x0089b360,,,FUN_0089b360,,UNKNOWN,UNKNOWN,,,INDIRECT,,UNVERIFIED,,,,
0x0089b390,,,FUN_0089b390,,GUI,UNKNOWN,,,INDIRECT,,UNVERIFIED,,,,
0x0089b480,,,FUN_0089b480,,UNKNOWN,UNKNOWN,,,INDIRECT,,UNVERIFIED,,,,
0x0089b500,,,FUN_0089b500,,UNKNOWN,UNKNOWN,,,INDIRECT,,UNVERIFIED,,,,
0x0089b520,,tcpip.cpp,FUN_0089b520,,RESOURCE,UNKNOWN,,,INDIRECT,,UNVERIFIED,,,,
0x0089b990,,,FUN_0089b990,,UNKNOWN,UNKNOWN,,,INDIRECT,,UNVERIFIED,,,,
0x0089bc20,,,FUN_0089bc20,,GUI,PORTED_BEHAVIOURAL,crates/cm-domain/src/honours.rs,,YES,SIMULATION_RELEVANT,UNVERIFIED,,,,
0x0089bd30,,,FUN_0089bd30,,UNKNOWN,UNKNOWN,,,INDIRECT,,UNVERIFIED,,,,
0x0089bd50,,,FUN_0089bd50,,UNKNOWN,UNKNOWN,,,INDIRECT,,UNVERIFIED,,,,
0x0089bd60,,award/team_award.cpp,FUN_0089bd60,,GUI,UNKNOWN,,,INDIRECT,,UNVERIFIED,,,,
0x0089c140,,,FUN_0089c140,,GUI,UNKNOWN,,,INDIRECT,,UNVERIFIED,,,,
0x0089c490,,,FUN_0089c490,,GUI,UNKNOWN,,,INDIRECT,,UNVERIFIED,,,,
0x0089c4c0,,,FUN_0089c4c0,,UNKNOWN,UNKNOWN,,,INDIRECT,,UNVERIFIED,,,,
0x0089c600,,,FUN_0089c600,,UNKNOWN,UNKNOWN,,,INDIRECT,,UNVERIFIED,,,,
0x0089c650,,,FUN_0089c650,,GUI,UNKNOWN,,,INDIRECT,,UNVERIFIED,,,,
0x0089c6b0,,,FUN_0089c6b0,,GUI,UNKNOWN,,,INDIRECT,,UNVERIFIED,,,,
0x0089c7a0,,,FUN_0089c7a0,,GUI,UNKNOWN,,,INDIRECT,,UNVERIFIED,,,,
0x0089c840,,,FUN_0089c840,,GUI,UNKNOWN,,,INDIRECT,,UNVERIFIED,,,,
0x0089ce30,,,FUN_0089ce30,,UNKNOWN,UNKNOWN,,,INDIRECT,,UNVERIFIED,,,,
0x0089d100,,,FUN_0089d100,,GUI,PORTED_BEHAVIOURAL,crates/cm-domain/src/screen_batch22.rs,,YES,SIMULATION_RELEVANT,UNVERIFIED,,,,
0x0089d220,,,FUN_0089d220,,,UNKNOWN,,,INDIRECT,,UNVERIFIED,,,,
0x0089d240,,,FUN_0089d240,,GUI,UNKNOWN,,,INDIRECT,,UNVERIFIED,,,,
0x0089d2f0,,training_edit_session.cpp,FUN_0089d2f0,,GUI,UNKNOWN,,,INDIRECT,,UNVERIFIED,,,,
0x0089d410,,,FUN_0089d410,,UNKNOWN,UNKNOWN,,,INDIRECT,,UNVERIFIED,,,,
0x0089d460,,,FUN_0089d460,,UNKNOWN,UNKNOWN,,,INDIRECT,,UNVERIFIED,,,,
0x0089d4c0,,,FUN_0089d4c0,,UNKNOWN,UNKNOWN,,,INDIRECT,,UNVERIFIED,,,,
0x0089d500,,,FUN_0089d500,,GUI,UNKNOWN,,,INDIRECT,,UNVERIFIED,,,,
0x0089d570,,,FUN_0089d570,,GUI,UNKNOWN,,,INDIRECT,,UNVERIFIED,,,,
0x0089d5c0,,,FUN_0089d5c0,,RESOURCE,UNKNOWN,,,INDIRECT,,UNVERIFIED,,,,
0x0089d770,,,FUN_0089d770,,UNKNOWN,UNKNOWN,,,INDIRECT,,UNVERIFIED,,,,
0x0089d7d0,,training_manager.cpp,FUN_0089d7d0,,GUI,UNKNOWN,,,INDIRECT,,UNVERIFIED,,,,
0x0089db50,,training_manager.cpp,FUN_0089db50,,GUI,UNKNOWN,,,INDIRECT,,UNVERIFIED,,,,
0x0089de30,,,FUN_0089de30,media/board mood pass E,tick,NOT_YET_PORTED,crates/cm-domain/src/lib.rs,,NO,SIMULATION_RELEVANT,HYPOTHESIS,rust:crates/cm-domain/src/lib.rs,step 10h; named stub (distinct from training 0x0089de50 curated),,
0x0089de50,,training_manager.cpp,FUN_0089de50,training weekly tick,training,PORTED_EXACT,crates/cm-domain/src/player_development.rs,PlayerDevelopmentBook::weekly_tick,YES,SIMULATION_RELEVANT,STRUCTURALLY_VERIFIED,memory:heuristic-kill-campaign.md,lines 240+282-304; ticked in hook_weekly_wednesday; mentals +0x58/+0x5b proxied,,
0x0089e930,,,FUN_0089e930,,UNKNOWN,UNKNOWN,,,INDIRECT,,UNVERIFIED,,,,
0x0089e950,,training_manager.cpp,FUN_0089e950,,GUI,UNKNOWN,,,INDIRECT,,UNVERIFIED,,,,
0x0089eab0,,training_manager.cpp,FUN_0089eab0,,GUI,UNKNOWN,,,INDIRECT,,UNVERIFIED,,,,
0x0089eb70,,training_manager.cpp,FUN_0089eb70,,GUI,UNKNOWN,,,INDIRECT,,UNVERIFIED,,,,
0x0089ef80,,training_manager.cpp,FUN_0089ef80,,GUI,UNKNOWN,,,INDIRECT,,UNVERIFIED,,,,
0x0089f350,,training_manager.cpp,FUN_0089f350,apply category accumulator to type10 attrs,training,PORTED_EXACT,crates/cm-domain/src/player_development.rs,PlayerDevelopmentBook,YES,SIMULATION_RELEVANT,STRUCTURALLY_VERIFIED,memory:heuristic-kill-campaign.md,5-category->type10 offset map verified; developed attrs NOT yet fed back to CA/ratings (follow-up),,
0x0089fb80,,training_manager.cpp,FUN_0089fb80,,GUI,UNKNOWN,,,INDIRECT,,UNVERIFIED,,,,
0x0089fd10,,training_manager.cpp,FUN_0089fd10,,GUI,UNKNOWN,,,INDIRECT,,UNVERIFIED,,,,
0x0089fdb0,,training_manager.cpp,FUN_0089fdb0,,GUI,UNKNOWN,,,INDIRECT,,UNVERIFIED,,,,
0x0089ff30,,training_manager.cpp,FUN_0089ff30,,GUI,UNKNOWN,,,INDIRECT,,UNVERIFIED,,,,
0x008a00a0,,training_manager.cpp,FUN_008a00a0,,GUI,UNKNOWN,,,INDIRECT,,UNVERIFIED,,,,
0x008a0160,,training_manager.cpp,FUN_008a0160,,GUI,UNKNOWN,,,INDIRECT,,UNVERIFIED,,,,
0x008a03c0,,training_manager.cpp,FUN_008a03c0,,GUI,UNKNOWN,,,INDIRECT,,UNVERIFIED,,,,
0x008a04b0,,training_manager.cpp,FUN_008a04b0,,GUI,UNKNOWN,,,INDIRECT,,UNVERIFIED,,,,
0x008a0940,,,FUN_008a0940,coach-quality averaging,training,PORTED_BEHAVIOURAL,crates/cm-domain/src/player_development.rs,PlayerDevelopmentBook::build,YES,SIMULATION_RELEVANT,BEHAVIOURALLY_EXACT,memory:heuristic-kill-campaign.md,coach 0..20 runtime formula not decoded; approximated 50+stat*5 floor 50,,
0x008a0a40,,,FUN_008a0a40,,GUI,UNKNOWN,,,INDIRECT,,UNVERIFIED,,,,
0x008a0bc0,,training_manager.cpp,FUN_008a0bc0,new position/side familiarity rating,training,NOT_YET_PORTED,,,NO,SIMULATION_RELEVANT,UNVERIFIED,memory:heuristic-kill-campaign.md,decoded (Adaptability +0x18 + familiarity) not ported,,
0x008a0ee0,,training_manager.cpp,FUN_008a0ee0,,GUI,UNKNOWN,,,INDIRECT,,UNVERIFIED,,,,
0x008a1120,,training_manager.cpp,FUN_008a1120,,GUI,UNKNOWN,,,INDIRECT,,UNVERIFIED,,,,
0x008a1290,,training_manager.cpp,FUN_008a1290,,GUI,NOT_YET_PORTED,,,NO,SIMULATION_RELEVANT,UNVERIFIED,,,,
0x008a1440,,training_manager.cpp,FUN_008a1440,,GUI,NOT_YET_PORTED,,,NO,SIMULATION_RELEVANT,UNVERIFIED,,,,
0x008a1520,,,FUN_008a1520,,UNKNOWN,UNKNOWN,,,INDIRECT,,UNVERIFIED,,,,
0x008a1580,,,FUN_008a1580,,UNKNOWN,UNKNOWN,,,INDIRECT,,UNVERIFIED,,,,
0x008a15c0,,,FUN_008a15c0,training-intensity dial magnitudes,training,PORTED_EXACT,crates/cm-domain/src/player_development.rs,DIAL_NONE;DIAL_LIGHT;DIAL_MEDIUM;DIAL_INTENSIVE,YES,SIMULATION_RELEVANT,BYTE_EXACT,memory:heuristic-kill-campaign.md,None 0/Light 10/Medium 25/Intensive 50,,
0x008a16c0,,,FUN_008a16c0,,UNKNOWN,UNKNOWN,,,INDIRECT,,UNVERIFIED,,,,
0x008a16d0,,,FUN_008a16d0,,GUI,UNKNOWN,,,INDIRECT,,UNVERIFIED,,,,
0x008a1770,,,FUN_008a1770,,GUI,UNKNOWN,,,INDIRECT,,UNVERIFIED,,,,
0x008a1860,,,FUN_008a1860,,GUI,UNKNOWN,,,INDIRECT,,UNVERIFIED,,,,
0x008a1990,,,FUN_008a1990,,GUI,UNKNOWN,,,INDIRECT,,UNVERIFIED,,,,
0x008a1b40,,,FUN_008a1b40,,GUI,UNKNOWN,,,INDIRECT,,UNVERIFIED,,,,
0x008a1c90,,training_schedule.cpp,FUN_008a1c90,,GUI,UNKNOWN,,,INDIRECT,,UNVERIFIED,,,,
0x008a1e00,,training_schedule.cpp,FUN_008a1e00,,GUI,UNKNOWN,,,INDIRECT,,UNVERIFIED,,,,
0x008a1f90,,training_schedule.cpp,FUN_008a1f90,,GUI,UNKNOWN,,,INDIRECT,,UNVERIFIED,,,,
0x008a20a0,,,FUN_008a20a0,,GUI,PORTED_BEHAVIOURAL,crates/cm-domain/src/screen_batch22.rs,,YES,SIMULATION_RELEVANT,UNVERIFIED,,,,
0x008a2180,,,,club Training screen setup,screens,PORTED_BEHAVIOURAL,crates/cm-render/src/screens_auto.rs,build_screen_8a2180,INDIRECT,PLAYER_VISIBLE,STRUCTURALLY_VERIFIED,memory:screen-builders-ported.md,37 widgets; not pixel-verified,,
0x008a6380,,,FUN_008a6380,,GUI,UNKNOWN,,,INDIRECT,,UNVERIFIED,,,,
0x008a6420,,training_screens.cpp,FUN_008a6420,,GUI,PORTED_BEHAVIOURAL,crates/cm-domain/src/screen_batch22.rs,,YES,SIMULATION_RELEVANT,UNVERIFIED,,,,
0x008a6580,,,,large multi-tab screen setup,screens,PORTED_BEHAVIOURAL,crates/cm-render/src/screens_auto.rs,build_screen_8a6580,INDIRECT,PLAYER_VISIBLE,STRUCTURALLY_VERIFIED,memory:screen-builders-ported.md,37 widgets; not pixel-verified,,
0x008a7890,,,FUN_008a7890,,GUI,UNKNOWN,,,INDIRECT,,UNVERIFIED,,,,
0x008a8a70,,,FUN_008a8a70,,UNKNOWN,UNKNOWN,,,INDIRECT,,UNVERIFIED,,,,
0x008a8a90,,transfer_manager.cpp,FUN_008a8a90,,RESOURCE,UNKNOWN,,,INDIRECT,,UNVERIFIED,,,,
0x008a8e80,,,FUN_008a8e80,,GUI,UNKNOWN,,,INDIRECT,,UNVERIFIED,,,,
0x008a9080,,transfer_manager.cpp,FUN_008a9080,,GUI,UNKNOWN,,,INDIRECT,,UNVERIFIED,,,,
0x008aa510,,transfer_manager.cpp,FUN_008aa510,,GUI,UNKNOWN,,,INDIRECT,,UNVERIFIED,,,,
0x008ab360,,transfer_manager.cpp,FUN_008ab360,,GUI,UNKNOWN,,,INDIRECT,,UNVERIFIED,,,,
0x008aba30,,transfer_manager.cpp,FUN_008aba30,,GUI,UNKNOWN,,,INDIRECT,,UNVERIFIED,,,,
0x008abdc0,,,FUN_008abdc0,,GUI,UNKNOWN,,,INDIRECT,,UNVERIFIED,,,,
0x008abeb0,,,FUN_008abeb0,,GUI,UNKNOWN,,,INDIRECT,,UNVERIFIED,,,,
0x008ac0c0,,transfer_manager.cpp,FUN_008ac0c0,,GUI,PORTED_BEHAVIOURAL,crates/cm-domain/src/transfer.rs,,YES,SIMULATION_RELEVANT,UNVERIFIED,,,,
0x008ac460,,,FUN_008ac460,,GUI,UNKNOWN,,,INDIRECT,,UNVERIFIED,,,,
0x008ac6e0,,,FUN_008ac6e0,,GUI,UNKNOWN,,,INDIRECT,,UNVERIFIED,,,,
0x008aca90,,,FUN_008aca90,,GUI,UNKNOWN,,,INDIRECT,,UNVERIFIED,,,,
0x008acd10,,,FUN_008acd10,,GUI,PORTED_BEHAVIOURAL,crates/cm-domain/src/screen_batch26.rs,,YES,SIMULATION_RELEVANT,UNVERIFIED,,,,
0x008ad0e0,,,FUN_008ad0e0,,GUI,PORTED_BEHAVIOURAL,crates/cm-domain/src/transfer.rs,,YES,SIMULATION_RELEVANT,UNVERIFIED,,,,
0x008ad6c0,,,FUN_008ad6c0,,GUI,UNKNOWN,,,INDIRECT,,UNVERIFIED,,,,
0x008ad870,,,FUN_008ad870,,GUI,UNKNOWN,,,INDIRECT,,UNVERIFIED,,,,
0x008adfa0,,transfer_manager.cpp,FUN_008adfa0,,GUI,UNKNOWN,,,INDIRECT,,UNVERIFIED,,,,
0x008ae2f0,,,FUN_008ae2f0,,GUI,UNKNOWN,,,INDIRECT,,UNVERIFIED,,,,
0x008ae710,,transfer_manager.cpp,FUN_008ae710,,GUI,OUT_OF_SCOPE,,,NO,SIMULATION_RELEVANT,UNVERIFIED,,,,
0x008ae7e0,,transfer_manager.cpp,FUN_008ae7e0,,GUI,OUT_OF_SCOPE,,,NO,SIMULATION_RELEVANT,UNVERIFIED,,,,
0x008ae8d0,,,FUN_008ae8d0,,GUI,UNKNOWN,,,INDIRECT,,UNVERIFIED,,,,
0x008ae920,,,FUN_008ae920,,GUI,UNKNOWN,,,INDIRECT,,UNVERIFIED,,,,
0x008aeb50,,transfer_manager.cpp,FUN_008aeb50,,GUI,UNKNOWN,,,INDIRECT,,UNVERIFIED,,,,
0x008aeea0,,,FUN_008aeea0,,GUI,UNKNOWN,,,INDIRECT,,UNVERIFIED,,,,
0x008aefe0,,transfer_manager.cpp,FUN_008aefe0,,GUI,OUT_OF_SCOPE,,,NO,SIMULATION_RELEVANT,UNVERIFIED,,,,
0x008af0c0,,transfer_manager.cpp,FUN_008af0c0,,GUI,OUT_OF_SCOPE,,,NO,SIMULATION_RELEVANT,UNVERIFIED,,,,
0x008af1e0,,transfer_manager.cpp,FUN_008af1e0,,GUI,UNKNOWN,,,INDIRECT,,UNVERIFIED,,,,
0x008af920,,transfer_manager.cpp,FUN_008af920,,GUI,UNKNOWN,,,INDIRECT,,UNVERIFIED,,,,
0x008affb0,,,FUN_008affb0,,GUI,UNKNOWN,,,INDIRECT,,UNVERIFIED,,,,
0x008b0370,,,FUN_008b0370,,GUI,UNKNOWN,,,INDIRECT,,UNVERIFIED,,,,
0x008b0540,,,FUN_008b0540,,GUI,UNKNOWN,,,INDIRECT,,UNVERIFIED,,,,
0x008b0710,,,FUN_008b0710,,GUI,UNKNOWN,,,INDIRECT,,UNVERIFIED,,,,
0x008b0910,,,FUN_008b0910,,GUI,UNKNOWN,,,INDIRECT,,UNVERIFIED,,,,
0x008b0a50,,,FUN_008b0a50,,GUI,UNKNOWN,,,INDIRECT,,UNVERIFIED,,,,
0x008b0eb0,,,FUN_008b0eb0,,UNKNOWN,UNKNOWN,,,INDIRECT,,UNVERIFIED,,,,
0x008b0f10,,transfer_manager.cpp,FUN_008b0f10,,GUI,UNKNOWN,,,INDIRECT,,UNVERIFIED,,,,
0x008b1220,,,FUN_008b1220,,GUI,UNKNOWN,,,INDIRECT,,UNVERIFIED,,,,
0x008b1540,,,FUN_008b1540,,GUI,UNKNOWN,,,INDIRECT,,UNVERIFIED,,,,
0x008b1830,,,FUN_008b1830,,GUI,UNKNOWN,,,INDIRECT,,UNVERIFIED,,,,
0x008b19b0,,,FUN_008b19b0,,GUI,UNKNOWN,,,INDIRECT,,UNVERIFIED,,,,
0x008b1e70,,,FUN_008b1e70,,GUI,UNKNOWN,,,INDIRECT,,UNVERIFIED,,,,
0x008b2470,,,FUN_008b2470,,UNKNOWN,UNKNOWN,,,INDIRECT,,UNVERIFIED,,,,
0x008b2490,,,FUN_008b2490,,GUI,UNKNOWN,,,INDIRECT,,UNVERIFIED,,,,
0x008b24b0,,,FUN_008b24b0,,GUI,UNKNOWN,,,INDIRECT,,UNVERIFIED,,,,
0x008b2520,,,FUN_008b2520,,GUI,UNKNOWN,,,INDIRECT,,UNVERIFIED,,,,
0x008b25c0,,,FUN_008b25c0,,,UNKNOWN,,,INDIRECT,,UNVERIFIED,,,,
0x008b26f0,,transfer_manager.cpp,FUN_008b26f0,,GUI,UNKNOWN,,,INDIRECT,,UNVERIFIED,,,,
0x008b2860,,,FUN_008b2860,,GUI,UNKNOWN,,,INDIRECT,,UNVERIFIED,,,,
0x008b28e0,,,FUN_008b28e0,,GUI,UNKNOWN,,,INDIRECT,,UNVERIFIED,,,,
0x008b2d50,,,FUN_008b2d50,,GUI,UNKNOWN,,,INDIRECT,,UNVERIFIED,,,,
0x008b2ea0,,,FUN_008b2ea0,,GUI,UNKNOWN,,,INDIRECT,,UNVERIFIED,,,,
0x008b3020,,,FUN_008b3020,,GUI,UNKNOWN,,,INDIRECT,,UNVERIFIED,,,,
0x008b3160,,,FUN_008b3160,,GUI,UNKNOWN,,,INDIRECT,,UNVERIFIED,,,,
0x008b3240,,,FUN_008b3240,,GUI,PORTED_BEHAVIOURAL,crates/cm-domain/src/screen_batch23.rs;crates/cm-domain/src/screen_batch24.rs;crates/cm-domain/src/screen_batch25.rs;crates/cm-render/src/news_action_classify.rs,,YES,SIMULATION_RELEVANT,UNVERIFIED,,,,
0x008b3260,,,FUN_008b3260,,GUI,PORTED_BEHAVIOURAL,crates/cm-render/src/news_action_classify.rs,,YES,SIMULATION_RELEVANT,UNVERIFIED,,,,
0x008b3280,,transfer_manager.cpp,FUN_008b3280,,GUI,OUT_OF_SCOPE,,,NO,SIMULATION_RELEVANT,UNVERIFIED,,,,
0x008b3400,,,FUN_008b3400,,GUI,UNKNOWN,,,INDIRECT,,UNVERIFIED,,,,
0x008b3b40,,,FUN_008b3b40,,GUI,UNKNOWN,,,INDIRECT,,UNVERIFIED,,,,
0x008b3c20,,,FUN_008b3c20,,GUI,UNKNOWN,,,INDIRECT,,UNVERIFIED,,,,
0x008b3e10,,,FUN_008b3e10,,GUI,UNKNOWN,,,INDIRECT,,UNVERIFIED,,,,
0x008b3ec0,,,FUN_008b3ec0,,GUI,UNKNOWN,,,INDIRECT,,UNVERIFIED,,,,
0x008b40d0,,transfer_manager.cpp,FUN_008b40d0,,GUI,UNKNOWN,,,INDIRECT,,UNVERIFIED,,,,
0x008b42c0,,,FUN_008b42c0,,GUI,UNKNOWN,,,INDIRECT,,UNVERIFIED,,,,
0x008b4330,,,FUN_008b4330,,UNKNOWN,UNKNOWN,,,INDIRECT,,UNVERIFIED,,,,
0x008b4390,,,FUN_008b4390,,UNKNOWN,UNKNOWN,,,INDIRECT,,UNVERIFIED,,,,
0x008b44d0,,,FUN_008b44d0,,GUI,UNKNOWN,,,INDIRECT,,UNVERIFIED,,,,
0x008b45c0,,transfer_manager.cpp,FUN_008b45c0,,GUI,OUT_OF_SCOPE,,,NO,SIMULATION_RELEVANT,UNVERIFIED,,,,
0x008b46f0,,,FUN_008b46f0,,GUI,UNKNOWN,,,INDIRECT,,UNVERIFIED,,,,
0x008b49b0,,,FUN_008b49b0,,GUI,UNKNOWN,,,INDIRECT,,UNVERIFIED,,,,
0x008b4e80,,transfer_manager.cpp,FUN_008b4e80,,GUI,UNKNOWN,,,INDIRECT,,UNVERIFIED,,,,
0x008b50f0,,transfer_manager.cpp,FUN_008b50f0,,GUI,UNKNOWN,,,INDIRECT,,UNVERIFIED,,,,
0x008b57a0,,transfer_manager.cpp,FUN_008b57a0,,GUI,UNKNOWN,,,INDIRECT,,UNVERIFIED,,,,
0x008b58c0,,,FUN_008b58c0,,GUI,UNKNOWN,,,INDIRECT,,UNVERIFIED,,,,
0x008b6030,,,FUN_008b6030,,,UNKNOWN,,,INDIRECT,,UNVERIFIED,,,,
0x008b6240,,,FUN_008b6240,,GUI,UNKNOWN,,,INDIRECT,,UNVERIFIED,,,,
0x008b63f0,,,FUN_008b63f0,,GUI,UNKNOWN,,,INDIRECT,,UNVERIFIED,,,,
0x008b6780,,,FUN_008b6780,,GUI,UNKNOWN,,,INDIRECT,,UNVERIFIED,,,,
0x008b7900,,,FUN_008b7900,,GUI,UNKNOWN,,,INDIRECT,,UNVERIFIED,,,,
0x008b7b50,,transfer_manager.cpp,FUN_008b7b50,,GUI,UNKNOWN,,,INDIRECT,,UNVERIFIED,,,,
0x008b7ca0,,transfer_manager.cpp,FUN_008b7ca0,,GUI,UNKNOWN,,,INDIRECT,,UNVERIFIED,,,,
0x008b7df0,,transfer_manager.cpp,FUN_008b7df0,,GUI,UNKNOWN,,,INDIRECT,,UNVERIFIED,,,,
0x008b7f40,,,FUN_008b7f40,,GUI,UNKNOWN,,,INDIRECT,,UNVERIFIED,,,,
0x008b8150,,,FUN_008b8150,,GUI,UNKNOWN,,,INDIRECT,,UNVERIFIED,,,,
0x008b83a0,,,FUN_008b83a0,,GUI,UNKNOWN,,,INDIRECT,,UNVERIFIED,,,,
0x008b8550,,,FUN_008b8550,,UNKNOWN,UNKNOWN,,,INDIRECT,,UNVERIFIED,,,,
0x008b85f0,,,FUN_008b85f0,,GUI,UNKNOWN,,,INDIRECT,,UNVERIFIED,,,,
0x008b8690,,,FUN_008b8690,,GUI,UNKNOWN,,,INDIRECT,,UNVERIFIED,,,,
0x008b8730,,transfer_manager.cpp,FUN_008b8730,,GUI,UNKNOWN,,,INDIRECT,,UNVERIFIED,,,,
0x008b8870,,transfer_manager.cpp,FUN_008b8870,,GUI,PORTED_BEHAVIOURAL,crates/cm-app/src/main.rs,,YES,SIMULATION_RELEVANT,UNVERIFIED,,,,
0x008b89a0,,,FUN_008b89a0,,UNKNOWN,UNKNOWN,,,INDIRECT,,UNVERIFIED,,,,
0x008b8a00,,transfer_manager.cpp,FUN_008b8a00,,GUI,UNKNOWN,,,INDIRECT,,UNVERIFIED,,,,
0x008b8c40,,transfer_manager.cpp,FUN_008b8c40,,GUI,UNKNOWN,,,INDIRECT,,UNVERIFIED,,,,
0x008b8fa0,,,FUN_008b8fa0,,GUI,UNKNOWN,,,INDIRECT,,UNVERIFIED,,,,
0x008b8fd0,,,FUN_008b8fd0,,GUI,UNKNOWN,,,INDIRECT,,UNVERIFIED,,,,
0x008b9090,,transfer_manager.cpp,FUN_008b9090,,GUI,UNKNOWN,,,INDIRECT,,UNVERIFIED,,,,
0x008b9610,,transfer_manager.cpp,FUN_008b9610,,GUI,UNKNOWN,,,INDIRECT,,UNVERIFIED,,,,
0x008b9990,,,FUN_008b9990,,GUI,UNKNOWN,,,INDIRECT,,UNVERIFIED,,,,
0x008b9a70,,,FUN_008b9a70,,GUI,UNKNOWN,,,INDIRECT,,UNVERIFIED,,,,
0x008b9be0,,transfer_manager.cpp,FUN_008b9be0,,GUI,UNKNOWN,,,INDIRECT,,UNVERIFIED,,,,
0x008ba1b0,,,FUN_008ba1b0,,GUI,UNKNOWN,,,INDIRECT,,UNVERIFIED,,,,
0x008ba2a0,,,FUN_008ba2a0,,GUI,UNKNOWN,,,INDIRECT,,UNVERIFIED,,,,
0x008ba4b0,,transfer_manager.cpp,FUN_008ba4b0,,GUI,PORTED_BEHAVIOURAL,crates/cm-domain/src/transfer.rs,,YES,SIMULATION_RELEVANT,UNVERIFIED,,,,
0x008babe0,,,FUN_008babe0,,GUI,UNKNOWN,,,INDIRECT,,UNVERIFIED,,,,
0x008bacf0,,,FUN_008bacf0,,GUI,UNKNOWN,,,INDIRECT,,UNVERIFIED,,,,
0x008bade0,,,FUN_008bade0,,GUI,UNKNOWN,,,INDIRECT,,UNVERIFIED,,,,
0x008baed0,,,FUN_008baed0,,GUI,UNKNOWN,,,INDIRECT,,UNVERIFIED,,,,
0x008bb140,,transfer_manager.cpp,FUN_008bb140,,GUI,UNKNOWN,,,INDIRECT,,UNVERIFIED,,,,
0x008bb980,,,FUN_008bb980,,UNKNOWN,UNKNOWN,,,INDIRECT,,UNVERIFIED,,,,
0x008bb9f0,,,FUN_008bb9f0,,GUI,UNKNOWN,,,INDIRECT,,UNVERIFIED,,,,
0x008bbda0,,,FUN_008bbda0,,GUI,PORTED_BEHAVIOURAL,crates/cm-domain/src/screen_batch22.rs,,YES,SIMULATION_RELEVANT,UNVERIFIED,,,,
0x008bbed0,,transfer_manager.cpp,FUN_008bbed0,,GUI,UNKNOWN,,,INDIRECT,,UNVERIFIED,,,,
0x008bc140,,,FUN_008bc140,,GUI,PORTED_BEHAVIOURAL,crates/cm-domain/src/transfer.rs,,YES,SIMULATION_RELEVANT,UNVERIFIED,,,,
0x008bc4d0,,transfer_manager.cpp,FUN_008bc4d0,,GUI,OUT_OF_SCOPE,,,NO,SIMULATION_RELEVANT,UNVERIFIED,,,,
0x008bc640,,,FUN_008bc640,,GUI,UNKNOWN,,,INDIRECT,,UNVERIFIED,,,,
0x008bc710,,,FUN_008bc710,,UNKNOWN,UNKNOWN,,,INDIRECT,,UNVERIFIED,,,,
0x008bc840,,,FUN_008bc840,,UNKNOWN,UNKNOWN,,,INDIRECT,,UNVERIFIED,,,,
0x008bc8e0,,,FUN_008bc8e0,,GUI,UNKNOWN,,,INDIRECT,,UNVERIFIED,,,,
0x008bccf0,,,FUN_008bccf0,,GUI,UNKNOWN,,,INDIRECT,,UNVERIFIED,,,,
0x008bd0a0,,,FUN_008bd0a0,,GUI,PORTED_BEHAVIOURAL,crates/cm-domain/src/screen_batch26.rs;crates/cm-domain/src/transfer_eligibility.rs,,YES,SIMULATION_RELEVANT,UNVERIFIED,,,,
0x008bd590,,,FUN_008bd590,,GUI,PORTED_BEHAVIOURAL,crates/cm-domain/src/screen_batch27.rs,,YES,SIMULATION_RELEVANT,UNVERIFIED,,,,
0x008bd5f0,,,FUN_008bd5f0,,GUI,PORTED_BEHAVIOURAL,crates/cm-domain/src/screen_batch26.rs,,YES,SIMULATION_RELEVANT,UNVERIFIED,,,,
0x008bd7e0,,transfer_manager.cpp,FUN_008bd7e0,,GUI,UNKNOWN,,,INDIRECT,,UNVERIFIED,,,,
0x008bdad0,,transfer_manager.cpp,FUN_008bdad0,,GUI,OUT_OF_SCOPE,,,NO,SIMULATION_RELEVANT,UNVERIFIED,,,,
0x008bdc10,,,FUN_008bdc10,,GUI,UNKNOWN,,,INDIRECT,,UNVERIFIED,,,,
0x008bddf0,,,FUN_008bddf0,,GUI,UNKNOWN,,,INDIRECT,,UNVERIFIED,,,,
0x008bde30,,,FUN_008bde30,,GUI,UNKNOWN,,,INDIRECT,,UNVERIFIED,,,,
0x008bdf00,,,FUN_008bdf00,,UNKNOWN,UNKNOWN,,,INDIRECT,,UNVERIFIED,,,,
0x008bdf60,,,FUN_008bdf60,,UNKNOWN,UNKNOWN,,,INDIRECT,,UNVERIFIED,,,,
0x008bdfc0,,,FUN_008bdfc0,,GUI,UNKNOWN,,,INDIRECT,,UNVERIFIED,,,,
0x008be190,,transfer_manager.cpp,FUN_008be190,,GUI,UNKNOWN,,,INDIRECT,,UNVERIFIED,,,,
0x008bee00,,transfer_manager.cpp,FUN_008bee00,,GUI,UNKNOWN,,,INDIRECT,,UNVERIFIED,,,,
0x008bf710,,transfer_manager.cpp,FUN_008bf710,,GUI,UNKNOWN,,,INDIRECT,,UNVERIFIED,,,,
0x008bffc0,,,FUN_008bffc0,,GUI,UNKNOWN,,,INDIRECT,,UNVERIFIED,,,,
0x008c00b0,,,FUN_008c00b0,,GUI,UNKNOWN,,,INDIRECT,,UNVERIFIED,,,,
0x008c0540,,,FUN_008c0540,,GUI,UNKNOWN,,,INDIRECT,,UNVERIFIED,,,,
0x008c2190,,,FUN_008c2190,,GUI,UNKNOWN,,,INDIRECT,,UNVERIFIED,,,,
0x008c2440,,,FUN_008c2440,,GUI,UNKNOWN,,,INDIRECT,,UNVERIFIED,,,,
0x008c3be0,,,FUN_008c3be0,,GUI,UNKNOWN,,,INDIRECT,,UNVERIFIED,,,,
0x008c3e70,,,FUN_008c3e70,,GUI,UNKNOWN,,,INDIRECT,,UNVERIFIED,,,,
0x008c46c0,,,FUN_008c46c0,,GUI,UNKNOWN,,,INDIRECT,,UNVERIFIED,,,,
0x008c4860,,,FUN_008c4860,,GUI,UNKNOWN,,,INDIRECT,,UNVERIFIED,,,,
0x008c4cc0,,,FUN_008c4cc0,,GUI,UNKNOWN,,,INDIRECT,,UNVERIFIED,,,,
0x008c4fa0,,,FUN_008c4fa0,,GUI,UNKNOWN,,,INDIRECT,,UNVERIFIED,,,,
0x008c5300,,,FUN_008c5300,,GUI,UNKNOWN,,,INDIRECT,,UNVERIFIED,,,,
0x008c54d0,,,FUN_008c54d0,,GUI,UNKNOWN,,,INDIRECT,,UNVERIFIED,,,,
0x008c5900,,,FUN_008c5900,,GUI,UNKNOWN,,,INDIRECT,,UNVERIFIED,,,,
0x008c5ae0,,,FUN_008c5ae0,,GUI,UNKNOWN,,,INDIRECT,,UNVERIFIED,,,,
0x008c5e80,,,FUN_008c5e80,,GUI,UNKNOWN,,,INDIRECT,,UNVERIFIED,,,,
0x008c6470,,,FUN_008c6470,,GUI,UNKNOWN,,,INDIRECT,,UNVERIFIED,,,,
0x008c75d0,,,FUN_008c75d0,,GUI,UNKNOWN,,,INDIRECT,,UNVERIFIED,,,,
0x008c78e0,,,FUN_008c78e0,,GUI,UNKNOWN,,,INDIRECT,,UNVERIFIED,,,,
0x008c8380,,,FUN_008c8380,,GUI,UNKNOWN,,,INDIRECT,,UNVERIFIED,,,,
0x008c8560,,,FUN_008c8560,,GUI,UNKNOWN,,,INDIRECT,,UNVERIFIED,,,,
0x008c8880,,,FUN_008c8880,,GUI,UNKNOWN,,,INDIRECT,,UNVERIFIED,,,,
0x008c8a60,,,FUN_008c8a60,,GUI,UNKNOWN,,,INDIRECT,,UNVERIFIED,,,,
0x008c8ed0,,,FUN_008c8ed0,,GUI,UNKNOWN,,,INDIRECT,,UNVERIFIED,,,,
0x008c9350,,,FUN_008c9350,,GUI,UNKNOWN,,,INDIRECT,,UNVERIFIED,,,,
0x008ca810,,,FUN_008ca810,,GUI,UNKNOWN,,,INDIRECT,,UNVERIFIED,,,,
0x008caa70,,,FUN_008caa70,,GUI,UNKNOWN,,,INDIRECT,,UNVERIFIED,,,,
0x008cac50,,,FUN_008cac50,,GUI,UNKNOWN,,,INDIRECT,,UNVERIFIED,,,,
0x008cb130,,,FUN_008cb130,,GUI,UNKNOWN,,,INDIRECT,,UNVERIFIED,,,,
0x008cb300,,,FUN_008cb300,,GUI,UNKNOWN,,,INDIRECT,,UNVERIFIED,,,,
0x008cb770,,,FUN_008cb770,,GUI,UNKNOWN,,,INDIRECT,,UNVERIFIED,,,,
0x008cb960,,,FUN_008cb960,,GUI,UNKNOWN,,,INDIRECT,,UNVERIFIED,,,,
0x008cc990,,,FUN_008cc990,,GUI,UNKNOWN,,,INDIRECT,,UNVERIFIED,,,,
0x008ccfc0,,,FUN_008ccfc0,,GUI,UNKNOWN,,,INDIRECT,,UNVERIFIED,,,,
0x008cd580,,,FUN_008cd580,,UNKNOWN,UNKNOWN,,,INDIRECT,,UNVERIFIED,,,,
0x008cd5b0,,,FUN_008cd5b0,,GUI,UNKNOWN,,,INDIRECT,,UNVERIFIED,,,,
0x008cd8c0,,,FUN_008cd8c0,,GUI,UNKNOWN,,,INDIRECT,,UNVERIFIED,,,,
0x008ce130,,,FUN_008ce130,,GUI,UNKNOWN,,,INDIRECT,,UNVERIFIED,,,,
0x008ce350,,,FUN_008ce350,,GUI,UNKNOWN,,,INDIRECT,,UNVERIFIED,,,,
0x008ce760,,transfer_manager.cpp,FUN_008ce760,,GUI,UNKNOWN,,,INDIRECT,,UNVERIFIED,,,,
0x008ce9a0,,,FUN_008ce9a0,,GUI,UNKNOWN,,,INDIRECT,,UNVERIFIED,,,,
0x008ceef0,,,FUN_008ceef0,,GUI,UNKNOWN,,,INDIRECT,,UNVERIFIED,,,,
0x008cf080,,,FUN_008cf080,,GUI,UNKNOWN,,,INDIRECT,,UNVERIFIED,,,,
0x008cf3b0,,,FUN_008cf3b0,,GUI,UNKNOWN,,,INDIRECT,,UNVERIFIED,,,,
0x008cf550,,,FUN_008cf550,,GUI,UNKNOWN,,,INDIRECT,,UNVERIFIED,,,,
0x008cf9e0,,,FUN_008cf9e0,,GUI,UNKNOWN,,,INDIRECT,,UNVERIFIED,,,,
0x008cfcb0,,,FUN_008cfcb0,,GUI,UNKNOWN,,,INDIRECT,,UNVERIFIED,,,,
0x008d0110,,,FUN_008d0110,,GUI,UNKNOWN,,,INDIRECT,,UNVERIFIED,,,,
0x008d02a0,,,FUN_008d02a0,,GUI,UNKNOWN,,,INDIRECT,,UNVERIFIED,,,,
0x008d0580,,,FUN_008d0580,,GUI,UNKNOWN,,,INDIRECT,,UNVERIFIED,,,,
0x008d0760,,,FUN_008d0760,,GUI,UNKNOWN,,,INDIRECT,,UNVERIFIED,,,,
0x008d0b60,,,FUN_008d0b60,,GUI,UNKNOWN,,,INDIRECT,,UNVERIFIED,,,,
0x008d0d90,,,FUN_008d0d90,person_news_item_build,news,PORTED_PARTIAL,crates/cm-domain/src/person_news.rs,PersonNewsItem;PersonNewsMailboxPool::push,INDIRECT,PLAYER_VISIBLE,STRUCTURALLY_VERIFIED,memory:news-generation-logic.md,222-byte item for 2 known callers (relegation/retire); ring overwrite + slots 1..4 omitted,,
0x008d0f70,,,FUN_008d0f70,,GUI,UNKNOWN,,,INDIRECT,,UNVERIFIED,,,,
0x008d1270,,,FUN_008d1270,,GUI,UNKNOWN,,,INDIRECT,,UNVERIFIED,,,,
0x008d1440,,,FUN_008d1440,,GUI,UNKNOWN,,,INDIRECT,,UNVERIFIED,,,,
0x008d15f0,,,FUN_008d15f0,,GUI,UNKNOWN,,,INDIRECT,,UNVERIFIED,,,,
0x008d1780,,,FUN_008d1780,,GUI,UNKNOWN,,,INDIRECT,,UNVERIFIED,,,,
0x008d1ac0,,,FUN_008d1ac0,,GUI,UNKNOWN,,,INDIRECT,,UNVERIFIED,,,,
0x008d1ee0,,,FUN_008d1ee0,,GUI,UNKNOWN,,,INDIRECT,,UNVERIFIED,,,,
0x008d2190,,,FUN_008d2190,,GUI,UNKNOWN,,,INDIRECT,,UNVERIFIED,,,,
0x008d2500,,,FUN_008d2500,,UNKNOWN,UNKNOWN,,,INDIRECT,,UNVERIFIED,,,,
0x008d25b0,,,FUN_008d25b0,,UNKNOWN,UNKNOWN,,,INDIRECT,,UNVERIFIED,,,,
0x008d2640,,,FUN_008d2640,,GUI,UNKNOWN,,,INDIRECT,,UNVERIFIED,,,,
0x008d2660,,,FUN_008d2660,,GUI,UNKNOWN,,,INDIRECT,,UNVERIFIED,,,,
0x008d26d0,,,FUN_008d26d0,,GUI,UNKNOWN,,,INDIRECT,,UNVERIFIED,,,,
0x008d2750,,transfer_offer.cpp,FUN_008d2750,,GUI,UNKNOWN,,,INDIRECT,,UNVERIFIED,,,,
0x008d2af0,,transfer_offer.cpp,FUN_008d2af0,,GUI,UNKNOWN,,,INDIRECT,,UNVERIFIED,,,,
0x008d2d20,,transfer_offer.cpp,FUN_008d2d20,,GUI,PORTED_BEHAVIOURAL,crates/cm-domain/src/transfer.rs,,YES,SIMULATION_RELEVANT,UNVERIFIED,,,,
0x008d47d0,,transfer_offer.cpp,FUN_008d47d0,,GUI,UNKNOWN,,,INDIRECT,,UNVERIFIED,,,,
0x008d48b0,,transfer_offer.cpp,FUN_008d48b0,,GUI,PORTED_BEHAVIOURAL,crates/cm-domain/src/transfer.rs,,YES,SIMULATION_RELEVANT,UNVERIFIED,,,,
0x008d4a30,,,FUN_008d4a30,,GUI,UNKNOWN,,,INDIRECT,,UNVERIFIED,,,,
0x008d4b10,,,FUN_008d4b10,,GUI,PORTED_BEHAVIOURAL,crates/cm-domain/src/transfer.rs,,YES,SIMULATION_RELEVANT,UNVERIFIED,,,,
0x008d4eb0,,,FUN_008d4eb0,,UNKNOWN,UNKNOWN,,,INDIRECT,,UNVERIFIED,,,,
0x008d4ed0,,,FUN_008d4ed0,,UNKNOWN,UNKNOWN,,,INDIRECT,,UNVERIFIED,,,,
0x008d4f30,,,FUN_008d4f30,,GUI,UNKNOWN,,,INDIRECT,,UNVERIFIED,,,,
0x008d5160,,transfer_offer.cpp,FUN_008d5160,,GUI,UNKNOWN,,,INDIRECT,,UNVERIFIED,,,,
0x008d52b0,,,FUN_008d52b0,,UNKNOWN,UNKNOWN,,,INDIRECT,,UNVERIFIED,,,,
0x008d52f0,,,FUN_008d52f0,,GUI,UNKNOWN,,,INDIRECT,,UNVERIFIED,,,,
0x008d5460,,,FUN_008d5460,,GUI,UNKNOWN,,,INDIRECT,,UNVERIFIED,,,,
0x008d5500,,,FUN_008d5500,,UNKNOWN,UNKNOWN,,,INDIRECT,,UNVERIFIED,,,,
0x008d5520,,,FUN_008d5520,,GUI,UNKNOWN,,,INDIRECT,,UNVERIFIED,,,,
0x008d57c0,,,FUN_008d57c0,,GUI,UNKNOWN,,,INDIRECT,,UNVERIFIED,,,,
0x008d5a20,,,FUN_008d5a20,,GUI,UNKNOWN,,,INDIRECT,,UNVERIFIED,,,,
0x008d5b90,,,FUN_008d5b90,,UNKNOWN,UNKNOWN,,,INDIRECT,,UNVERIFIED,,,,
0x008d5c00,,,FUN_008d5c00,,GUI,UNKNOWN,,,INDIRECT,,UNVERIFIED,,,,
0x008d5e10,,,FUN_008d5e10,,GUI,UNKNOWN,,,INDIRECT,,UNVERIFIED,,,,
0x008d5e90,,,FUN_008d5e90,,GUI,UNKNOWN,,,INDIRECT,,UNVERIFIED,,,,
0x008d6040,,,FUN_008d6040,,GUI,UNKNOWN,,,INDIRECT,,UNVERIFIED,,,,
0x008d6170,,,FUN_008d6170,,GUI,UNKNOWN,,,INDIRECT,,UNVERIFIED,,,,
0x008d6310,,,FUN_008d6310,player screen family,screens,UNKNOWN,crates/cm-domain/src/lib.rs;crates/cm-domain/src/screen_batch22.rs;crates/cm-domain/src/screen_batch23.rs,,NO,PLAYER_VISIBLE,UNVERIFIED,rust:crates/cm-domain/src/lib.rs,PlayerProfile data feeds this exe screen; reference only,,
0x008d6510,,,FUN_008d6510,,GUI,PORTED_BEHAVIOURAL,crates/cm-domain/src/screen_batch22.rs;crates/cm-domain/src/screen_batch23.rs,,YES,SIMULATION_RELEVANT,UNVERIFIED,,,,
0x008d6720,,transfer_screens.cpp,FUN_008d6720,,GUI,PORTED_BEHAVIOURAL,crates/cm-domain/src/screen_batch22.rs,,YES,SIMULATION_RELEVANT,UNVERIFIED,,,,
0x008da210,,,FUN_008da210,,GUI,UNKNOWN,crates/cm-domain/src/screen_batch22.rs;crates/cm-domain/src/screen_batch23.rs,,INDIRECT,,UNVERIFIED,,,,
0x008dcd50,,,FUN_008dcd50,,GUI,UNKNOWN,,,INDIRECT,,UNVERIFIED,,,,
0x008dcfd0,,,FUN_008dcfd0,,GUI,PORTED_BEHAVIOURAL,crates/cm-domain/src/screen_batch23.rs,,YES,SIMULATION_RELEVANT,UNVERIFIED,,,,
0x008dd030,,transfer_screens.cpp,FUN_008dd030,,GUI,PORTED_BEHAVIOURAL,crates/cm-domain/src/screen_batch23.rs,,YES,SIMULATION_RELEVANT,UNVERIFIED,,,,
0x008ddc90,,transfer_screens.cpp,FUN_008ddc90,,GUI,UNKNOWN,,,INDIRECT,,UNVERIFIED,,,,
0x008def70,,,FUN_008def70,,GUI,PORTED_BEHAVIOURAL,crates/cm-domain/src/screen_batch23.rs,,YES,SIMULATION_RELEVANT,UNVERIFIED,,,,
0x008df880,,,FUN_008df880,,UNKNOWN,PORTED_BEHAVIOURAL,crates/cm-domain/src/screen_batch23.rs,,YES,SIMULATION_RELEVANT,UNVERIFIED,,,,
0x008df8f0,,,FUN_008df8f0,,GUI,PORTED_BEHAVIOURAL,crates/cm-domain/src/screen_batch23.rs;crates/cm-render/src/news_action_classify.rs,,YES,SIMULATION_RELEVANT,UNVERIFIED,,,,
0x008df9f0,,,FUN_008df9f0,,GUI,PORTED_BEHAVIOURAL,crates/cm-domain/src/screen_batch23.rs;crates/cm-render/src/news_action_classify.rs,,YES,SIMULATION_RELEVANT,UNVERIFIED,,,,
0x008dfb10,,,FUN_008dfb10,contract-offer/move screen builder,screens,PORTED_BEHAVIOURAL,crates/cm-domain/src/screen_batch24.rs,build_contract_offer_or_move,INDIRECT,PLAYER_VISIBLE,STRUCTURALLY_VERIFIED,memory:wired-screens-are-approximations.md,input resolvers unresolved; not pixel-verified,,
0x008dfc20,,,FUN_008dfc20,small 3-slot screen builder,screens,PORTED_BEHAVIOURAL,crates/cm-domain/src/screen_batch24.rs,build_small_three_slot,INDIRECT,PLAYER_VISIBLE,STRUCTURALLY_VERIFIED,memory:wired-screens-are-approximations.md,not pixel-verified,,
0x008dfd00,,,FUN_008dfd00,,GUI,PORTED_BEHAVIOURAL,crates/cm-render/src/news_action_classify.rs,,YES,SIMULATION_RELEVANT,UNVERIFIED,,,,
0x008dfdf0,,transfer_screens.cpp,FUN_008dfdf0,wage-offer/move screen builder,screens,PORTED_BEHAVIOURAL,crates/cm-domain/src/screen_batch24.rs,build_wage_offer_or_move,INDIRECT,PLAYER_VISIBLE,STRUCTURALLY_VERIFIED,memory:wired-screens-are-approximations.md,MsgBox path; not pixel-verified,,
0x008e01d0,,,,Transfer Bid screen setup,screens,PORTED_BEHAVIOURAL,crates/cm-render/src/screens_auto.rs,build_screen_8e01d0,INDIRECT,PLAYER_VISIBLE,STRUCTURALLY_VERIFIED,memory:screen-builders-ported.md,not pixel-verified,,
0x008e0560,,,FUN_008e0560,,GUI,PORTED_BEHAVIOURAL,crates/cm-domain/src/screen_batch24.rs,,YES,SIMULATION_RELEVANT,UNVERIFIED,,,,
0x008e0710,,,FUN_008e0710,2-slot screen builder,screens,PORTED_BEHAVIOURAL,crates/cm-domain/src/screen_batch24.rs,build_two_slot_0710,INDIRECT,PLAYER_VISIBLE,STRUCTURALLY_VERIFIED,memory:wired-screens-are-approximations.md,not pixel-verified,,
0x008e0760,,,FUN_008e0760,,GUI,PORTED_BEHAVIOURAL,crates/cm-domain/src/screen_batch23.rs;crates/cm-domain/src/screen_batch24.rs;crates/cm-domain/src/screen_batch26.rs,,YES,SIMULATION_RELEVANT,UNVERIFIED,,,,
0x008e0af0,,,FUN_008e0af0,,UNKNOWN,PORTED_BEHAVIOURAL,crates/cm-domain/src/screen_batch24.rs;crates/cm-domain/src/screen_batch26.rs,,YES,SIMULATION_RELEVANT,UNVERIFIED,,,,
0x008e0b60,,,FUN_008e0b60,2-slot screen builder,screens,PORTED_BEHAVIOURAL,crates/cm-domain/src/screen_batch24.rs,build_two_slot_0b60,INDIRECT,PLAYER_VISIBLE,STRUCTURALLY_VERIFIED,memory:wired-screens-are-approximations.md,not pixel-verified,,
0x008e0bb0,,,FUN_008e0bb0,,GUI,PORTED_BEHAVIOURAL,crates/cm-domain/src/screen_batch24.rs,,YES,SIMULATION_RELEVANT,UNVERIFIED,,,,
0x008e10c0,,,FUN_008e10c0,,GUI,PORTED_BEHAVIOURAL,crates/cm-domain/src/screen_batch25.rs;crates/cm-render/src/news_action_classify.rs,,YES,SIMULATION_RELEVANT,UNVERIFIED,,,,
0x008e1250,,transfer_screens.cpp,FUN_008e1250,,GUI,UNKNOWN,,,INDIRECT,,UNVERIFIED,,,,
0x008e26a0,,,FUN_008e26a0,,GUI,PORTED_BEHAVIOURAL,crates/cm-domain/src/screen_batch25.rs,,YES,SIMULATION_RELEVANT,UNVERIFIED,,,,
0x008e26f0,,,FUN_008e26f0,,GUI,PORTED_BEHAVIOURAL,crates/cm-domain/src/screen_batch25.rs,,YES,SIMULATION_RELEVANT,UNVERIFIED,,,,
0x008e3320,,,FUN_008e3320,,GUI,PORTED_BEHAVIOURAL,crates/cm-domain/src/screen_batch25.rs,,YES,SIMULATION_RELEVANT,UNVERIFIED,,,,
0x008e3700,,,FUN_008e3700,,GUI,UNKNOWN,crates/cm-domain/src/menu.rs;crates/cm-domain/src/screen_transfers.rs;crates/cm-domain/src/sidebar_dispatcher.rs;crates/cm-render/src/dispatcher.rs;crates/cm-render/src/view_render.rs,,INDIRECT,,UNVERIFIED,,,,
0x008e37e0,,,FUN_008e37e0,,GUI,PORTED_BEHAVIOURAL,crates/cm-domain/src/screen_transfers.rs,,YES,SIMULATION_RELEVANT,UNVERIFIED,,,,
0x008e5040,,,FUN_008e5040,,GUI,PORTED_BEHAVIOURAL,crates/cm-render/src/news_action_classify.rs,,YES,SIMULATION_RELEVANT,UNVERIFIED,,,,
0x008e50e0,,,FUN_008e50e0,,GUI,PORTED_BEHAVIOURAL,crates/cm-domain/src/screen_batch25.rs,,YES,SIMULATION_RELEVANT,UNVERIFIED,,,,
0x008e5380,,transfer_screens.cpp,FUN_008e5380,,GUI,UNKNOWN,,,INDIRECT,,UNVERIFIED,,,,
0x008e61e0,,,FUN_008e61e0,,GUI,UNKNOWN,,,INDIRECT,,UNVERIFIED,,,,
0x008e6cc0,,,FUN_008e6cc0,,GUI,PORTED_BEHAVIOURAL,crates/cm-domain/src/screen_batch26.rs,,YES,SIMULATION_RELEVANT,UNVERIFIED,,,,
0x008e7270,,,FUN_008e7270,,GUI,PORTED_BEHAVIOURAL,crates/cm-domain/src/screen_batch26.rs,,YES,SIMULATION_RELEVANT,UNVERIFIED,,,,
0x008e72b0,,,FUN_008e72b0,,GUI,PORTED_BEHAVIOURAL,crates/cm-domain/src/screen_batch26.rs,,YES,SIMULATION_RELEVANT,UNVERIFIED,,,,
0x008e78d0,,,FUN_008e78d0,,GUI,PORTED_BEHAVIOURAL,crates/cm-domain/src/screen_batch26.rs,,YES,SIMULATION_RELEVANT,UNVERIFIED,,,,
0x008e82b0,,transfer_screens.cpp,FUN_008e82b0,,GUI,PORTED_BEHAVIOURAL,crates/cm-domain/src/screen_batch26.rs;crates/cm-render/src/news_action_classify.rs,,YES,SIMULATION_RELEVANT,UNVERIFIED,,,,
0x008e8590,,,FUN_008e8590,,GUI,PORTED_BEHAVIOURAL,crates/cm-domain/src/screen_batch26.rs,,YES,SIMULATION_RELEVANT,UNVERIFIED,,,,
0x008e8920,,transfer_screens.cpp,FUN_008e8920,,GUI,PORTED_BEHAVIOURAL,crates/cm-domain/src/screen_batch24.rs;crates/cm-domain/src/screen_batch26.rs,,YES,SIMULATION_RELEVANT,UNVERIFIED,,,,
0x008e9e60,,,,empty screen builder,screens,PORTED_PARTIAL,crates/cm-render/src/screens_auto.rs,build_screen_8e9e60,INDIRECT,UI_RENDERING,STRUCTURALLY_VERIFIED,memory:screen-builders-ported.md,0-widget stub,,
0x008ea760,,,FUN_008ea760,,GUI,PORTED_BEHAVIOURAL,crates/cm-domain/src/screen_batch27.rs,,YES,SIMULATION_RELEVANT,UNVERIFIED,,,,
0x008eaef0,,,FUN_008eaef0,,GUI,PORTED_BEHAVIOURAL,crates/cm-domain/src/screen_batch27.rs,,YES,SIMULATION_RELEVANT,UNVERIFIED,,,,
0x008eb690,,comp/cups/tur_cup.cpp,FUN_008eb690,,GUI,UNKNOWN,,,INDIRECT,,UNVERIFIED,,,,
0x008eb860,,,FUN_008eb860,,UNKNOWN,UNKNOWN,,,INDIRECT,,UNVERIFIED,,,,
0x008eb880,,,FUN_008eb880,,UNKNOWN,UNKNOWN,,,INDIRECT,,UNVERIFIED,,,,
0x008eb950,,comp/cups/tur_cup.cpp,FUN_008eb950,,GUI,UNKNOWN,,,INDIRECT,,UNVERIFIED,,,,
0x008ebe70,,comp/cups/tur_cup.cpp,FUN_008ebe70,,GUI,UNKNOWN,,,INDIRECT,,UNVERIFIED,,,,
0x008ec240,,comp/leagues/tur_first.cpp,FUN_008ec240,,GUI,UNKNOWN,,,INDIRECT,,UNVERIFIED,,,,
0x008ec450,,,FUN_008ec450,,UNKNOWN,UNKNOWN,,,INDIRECT,,UNVERIFIED,,,,
0x008ec470,,,FUN_008ec470,,GUI,UNKNOWN,,,INDIRECT,,UNVERIFIED,,,,
0x008ed0a0,,comp/leagues/tur_first.cpp,FUN_008ed0a0,,GUI,UNKNOWN,,,INDIRECT,,UNVERIFIED,,,,
0x008ed270,,,FUN_008ed270,,UNKNOWN,UNKNOWN,,,INDIRECT,,UNVERIFIED,,,,
0x008ed530,,,FUN_008ed530,,UNKNOWN,UNKNOWN,,,INDIRECT,,UNVERIFIED,,,,
0x008ed680,,comp/leagues/tur_first.cpp,FUN_008ed680,,GUI,UNKNOWN,,,INDIRECT,,UNVERIFIED,,,,
0x008ed860,,,FUN_008ed860,,UNKNOWN,UNKNOWN,,,INDIRECT,,UNVERIFIED,,,,
0x008ed9d0,,comp/leagues/tur_second.cpp,FUN_008ed9d0,,GUI,UNKNOWN,,,INDIRECT,,UNVERIFIED,,,,
0x008edbe0,,,FUN_008edbe0,,UNKNOWN,UNKNOWN,,,INDIRECT,,UNVERIFIED,,,,
0x008edc00,,,FUN_008edc00,,GUI,UNKNOWN,,,INDIRECT,,UNVERIFIED,,,,
0x008ee430,,comp/leagues/tur_second.cpp,FUN_008ee430,,GUI,UNKNOWN,,,INDIRECT,,UNVERIFIED,,,,
0x008ee560,,,FUN_008ee560,,UNKNOWN,UNKNOWN,,,INDIRECT,,UNVERIFIED,,,,
0x008ee7a0,,comp/leagues/tur_second_b.cpp,FUN_008ee7a0,,GUI,UNKNOWN,,,INDIRECT,,UNVERIFIED,,,,
0x008ee9e0,,,FUN_008ee9e0,,UNKNOWN,UNKNOWN,,,INDIRECT,,UNVERIFIED,,,,
0x008eea00,,,FUN_008eea00,,GUI,UNKNOWN,,,INDIRECT,,UNVERIFIED,,,,
0x008ef5a0,,comp/leagues/tur_second_b.cpp,FUN_008ef5a0,,GUI,UNKNOWN,,,INDIRECT,,UNVERIFIED,,,,
0x008ef740,,,FUN_008ef740,,UNKNOWN,UNKNOWN,,,INDIRECT,,UNVERIFIED,,,,
0x008efa60,,comp/leagues/tur_second_b.cpp,FUN_008efa60,,GUI,UNKNOWN,,,INDIRECT,,UNVERIFIED,,,,
0x008efd90,,comp/leagues/tur_second_b.cpp,FUN_008efd90,,GUI,UNKNOWN,,,INDIRECT,,UNVERIFIED,,,,
0x008effe0,,comp/leagues/tur_second_b.cpp,FUN_008effe0,,GUI,UNKNOWN,,,INDIRECT,,UNVERIFIED,,,,
0x008f0320,,comp/leagues/tur_second_b.cpp,FUN_008f0320,,GUI,UNKNOWN,,,INDIRECT,,UNVERIFIED,,,,
0x008f0c30,,comp/leagues/tur_second_b.cpp,FUN_008f0c30,,GUI,UNKNOWN,,,INDIRECT,,UNVERIFIED,,,,
0x008f0f40,,,FUN_008f0f40,,GUI,UNKNOWN,,,INDIRECT,,UNVERIFIED,,,,
0x008f0fd0,,award/turkey_awards.cpp,FUN_008f0fd0,,GUI,UNKNOWN,,,INDIRECT,,UNVERIFIED,,,,
0x008f1370,,transfer/turkey_rules.cpp,FUN_008f1370,,GUI,UNKNOWN,,,INDIRECT,,UNVERIFIED,,,,
0x008f15d0,,comp/eurocomp/uefa_cup.cpp,FUN_008f15d0,,GUI,UNKNOWN,,,INDIRECT,,UNVERIFIED,,,,
0x008f17c0,,,FUN_008f17c0,,UNKNOWN,UNKNOWN,,,INDIRECT,,UNVERIFIED,,,,
0x008f17e0,,,FUN_008f17e0,,UNKNOWN,UNKNOWN,,,INDIRECT,,UNVERIFIED,,,,
0x008f18b0,,,FUN_008f18b0,,UNKNOWN,UNKNOWN,,,INDIRECT,,UNVERIFIED,,,,
0x008f1920,,comp/eurocomp/uefa_cup.cpp,FUN_008f1920,,GUI,UNKNOWN,,,INDIRECT,,UNVERIFIED,,,,
0x008f1ef0,,comp/eurocomp/uefa_cup.cpp,FUN_008f1ef0,,GUI,UNKNOWN,,,INDIRECT,,UNVERIFIED,,,,
0x008f2410,,,FUN_008f2410,,UNKNOWN,UNKNOWN,,,INDIRECT,,UNVERIFIED,,,,
0x008f26c0,,,FUN_008f26c0,,RESOURCE,UNKNOWN,,,INDIRECT,,UNVERIFIED,,,,
0x008f28d0,,,FUN_008f28d0,,UNKNOWN,UNKNOWN,,,INDIRECT,,UNVERIFIED,,,,
0x008f28f0,,,FUN_008f28f0,,UNKNOWN,UNKNOWN,,,INDIRECT,,UNVERIFIED,,,,
0x008f2900,,comp/uefa_seeding.cpp,FUN_008f2900,background subsystem E,tick,NOT_YET_PORTED,crates/cm-domain/src/lib.rs,,NO,SIMULATION_RELEVANT,HYPOTHESIS,rust:crates/cm-domain/src/lib.rs,step 10b; named stub,,
0x008f2b10,,comp/uefa_seeding.cpp,FUN_008f2b10,,GUI,FOREIGN_BREADTH,,,NO,SIMULATION_RELEVANT,UNVERIFIED,,,,
0x008f2bf0,,comp/uefa_seeding.cpp,FUN_008f2bf0,,GUI,UNKNOWN,,,INDIRECT,,UNVERIFIED,,,,
0x008f2eb0,,,FUN_008f2eb0,,UNKNOWN,UNKNOWN,,,INDIRECT,,UNVERIFIED,,,,
0x008f3020,,comp/uefa_seeding.cpp,FUN_008f3020,,GUI,UNKNOWN,,,INDIRECT,,UNVERIFIED,,,,
0x008f33a0,,comp/uefa_seeding.cpp,FUN_008f33a0,,GUI,FOREIGN_BREADTH,,,NO,SIMULATION_RELEVANT,UNVERIFIED,,,,
0x008f3570,,comp/uefa_seeding.cpp,FUN_008f3570,,GUI,UNKNOWN,,,INDIRECT,,UNVERIFIED,,,,
0x008f38e0,,comp/uefa_seeding.cpp,FUN_008f38e0,,GUI,UNKNOWN,,,INDIRECT,,UNVERIFIED,,,,
0x008f4190,,,FUN_008f4190,,GUI,UNKNOWN,,,INDIRECT,,UNVERIFIED,,,,
0x008f4430,,,FUN_008f4430,,GUI,UNKNOWN,,,INDIRECT,,UNVERIFIED,,,,
0x008f4590,,comp/uefa_seeding.cpp,FUN_008f4590,,GUI,UNKNOWN,,,INDIRECT,,UNVERIFIED,,,,
0x008f4870,,comp/uefa_seeding.cpp,FUN_008f4870,,GUI,UNKNOWN,,,INDIRECT,,UNVERIFIED,,,,
0x008f4af0,,comp/uefa_seeding.cpp,FUN_008f4af0,,GUI,UNKNOWN,,,INDIRECT,,UNVERIFIED,,,,
0x008f4c10,,,FUN_008f4c10,,GUI,UNKNOWN,,,INDIRECT,,UNVERIFIED,,,,
0x008f4c40,,,FUN_008f4c40,,GUI,UNKNOWN,,,INDIRECT,,UNVERIFIED,,,,
0x008f4d40,,,FUN_008f4d40,,GUI,UNKNOWN,,,INDIRECT,,UNVERIFIED,,,,
0x008f4fc0,,,FUN_008f4fc0,,GUI,UNKNOWN,,,INDIRECT,,UNVERIFIED,,,,
0x008f50a0,,,FUN_008f50a0,,GUI,UNKNOWN,,,INDIRECT,,UNVERIFIED,,,,
0x008f5260,,,FUN_008f5260,,GUI,UNKNOWN,,,INDIRECT,,UNVERIFIED,,,,
0x008f5490,,,FUN_008f5490,,GUI,UNKNOWN,,,INDIRECT,,UNVERIFIED,,,,
0x008f5770,,,FUN_008f5770,,UNKNOWN,UNKNOWN,,,INDIRECT,,UNVERIFIED,,,,
0x008f5800,,ultimatum.cpp,FUN_008f5800,,GUI,PORTED_BEHAVIOURAL,crates/cm-domain/src/screen_batch27.rs,,YES,SIMULATION_RELEVANT,UNVERIFIED,,,,
0x008f5d90,,award/usa_awards.cpp,FUN_008f5d90,,GUI,UNKNOWN,,,INDIRECT,,UNVERIFIED,,,,
0x008f5ed0,,award/usa_awards.cpp,FUN_008f5ed0,,GUI,UNKNOWN,,,INDIRECT,,UNVERIFIED,,,,
0x008f6390,,comp/leagues/usa_mls.cpp,FUN_008f6390,,GUI,UNKNOWN,,,INDIRECT,,UNVERIFIED,,,,
0x008f6600,,,FUN_008f6600,,UNKNOWN,UNKNOWN,,,INDIRECT,,UNVERIFIED,,,,
0x008f6620,,,FUN_008f6620,,GUI,UNKNOWN,,,INDIRECT,,UNVERIFIED,,,,
0x008f7970,,comp/leagues/usa_mls.cpp,FUN_008f7970,,GUI,UNKNOWN,,,INDIRECT,,UNVERIFIED,,,,
0x008f7af0,,,FUN_008f7af0,,GUI,UNKNOWN,,,INDIRECT,,UNVERIFIED,,,,
0x008f83d0,,comp/leagues/usa_mls.cpp,FUN_008f83d0,,GUI,UNKNOWN,,,INDIRECT,,UNVERIFIED,,,,
0x008f85f0,,comp/leagues/usa_mls.cpp,FUN_008f85f0,,GUI,UNKNOWN,,,INDIRECT,,UNVERIFIED,,,,
0x008f88d0,,comp/leagues/usa_mls.cpp,FUN_008f88d0,,GUI,UNKNOWN,,,INDIRECT,,UNVERIFIED,,,,
0x008f8be0,,comp/leagues/usa_mls.cpp,FUN_008f8be0,,GUI,UNKNOWN,,,INDIRECT,,UNVERIFIED,,,,
0x008f8fc0,,comp/leagues/usa_mls.cpp,FUN_008f8fc0,,GUI,UNKNOWN,,,INDIRECT,,UNVERIFIED,,,,
0x008f92d0,,comp/leagues/usa_mls.cpp,FUN_008f92d0,,GUI,PORTED_BEHAVIOURAL,crates/cm-domain/src/screen_batch28.rs,,YES,SIMULATION_RELEVANT,UNVERIFIED,,,,
0x008f9410,,comp/leagues/usa_mls.cpp,FUN_008f9410,,GUI,UNKNOWN,,,INDIRECT,,UNVERIFIED,,,,
0x008f9560,,comp/cups/usa_mls_all_stars.cpp,FUN_008f9560,,GUI,UNKNOWN,,,INDIRECT,,UNVERIFIED,,,,
0x008f9720,,,FUN_008f9720,,UNKNOWN,UNKNOWN,,,INDIRECT,,UNVERIFIED,,,,
0x008f9740,,,FUN_008f9740,,UNKNOWN,UNKNOWN,,,INDIRECT,,UNVERIFIED,,,,
0x008f9810,,comp/cups/usa_mls_all_stars.cpp,FUN_008f9810,,GUI,UNKNOWN,,,INDIRECT,,UNVERIFIED,,,,
0x008f9950,,comp/cups/usa_mls_all_stars.cpp,FUN_008f9950,,GUI,UNKNOWN,,,INDIRECT,,UNVERIFIED,,,,
0x008f9d10,,,FUN_008f9d10,,GUI,UNKNOWN,,,INDIRECT,,UNVERIFIED,,,,
0x008f9d90,,comp/cups/usa_mls_all_stars.cpp,FUN_008f9d90,,GUI,UNKNOWN,,,INDIRECT,,UNVERIFIED,,,,
0x008fa2c0,,comp/cups/usa_open_cup.cpp,FUN_008fa2c0,,GUI,UNKNOWN,,,INDIRECT,,UNVERIFIED,,,,
0x008fa490,,,FUN_008fa490,,UNKNOWN,UNKNOWN,,,INDIRECT,,UNVERIFIED,,,,
0x008fa4b0,,,FUN_008fa4b0,,UNKNOWN,UNKNOWN,,,INDIRECT,,UNVERIFIED,,,,
0x008fa580,,comp/cups/usa_open_cup.cpp,FUN_008fa580,,GUI,UNKNOWN,,,INDIRECT,,UNVERIFIED,,,,
0x008fa820,,,,,,PORTED_BEHAVIOURAL,crates/cm-render/src/scrman.rs,,YES,SIMULATION_RELEVANT,UNVERIFIED,,,,
0x008fa940,,comp/cups/usa_open_cup.cpp,FUN_008fa940,,GUI,UNKNOWN,,,INDIRECT,,UNVERIFIED,,,,
0x008fad50,,transfer/usa_rules.cpp,FUN_008fad50,,GUI,UNKNOWN,,,INDIRECT,,UNVERIFIED,,,,
0x008faef0,,utils.cpp,FUN_008faef0,,GUI,PORTED_BEHAVIOURAL,crates/cm-render/src/scrman.rs,,YES,SIMULATION_RELEVANT,UNVERIFIED,,,,
0x008fafd0,,utils.cpp,FUN_008fafd0,,GUI,NON_USEFUL,,,NO,IMPLEMENTATION_ONLY,UNVERIFIED,,,,
0x008fb0b0,,,FUN_008fb0b0,,GUI,PORTED_BEHAVIOURAL,crates/cm-domain/src/screen_batch19.rs,,YES,SIMULATION_RELEVANT,UNVERIFIED,,,,
0x008fb240,,,FUN_008fb240,,GUI,PORTED_BEHAVIOURAL,crates/cm-domain/src/screen_batch8.rs;crates/cm-render/src/screen_menu_bar.rs;crates/cm-render/src/scrman.rs,,YES,SIMULATION_RELEVANT,UNVERIFIED,,,,
0x008fb300,,utils.cpp,FUN_008fb300,,GUI,NON_USEFUL,,,NO,IMPLEMENTATION_ONLY,UNVERIFIED,,,,
0x008fb3f0,,utils.cpp,FUN_008fb3f0,,GUI,UNKNOWN,crates/cm-domain/src/screen_batch19.rs;crates/cm-render/src/scrman.rs,,INDIRECT,,UNVERIFIED,,,,
0x008fb580,,utils.cpp,FUN_008fb580,,GUI,NON_USEFUL,,,NO,IMPLEMENTATION_ONLY,UNVERIFIED,,,,
0x008fb660,,,FUN_008fb660,,GUI,UNKNOWN,,,INDIRECT,,UNVERIFIED,,,,
0x008fb6c0,,,FUN_008fb6c0,,GUI,UNKNOWN,,,INDIRECT,,UNVERIFIED,,,,
0x008fb6f0,,,FUN_008fb6f0,,GUI,UNKNOWN,,,INDIRECT,,UNVERIFIED,,,,
0x008fb7f0,,,FUN_008fb7f0,,GUI,UNKNOWN,,,INDIRECT,,UNVERIFIED,,,,
0x008fb810,,,FUN_008fb810,,UNKNOWN,UNKNOWN,,,INDIRECT,,UNVERIFIED,,,,
0x008fb830,,utils.cpp,FUN_008fb830,,GUI,UNKNOWN,,,INDIRECT,,UNVERIFIED,,,,
0x008fba40,,,thunk_FUN_009362a5,,GUI,UNKNOWN,,,INDIRECT,,UNVERIFIED,,,,
0x008fba50,,utils.cpp,FUN_008fba50,,GUI,UNKNOWN,,,INDIRECT,,UNVERIFIED,,,,
0x008fc050,,,FUN_008fc050,,UNKNOWN,UNKNOWN,,,INDIRECT,,UNVERIFIED,,,,
0x008fc0d0,,,FUN_008fc0d0,,GUI,UNKNOWN,,,INDIRECT,,UNVERIFIED,,,,
0x008fc180,,,FUN_008fc180,,GUI,UNKNOWN,,,INDIRECT,,UNVERIFIED,,,,
0x008fc280,,,FUN_008fc280,,RESOURCE,PORTED_BEHAVIOURAL,crates/cm-render/src/scrman.rs,,YES,SIMULATION_RELEVANT,UNVERIFIED,,,,
0x008fc450,,,FUN_008fc450,,UNKNOWN,UNKNOWN,,,INDIRECT,,UNVERIFIED,,,,
0x008fc4f0,,,FUN_008fc4f0,pool rand (rand_mod),rng,PORTED_EXACT,crates/cm-domain/src/game_rng.rs;crates/cm-domain/src/sim_rng.rs;crates/cm-rng/src/lib.rs,GameRng::rand_mod;SimRng::rand;cm_rng::MatchRng::random,YES,SIMULATION_RELEVANT,BYTE_EXACT,memory/c10-11-rng-byte-exact.md;memory:player-init-decode.md,79-instr asm ported line-by-line; from_state replay byte-exact all 5 English leagues (POOL_ADDR_SHIFT_GDI=184); sim_rng large-n approximates __ftol as 0 (PARTIAL there) | 51000-entry table extracted to rust-db/config/rng_table.bin; all player-init RNG paths | MULTI-ROLE: PORTED_EXACT=pool rand (rand_mod); PORTED_EXACT=game_ring_buffer_rng,,
0x008fc5d0,,,FUN_008fc5d0,rng seed / srand-equivalent,rng,PORTED_EXACT,crates/cm-domain/src/game_rng.rs;crates/cm-domain/src/sim_rng.rs,GameRng::new;SimRng::seed,YES,SIMULATION_RELEVANT,STRUCTURALLY_VERIFIED,memory/c10-11-rng-byte-exact.md,cursor=rand()%51000 jitter=rand()&0xffff; captures inject via from_state so seed path itself not capture-verified,,
0x008fc660,,,FUN_008fc660,,GUI,PORTED_BEHAVIOURAL,crates/cm-domain/src/screen_batch24.rs;crates/cm-render/src/dispatcher.rs,,YES,SIMULATION_RELEVANT,UNVERIFIED,,,,
0x008fc670,,,FUN_008fc670,,RESOURCE,UNKNOWN,,,INDIRECT,,UNVERIFIED,,,,
0x008fc810,,,FUN_008fc810,,UNKNOWN,UNKNOWN,,,INDIRECT,,UNVERIFIED,,,,
0x008fc820,,virtual_staff.cpp,FUN_008fc820,,GUI,NOT_YET_PORTED,,,NO,SIMULATION_RELEVANT,UNVERIFIED,,,,
0x008fca20,,,FUN_008fca20,,GUI,UNKNOWN,,,INDIRECT,,UNVERIFIED,,,,
0x008fcbe0,,,FUN_008fcbe0,,GUI,UNKNOWN,,,INDIRECT,,UNVERIFIED,,,player_regen ghost-id cleanup,decompile source is virtual_staff.cpp squad DE-registration; player_regen.rs actually cites FUN_008FC4F0 (the RNG). The two addresses were conflated.
0x008fcd90,,,FUN_008fcd90,,GUI,UNKNOWN,,,INDIRECT,,UNVERIFIED,,,,
0x008fce20,,,FUN_008fce20,,GUI,UNKNOWN,,,INDIRECT,,UNVERIFIED,,,,
0x008fd010,,,FUN_008fd010,,GUI,UNKNOWN,,,INDIRECT,,UNVERIFIED,,,,
0x008fd550,,,FUN_008fd550,,UNKNOWN,UNKNOWN,,,INDIRECT,,UNVERIFIED,,,,
0x008fd5d0,,,FUN_008fd5d0,,GUI,UNKNOWN,,,INDIRECT,,UNVERIFIED,,,,
0x008fdc90,,,FUN_008fdc90,,,UNKNOWN,,,INDIRECT,,UNVERIFIED,,,,
0x008fded0,,,FUN_008fded0,,GUI,UNKNOWN,,,INDIRECT,,UNVERIFIED,,,,
0x008fe000,,award/wales_awards.cpp,FUN_008fe000,,GUI,UNKNOWN,,,INDIRECT,,UNVERIFIED,,,,
0x008fe140,,award/wales_awards.cpp,FUN_008fe140,,GUI,UNKNOWN,,,INDIRECT,,UNVERIFIED,,,,
0x008fe5b0,,transfer/wales_rules.cpp,FUN_008fe5b0,,GUI,UNKNOWN,,,INDIRECT,,UNVERIFIED,,,,
0x008fe710,,comp/worldcup/wc_african_cup.cpp,FUN_008fe710,,GUI,UNKNOWN,,,INDIRECT,,UNVERIFIED,,,,
0x008fe9f0,,,FUN_008fe9f0,,UNKNOWN,UNKNOWN,,,INDIRECT,,UNVERIFIED,,,,
0x008fea10,,,FUN_008fea10,,UNKNOWN,UNKNOWN,,,INDIRECT,,UNVERIFIED,,,,
0x008feb20,,comp/worldcup/wc_african_cup.cpp,FUN_008feb20,,GUI,UNKNOWN,,,INDIRECT,,UNVERIFIED,,,,
0x008ff630,,comp/worldcup/wc_african_cup.cpp,FUN_008ff630,,GUI,UNKNOWN,,,INDIRECT,,UNVERIFIED,,,,
0x008ffbb0,,comp/worldcup/wc_african_cup.cpp,FUN_008ffbb0,,GUI,UNKNOWN,,,INDIRECT,,UNVERIFIED,,,,
0x008ffef0,,comp/worldcup/wc_african_cup.cpp,FUN_008ffef0,,GUI,UNKNOWN,,,INDIRECT,,UNVERIFIED,,,,
0x00900230,,comp/worldcup/wc_african_cup.cpp,FUN_00900230,,GUI,UNKNOWN,,,INDIRECT,,UNVERIFIED,,,,
0x00900620,,,FUN_00900620,,UNKNOWN,UNKNOWN,,,INDIRECT,,UNVERIFIED,,,,
0x009006e0,,comp/worldcup/wc_african_cup.cpp,FUN_009006e0,,GUI,UNKNOWN,,,INDIRECT,,UNVERIFIED,,,,
0x00901090,,,FUN_00901090,,UNKNOWN,UNKNOWN,,,INDIRECT,,UNVERIFIED,,,,
0x009010e0,,comp/worldcup/wc_asia_league.cpp,FUN_009010e0,,GUI,UNKNOWN,,,INDIRECT,,UNVERIFIED,,,,
0x009012d0,,,FUN_009012d0,,UNKNOWN,UNKNOWN,,,INDIRECT,,UNVERIFIED,,,,
0x009012f0,,,FUN_009012f0,,GUI,UNKNOWN,,,INDIRECT,,UNVERIFIED,,,,
0x00901fb0,,comp/worldcup/wc_asia_league.cpp,FUN_00901fb0,,GUI,UNKNOWN,,,INDIRECT,,UNVERIFIED,,,,
0x009020b0,,comp/worldcup/wc_asia_league.cpp,FUN_009020b0,,GUI,UNKNOWN,,,INDIRECT,,UNVERIFIED,,,,
0x00902290,,comp/worldcup/wc_asia_league.cpp,FUN_00902290,,GUI,UNKNOWN,,,INDIRECT,,UNVERIFIED,,,,
0x00902390,,,FUN_00902390,,UNKNOWN,UNKNOWN,,,INDIRECT,,UNVERIFIED,,,,
0x00902620,,comp/worldcup/wc_asia_league.cpp,FUN_00902620,,GUI,UNKNOWN,,,INDIRECT,,UNVERIFIED,,,,
0x00902a20,,comp/worldcup/wc_asia_league.cpp,FUN_00902a20,,GUI,UNKNOWN,,,INDIRECT,,UNVERIFIED,,,,
0x00902c20,,comp/worldcup/wc_asia_league.cpp,FUN_00902c20,,GUI,UNKNOWN,,,INDIRECT,,UNVERIFIED,,,,
0x00903040,,comp/worldcup/wc_asia_league.cpp,FUN_00903040,,GUI,UNKNOWN,,,INDIRECT,,UNVERIFIED,,,,
0x00903230,,comp/worldcup/wc_asia_league.cpp,FUN_00903230,,GUI,UNKNOWN,,,INDIRECT,,UNVERIFIED,,,,
0x00903440,,comp/worldcup/wc_asia_league.cpp,FUN_00903440,,GUI,UNKNOWN,,,INDIRECT,,UNVERIFIED,,,,
0x009038f0,,,FUN_009038f0,,UNKNOWN,UNKNOWN,,,INDIRECT,,UNVERIFIED,,,,
0x00903ed0,,,FUN_00903ed0,,,UNKNOWN,,,INDIRECT,,UNVERIFIED,,,,
0x00904180,,,FUN_00904180,,UNKNOWN,UNKNOWN,,,INDIRECT,,UNVERIFIED,,,,
0x009041a0,,,FUN_009041a0,,UNKNOWN,UNKNOWN,,,INDIRECT,,UNVERIFIED,,,,
0x009042c0,,comp/worldcup/wc_concacaf_cup.cpp,FUN_009042c0,,GUI,UNKNOWN,,,INDIRECT,,UNVERIFIED,,,,
0x00905220,,comp/worldcup/wc_concacaf_cup.cpp,FUN_00905220,,GUI,UNKNOWN,,,INDIRECT,,UNVERIFIED,,,,
0x00905320,,,FUN_00905320,,GUI,UNKNOWN,,,INDIRECT,,UNVERIFIED,,,,
0x00905730,,comp/worldcup/wc_concacaf_cup.cpp,FUN_00905730,,GUI,UNKNOWN,,,INDIRECT,,UNVERIFIED,,,,
0x009061b0,,comp/worldcup/wc_concacaf_cup.cpp,FUN_009061b0,,GUI,UNKNOWN,,,INDIRECT,,UNVERIFIED,,,,
0x009065f0,,comp/worldcup/wc_concacaf_cup.cpp,FUN_009065f0,,GUI,UNKNOWN,,,INDIRECT,,UNVERIFIED,,,,
0x00906800,,comp/worldcup/wc_concacaf_cup.cpp,FUN_00906800,,GUI,UNKNOWN,,,INDIRECT,,UNVERIFIED,,,,
0x00906d10,,comp/worldcup/wc_concacaf_cup.cpp,FUN_00906d10,,GUI,UNKNOWN,,,INDIRECT,,UNVERIFIED,,,,
0x009071b0,,,FUN_009071b0,,UNKNOWN,UNKNOWN,,,INDIRECT,,UNVERIFIED,,,,
0x00907290,,comp/worldcup/wc_concacaf_cup.cpp,FUN_00907290,,GUI,UNKNOWN,,,INDIRECT,,UNVERIFIED,,,,
0x00907700,,comp/worldcup/wc_europe_league.cpp,FUN_00907700,,GUI,UNKNOWN,,,INDIRECT,,UNVERIFIED,,,,
0x00907990,,,FUN_00907990,,UNKNOWN,UNKNOWN,,,INDIRECT,,UNVERIFIED,,,,
0x009079b0,,,FUN_009079b0,,GUI,UNKNOWN,,,INDIRECT,,UNVERIFIED,,,,
0x009082c0,,comp/worldcup/wc_europe_league.cpp,FUN_009082c0,,GUI,UNKNOWN,,,INDIRECT,,UNVERIFIED,,,,
0x009083b0,,comp/worldcup/wc_europe_league.cpp,FUN_009083b0,,GUI,UNKNOWN,,,INDIRECT,,UNVERIFIED,,,,
0x009085c0,,comp/worldcup/wc_europe_league.cpp,FUN_009085c0,,GUI,UNKNOWN,,,INDIRECT,,UNVERIFIED,,,,
0x009086d0,,,FUN_009086d0,,UNKNOWN,UNKNOWN,,,INDIRECT,,UNVERIFIED,,,,
0x00908bc0,,comp/worldcup/wc_europe_league.cpp,FUN_00908bc0,,GUI,UNKNOWN,,,INDIRECT,,UNVERIFIED,,,,
0x00908e00,,comp/worldcup/wc_europe_league.cpp,FUN_00908e00,,GUI,UNKNOWN,,,INDIRECT,,UNVERIFIED,,,,
0x00909320,,comp/worldcup/wc_europe_league.cpp,FUN_00909320,,GUI,UNKNOWN,,,INDIRECT,,UNVERIFIED,,,,
0x00909630,,,FUN_00909630,,GUI,UNKNOWN,,,INDIRECT,,UNVERIFIED,,,,
0x00909730,,comp/worldcup/wc_europe_league.cpp,FUN_00909730,,GUI,UNKNOWN,,,INDIRECT,,UNVERIFIED,,,,
0x009099f0,,comp/worldcup/wc_europe_league.cpp,FUN_009099f0,,GUI,UNKNOWN,,,INDIRECT,,UNVERIFIED,,,,
0x00909ca0,,,FUN_00909ca0,,UNKNOWN,UNKNOWN,,,INDIRECT,,UNVERIFIED,,,,
0x00909cd0,,comp/worldcup/wc_europe_league.cpp,FUN_00909cd0,,GUI,UNKNOWN,,,INDIRECT,,UNVERIFIED,,,,
0x0090ac00,,,FUN_0090ac00,,UNKNOWN,UNKNOWN,,,INDIRECT,,UNVERIFIED,,,,
0x0090ac50,,comp/worldcup/wc_europe_league.cpp,FUN_0090ac50,,GUI,UNKNOWN,,,INDIRECT,,UNVERIFIED,,,,
0x0090d050,,comp/worldcup/wc_europe_league.cpp,FUN_0090d050,,GUI,UNKNOWN,,,INDIRECT,,UNVERIFIED,,,,
0x0090d3e0,,,FUN_0090d3e0,,UNKNOWN,UNKNOWN,,,INDIRECT,,UNVERIFIED,,,,
0x0090d480,,comp/worldcup/wc_oceania_league.cpp,FUN_0090d480,,GUI,UNKNOWN,,,INDIRECT,,UNVERIFIED,,,,
0x0090d6b0,,,FUN_0090d6b0,,UNKNOWN,UNKNOWN,,,INDIRECT,,UNVERIFIED,,,,
0x0090d6d0,,,FUN_0090d6d0,,GUI,UNKNOWN,,,INDIRECT,,UNVERIFIED,,,,
0x0090e0d0,,comp/worldcup/wc_oceania_league.cpp,FUN_0090e0d0,,GUI,UNKNOWN,,,INDIRECT,,UNVERIFIED,,,,
0x0090e1c0,,,FUN_0090e1c0,,UNKNOWN,UNKNOWN,,,INDIRECT,,UNVERIFIED,,,,
0x0090e670,,comp/worldcup/wc_oceania_league.cpp,FUN_0090e670,,GUI,UNKNOWN,,,INDIRECT,,UNVERIFIED,,,,
0x0090e8a0,,comp/worldcup/wc_oceania_league.cpp,FUN_0090e8a0,,GUI,UNKNOWN,,,INDIRECT,,UNVERIFIED,,,,
0x0090eb10,,comp/worldcup/wc_oceania_league.cpp,FUN_0090eb10,,GUI,UNKNOWN,,,INDIRECT,,UNVERIFIED,,,,
0x0090ecd0,,comp/worldcup/wc_oceania_league.cpp,FUN_0090ecd0,,GUI,UNKNOWN,,,INDIRECT,,UNVERIFIED,,,,
0x0090ef50,,comp/worldcup/wc_oceania_league.cpp,FUN_0090ef50,,GUI,UNKNOWN,,,INDIRECT,,UNVERIFIED,,,,
0x0090f400,,comp/worldcup/wc_oceania_league.cpp,FUN_0090f400,,GUI,UNKNOWN,,,INDIRECT,,UNVERIFIED,,,,
0x0090f780,,comp/worldcup/wc_south_american_league.cpp,FUN_0090f780,,GUI,UNKNOWN,,,INDIRECT,,UNVERIFIED,,,,
0x0090f9a0,,,FUN_0090f9a0,,UNKNOWN,UNKNOWN,,,INDIRECT,,UNVERIFIED,,,,
0x0090f9c0,,,FUN_0090f9c0,,GUI,UNKNOWN,,,INDIRECT,,UNVERIFIED,,,,
0x009101d0,,comp/worldcup/wc_south_american_league.cpp,FUN_009101d0,,GUI,UNKNOWN,,,INDIRECT,,UNVERIFIED,,,,
0x00910370,,comp/worldcup/wc_south_american_league.cpp,FUN_00910370,,GUI,UNKNOWN,,,INDIRECT,,UNVERIFIED,,,,
0x00910500,,,FUN_00910500,,UNKNOWN,UNKNOWN,,,INDIRECT,,UNVERIFIED,,,,
0x00910620,,comp/worldcup/wc_south_american_league.cpp,FUN_00910620,,GUI,UNKNOWN,,,INDIRECT,,UNVERIFIED,,,,
0x00910b30,,,FUN_00910b30,,UNKNOWN,UNKNOWN,,,INDIRECT,,UNVERIFIED,,,,
0x00910b90,,,FUN_00910b90,,UNKNOWN,UNKNOWN,,,INDIRECT,,UNVERIFIED,,,,
0x00911810,,comp/worldcup/wc_south_american_league.cpp,FUN_00911810,,GUI,UNKNOWN,,,INDIRECT,,UNVERIFIED,,,,
0x00911b80,,,FUN_00911b80,,RESOURCE,UNKNOWN,,,INDIRECT,,UNVERIFIED,,,,
0x00911c90,,,FUN_00911c90,,UNKNOWN,UNKNOWN,,,INDIRECT,,UNVERIFIED,,,,
0x00911cd0,,weather.cpp,FUN_00911cd0,,GUI,UNKNOWN,,,INDIRECT,,UNVERIFIED,,,,
0x00912100,,,FUN_00912100,,GUI,UNKNOWN,,,INDIRECT,,UNVERIFIED,,,,
0x009121e0,,weather.cpp,FUN_009121e0,,GUI,UNKNOWN,,,INDIRECT,,UNVERIFIED,,,,
0x009123a0,,,FUN_009123a0,background subsystem B,tick,NOT_YET_PORTED,crates/cm-domain/src/lib.rs,,NO,SIMULATION_RELEVANT,HYPOTHESIS,rust:crates/cm-domain/src/lib.rs,step 10b; named stub,,
0x009124d0,,,FUN_009124d0,,GUI,UNKNOWN,,,INDIRECT,,UNVERIFIED,,,,
0x00912780,,,FUN_00912780,,UNKNOWN,UNKNOWN,,,INDIRECT,,UNVERIFIED,,,,
0x00912860,,,FUN_00912860,,GUI,UNKNOWN,,,INDIRECT,,UNVERIFIED,,,,
0x00912af0,,,FUN_00912af0,,GUI,UNKNOWN,,,INDIRECT,,UNVERIFIED,,,,
0x00912e30,,,FUN_00912e30,,UNKNOWN,PORTED_BEHAVIOURAL,crates/cm-domain/src/match_engine_exe.rs,,YES,SIMULATION_RELEVANT,UNVERIFIED,,,,
0x00913020,,,FUN_00913020,,UNKNOWN,UNKNOWN,,,INDIRECT,,UNVERIFIED,,,,
0x00913180,,,FUN_00913180,,GUI,UNKNOWN,,,INDIRECT,,UNVERIFIED,,,,
0x00913290,,,FUN_00913290,,GUI,UNKNOWN,,,INDIRECT,,UNVERIFIED,,,,
0x00913510,,,FUN_00913510,,GUI,UNKNOWN,,,INDIRECT,,UNVERIFIED,,,,
0x00913620,,,FUN_00913620,,GUI,UNKNOWN,,,INDIRECT,,UNVERIFIED,,,,
0x009138e0,,comp/cups/wel_cup.cpp,FUN_009138e0,,GUI,UNKNOWN,,,INDIRECT,,UNVERIFIED,,,,
0x00913ab0,,,FUN_00913ab0,,UNKNOWN,UNKNOWN,,,INDIRECT,,UNVERIFIED,,,,
0x00913ad0,,,FUN_00913ad0,,UNKNOWN,UNKNOWN,,,INDIRECT,,UNVERIFIED,,,,
0x00913ba0,,comp/cups/wel_cup.cpp,FUN_00913ba0,,GUI,UNKNOWN,,,INDIRECT,,UNVERIFIED,,,,
0x00913f70,,comp/cups/wel_cup.cpp,FUN_00913f70,,GUI,UNKNOWN,,,INDIRECT,,UNVERIFIED,,,,
0x009142c0,,,FUN_009142c0,,UNKNOWN,UNKNOWN,,,INDIRECT,,UNVERIFIED,,,,
0x009142f0,,comp/leagues/wel_first.cpp,FUN_009142f0,,GUI,UNKNOWN,,,INDIRECT,,UNVERIFIED,,,,
0x00914500,,,FUN_00914500,,UNKNOWN,UNKNOWN,,,INDIRECT,,UNVERIFIED,,,,
0x00914520,,,FUN_00914520,,GUI,UNKNOWN,,,INDIRECT,,UNVERIFIED,,,,
0x00914ff0,,,FUN_00914ff0,,,UNKNOWN,,,INDIRECT,,UNVERIFIED,,,,
0x00915110,,,FUN_00915110,,UNKNOWN,UNKNOWN,,,INDIRECT,,UNVERIFIED,,,,
0x00915350,,comp/cups/wel_lge_cup.cpp,FUN_00915350,,GUI,UNKNOWN,,,INDIRECT,,UNVERIFIED,,,,
0x009155a0,,,FUN_009155a0,,UNKNOWN,UNKNOWN,,,INDIRECT,,UNVERIFIED,,,,
0x009155c0,,,FUN_009155c0,,GUI,UNKNOWN,,,INDIRECT,,UNVERIFIED,,,,
0x00915bc0,,comp/cups/wel_lge_cup.cpp,FUN_00915bc0,,GUI,UNKNOWN,,,INDIRECT,,UNVERIFIED,,,,
0x00915cc0,,,FUN_00915cc0,,UNKNOWN,UNKNOWN,,,INDIRECT,,UNVERIFIED,,,,
0x00915fc0,,comp/cups/wel_lge_cup.cpp,FUN_00915fc0,,GUI,UNKNOWN,,,INDIRECT,,UNVERIFIED,,,,
0x009161c0,,comp/cups/wel_lge_cup.cpp,FUN_009161c0,,GUI,UNKNOWN,,,INDIRECT,,UNVERIFIED,,,,
0x009164d0,,comp/cups/wel_lge_cup.cpp,FUN_009164d0,,GUI,UNKNOWN,,,INDIRECT,,UNVERIFIED,,,,
0x009169b0,,comp/cups/wel_lge_cup.cpp,FUN_009169b0,,GUI,UNKNOWN,,,INDIRECT,,UNVERIFIED,,,,
0x00916cb0,,comp/cups/wel_prm_cup.cpp,FUN_00916cb0,,GUI,UNKNOWN,,,INDIRECT,,UNVERIFIED,,,,
0x00916ef0,,,FUN_00916ef0,,UNKNOWN,UNKNOWN,,,INDIRECT,,UNVERIFIED,,,,
0x00916f10,,,FUN_00916f10,,GUI,UNKNOWN,,,INDIRECT,,UNVERIFIED,,,,
0x00917520,,comp/cups/wel_prm_cup.cpp,FUN_00917520,,GUI,UNKNOWN,,,INDIRECT,,UNVERIFIED,,,,
0x00917620,,,FUN_00917620,,UNKNOWN,UNKNOWN,,,INDIRECT,,UNVERIFIED,,,,
0x00917910,,comp/cups/wel_prm_cup.cpp,FUN_00917910,,GUI,UNKNOWN,,,INDIRECT,,UNVERIFIED,,,,
0x00917b10,,comp/cups/wel_prm_cup.cpp,FUN_00917b10,,GUI,UNKNOWN,,,INDIRECT,,UNVERIFIED,,,,
0x00917d20,,comp/cups/wel_prm_cup.cpp,FUN_00917d20,,GUI,UNKNOWN,,,INDIRECT,,UNVERIFIED,,,,
0x009182c0,,,FUN_009182c0,,UNKNOWN,UNKNOWN,,,INDIRECT,,UNVERIFIED,,,,
0x00918370,,comp/cups/wel_prm_cup.cpp,FUN_00918370,,GUI,UNKNOWN,,,INDIRECT,,UNVERIFIED,,,,
0x009186b0,,comp/eurocomp/world_club_champ.cpp,FUN_009186b0,,GUI,UNKNOWN,,,INDIRECT,,UNVERIFIED,,,,
0x00918820,,,FUN_00918820,,UNKNOWN,UNKNOWN,,,INDIRECT,,UNVERIFIED,,,,
0x00918840,,,FUN_00918840,,GUI,UNKNOWN,,,INDIRECT,,UNVERIFIED,,,,
0x00919010,,comp/eurocomp/world_club_champ.cpp,FUN_00919010,,GUI,UNKNOWN,,,INDIRECT,,UNVERIFIED,,,,
0x00919120,,,FUN_00919120,,UNKNOWN,UNKNOWN,,,INDIRECT,,UNVERIFIED,,,,
0x009192b0,,,FUN_009192b0,,GUI,UNKNOWN,,,INDIRECT,,UNVERIFIED,,,,
0x009193d0,,comp/eurocomp/world_club_champ.cpp,FUN_009193d0,,GUI,UNKNOWN,,,INDIRECT,,UNVERIFIED,,,,
0x009196b0,,comp/eurocomp/world_club_champ.cpp,FUN_009196b0,,GUI,UNKNOWN,,,INDIRECT,,UNVERIFIED,,,,
0x00919c20,,comp/eurocomp/world_club_champ.cpp,FUN_00919c20,,GUI,UNKNOWN,,,INDIRECT,,UNVERIFIED,,,,
0x00919e20,,comp/eurocomp/world_club_champ.cpp,FUN_00919e20,,GUI,UNKNOWN,,,INDIRECT,,UNVERIFIED,,,,
0x0091a3d0,,,FUN_0091a3d0,,,UNKNOWN,,,INDIRECT,,UNVERIFIED,,,,
0x0091aa20,,comp/eurocomp/world_club_cup.cpp,FUN_0091aa20,,GUI,UNKNOWN,,,INDIRECT,,UNVERIFIED,,,,
0x0091abf0,,,FUN_0091abf0,,UNKNOWN,UNKNOWN,,,INDIRECT,,UNVERIFIED,,,,
0x0091ac10,,,FUN_0091ac10,,UNKNOWN,UNKNOWN,,,INDIRECT,,UNVERIFIED,,,,
0x0091ace0,,comp/eurocomp/world_club_cup.cpp,FUN_0091ace0,,GUI,UNKNOWN,,,INDIRECT,,UNVERIFIED,,,,
0x0091ae20,,comp/eurocomp/world_club_cup.cpp,FUN_0091ae20,,GUI,UNKNOWN,,,INDIRECT,,UNVERIFIED,,,,
0x0091b4c0,,comp/worldcup/world_cup.cpp,FUN_0091b4c0,,GUI,UNKNOWN,,,INDIRECT,,UNVERIFIED,,,,
0x0091b720,,,FUN_0091b720,,UNKNOWN,UNKNOWN,,,INDIRECT,,UNVERIFIED,,,,
0x0091b740,,,FUN_0091b740,,GUI,UNKNOWN,,,INDIRECT,,UNVERIFIED,,,,
0x0091c660,,comp/worldcup/world_cup.cpp,FUN_0091c660,,GUI,UNKNOWN,,,INDIRECT,,UNVERIFIED,,,,
0x0091c770,,,FUN_0091c770,,UNKNOWN,UNKNOWN,,,INDIRECT,,UNVERIFIED,,,,
0x0091c880,,,FUN_0091c880,,UNKNOWN,UNKNOWN,,,INDIRECT,,UNVERIFIED,,,,
0x0091cab0,,comp/worldcup/world_cup.cpp,FUN_0091cab0,,GUI,UNKNOWN,,,INDIRECT,,UNVERIFIED,,,,
0x0091cce0,,comp/worldcup/world_cup.cpp,FUN_0091cce0,,GUI,UNKNOWN,,,INDIRECT,,UNVERIFIED,,,,
0x0091cfb0,,comp/worldcup/world_cup.cpp,FUN_0091cfb0,,GUI,UNKNOWN,,,INDIRECT,,UNVERIFIED,,,,
0x0091dcb0,,comp/worldcup/world_cup.cpp,FUN_0091dcb0,,GUI,UNKNOWN,,,INDIRECT,,UNVERIFIED,,,,
0x0091dd60,,comp/worldcup/world_cup.cpp,FUN_0091dd60,,GUI,UNKNOWN,,,INDIRECT,,UNVERIFIED,,,,
0x0091deb0,,comp/worldcup/world_cup.cpp,FUN_0091deb0,,GUI,UNKNOWN,,,INDIRECT,,UNVERIFIED,,,,
0x0091e250,,,FUN_0091e250,,GUI,UNKNOWN,,,INDIRECT,,UNVERIFIED,,,,
0x0091e2e0,,comp/worldcup/world_cup.cpp,FUN_0091e2e0,,GUI,UNKNOWN,,,INDIRECT,,UNVERIFIED,,,,
0x0091ebd0,,,FUN_0091ebd0,,UNKNOWN,UNKNOWN,,,INDIRECT,,UNVERIFIED,,,,
0x0091eca0,,,FUN_0091eca0,,GUI,UNKNOWN,,,INDIRECT,,UNVERIFIED,,,,
0x0091ed10,,award/world_cup_awards.cpp,FUN_0091ed10,,GUI,UNKNOWN,,,INDIRECT,,UNVERIFIED,,,,
0x0091ef10,,,FUN_0091ef10,,GUI,UNKNOWN,,,INDIRECT,,UNVERIFIED,,,,
0x0091eff0,,,FUN_0091eff0,,UNKNOWN,UNKNOWN,,,INDIRECT,,UNVERIFIED,,,,
0x0091f010,,,FUN_0091f010,,UNKNOWN,UNKNOWN,,,INDIRECT,,UNVERIFIED,,,,
0x0091f080,,award/year_award.cpp,FUN_0091f080,,GUI,UNKNOWN,,,INDIRECT,,UNVERIFIED,,,,
0x0091f380,,,FUN_0091f380,,GUI,UNKNOWN,,,INDIRECT,,UNVERIFIED,,,,
0x0091f560,,,FUN_0091f560,,UNKNOWN,UNKNOWN,,,INDIRECT,,UNVERIFIED,,,,
0x0091f580,,,FUN_0091f580,,GUI,UNKNOWN,,,INDIRECT,,UNVERIFIED,,,,
0x009203f0,,,FUN_009203f0,,,UNKNOWN,,,INDIRECT,,UNVERIFIED,,,,
0x00920420,,award/year_ratings.cpp,FUN_00920420,,GUI,UNKNOWN,,,INDIRECT,,UNVERIFIED,,,,
0x00920570,,award/year_ratings.cpp,FUN_00920570,,GUI,UNKNOWN,,,INDIRECT,,UNVERIFIED,,,,
0x00920660,,,FUN_00920660,,UNKNOWN,UNKNOWN,,,INDIRECT,,UNVERIFIED,,,,
0x00920720,,award/year_ratings.cpp,FUN_00920720,,GUI,UNKNOWN,,,INDIRECT,,UNVERIFIED,,,,
0x00920b30,,,FUN_00920b30,,UNKNOWN,UNKNOWN,,,INDIRECT,,UNVERIFIED,,,,
0x00920b70,,,FUN_00920b70,,UNKNOWN,UNKNOWN,,,INDIRECT,,UNVERIFIED,,,,
0x00920de0,,,FUN_00920de0,,GUI,UNKNOWN,,,INDIRECT,,UNVERIFIED,,,,
0x00921590,,,FUN_00921590,,UNKNOWN,UNKNOWN,,,INDIRECT,,UNVERIFIED,,,,
0x00921770,,zipdir.cpp,FUN_00921770,,GUI,PORTED_BEHAVIOURAL,crates/cm-domain/src/human_manager.rs,,YES,SIMULATION_RELEVANT,UNVERIFIED,,,,
0x00921b90,,,FUN_00921b90,,GUI,UNKNOWN,,,INDIRECT,,UNVERIFIED,,,,
0x00921cc0,,,FUN_00921cc0,container store helper,crt,NON_USEFUL,crates/cm-domain/src/lib.rs;crates/cm-domain/src/typed_records.rs,,NO,IMPLEMENTATION_ONLY,UNVERIFIED,rust:crates/cm-domain/src/lib.rs,container plumbing; lift-workbench reference,,
0x00921ea0,,,FUN_00921ea0,,GUI,UNKNOWN,,,INDIRECT,,UNVERIFIED,,,,
0x00922110,,,FUN_00922110,,GUI,UNKNOWN,,,INDIRECT,,UNVERIFIED,,,,
0x00922200,,,FUN_00922200,,UNKNOWN,UNKNOWN,,,INDIRECT,,UNVERIFIED,,,,
0x00922250,,zipdir.cpp,FUN_00922250,,GUI,UNKNOWN,,,INDIRECT,,UNVERIFIED,,,,
0x009223b0,,zipdir.cpp,FUN_009223b0,,GUI,UNKNOWN,,,INDIRECT,,UNVERIFIED,,,,
0x009226a0,,zipdir.cpp,FUN_009226a0,,GUI,UNKNOWN,,,INDIRECT,,UNVERIFIED,,,,
0x009228f0,,zipdir.cpp,FUN_009228f0,,GUI,UNKNOWN,,,INDIRECT,,UNVERIFIED,,,,
0x00933579,,,,,,PORTED_BEHAVIOURAL,crates/cm-render/src/packed_sprintf.rs;crates/cm-render/src/packed_widget.rs,,YES,SIMULATION_RELEVANT,UNVERIFIED,,,,
0x00933d24,,,FUN_00933d24,CRT/container plumbing thunk,plumbing,NON_USEFUL,crates/cm-render/src/scrman.rs,,NO,IMPLEMENTATION_ONLY,STRUCTURALLY_VERIFIED,rust:cm-render/scrman.rs,CRT thunk cited incidentally,,
0x00933d2f,,,FUN_00933d2f,,GUI,PORTED_BEHAVIOURAL,crates/cm-domain/src/screen_batch32.rs;crates/cm-domain/src/screen_manager_batch.rs,,YES,SIMULATION_RELEVANT,UNVERIFIED,,,,
0x00933d8f,,,FUN_00933d8f,CRT/container plumbing thunk,plumbing,NON_USEFUL,crates/cm-render/src/dispatcher.rs,,NO,IMPLEMENTATION_ONLY,STRUCTURALLY_VERIFIED,rust:cm-render/dispatcher.rs,CRT thunk,,
0x0093435a,,,FUN_0093435a,CRT/container plumbing thunk,plumbing,NON_USEFUL,crates/cm-render/src/scrman.rs,,NO,IMPLEMENTATION_ONLY,STRUCTURALLY_VERIFIED,rust:cm-render/scrman.rs,CRT thunk,,
0x009343c3,,,FUN_009343c3,CRT memcpy/plumbing thunk,crt,NON_USEFUL,crates/cm-app/src/main.rs;crates/cm-domain/src/history.rs,,NO,IMPLEMENTATION_ONLY,UNVERIFIED,rust:crates/cm-app/src/main.rs,CRT thunk in decompile operand (main.rs report),,
0x009346f7,,,FUN_009346f7,person_news_pool_realloc,news,REPLACED_BY_RUST,crates/cm-domain/src/person_news.rs,PersonNewsMailboxPool::by_person,INDIRECT,IMPLEMENTATION_ONLY,STRUCTURALLY_VERIFIED,rust:person_news.rs,realloc-by-100 -> append-only Vec/BTreeMap,,
0x009349c4,,,FUN_009349c4,CRT/container plumbing thunk,plumbing,NON_USEFUL,crates/cm-render/src/scrman.rs,,NO,IMPLEMENTATION_ONLY,STRUCTURALLY_VERIFIED,rust:cm-render,CRT thunk,,
0x00934ba3,,,FUN_00934ba3,CRT/container plumbing thunk,plumbing,NON_USEFUL,crates/cm-render/src/dispatcher.rs,,NO,IMPLEMENTATION_ONLY,STRUCTURALLY_VERIFIED,rust:cm-render/dispatcher.rs,CRT thunk,,
0x00934c8e,,,FUN_00934c8e,,GUI,PORTED_BEHAVIOURAL,crates/cm-domain/src/typed_records.rs,,YES,SIMULATION_RELEVANT,UNVERIFIED,,,,
0x00935080,,,FUN_00935080,CRT float/plumbing thunk,crt,NON_USEFUL,crates/cm-app/src/main.rs;crates/cm-domain/src/player_regen.rs,,NO,IMPLEMENTATION_ONLY,UNVERIFIED,rust:crates/cm-app/src/main.rs,CRT plumbing in report operand,,
0x009350a2,,,FUN_009350a2,CRT x87 double helper,crt,NON_USEFUL,crates/cm-app/src/main.rs,,NO,IMPLEMENTATION_ONLY,UNVERIFIED,rust:crates/cm-app/src/main.rs,CRT __ftol-style helper in report operand,,
0x0093534b,,,FUN_0093534b,CRT/container plumbing thunk,plumbing,NON_USEFUL,crates/cm-render/src/scrman.rs,,NO,IMPLEMENTATION_ONLY,STRUCTURALLY_VERIFIED,rust:cm-render/scrman.rs,CRT thunk,,
0x0093543f,,,FUN_0093543f,,GUI,PORTED_BEHAVIOURAL,crates/cm-domain/src/c15_1_world_apply.rs;crates/cm-domain/src/finance.rs,,YES,SIMULATION_RELEVANT,UNVERIFIED,,,,
0x009354ca,,,FUN_009354ca,,RESOURCE,PORTED_BEHAVIOURAL,crates/cm-domain/src/tactic_dispatcher.rs,,YES,SIMULATION_RELEVANT,UNVERIFIED,,,,
0x009354f4,,,FUN_009354f4,,GUI,PORTED_BEHAVIOURAL,crates/cm-render/src/lang_bank.rs,,YES,SIMULATION_RELEVANT,UNVERIFIED,,,,
0x0093578b,,,,CRT/container plumbing thunk,plumbing,NON_USEFUL,crates/cm-render/src/scrman.rs,,NO,IMPLEMENTATION_ONLY,STRUCTURALLY_VERIFIED,rust:cm-render/scrman.rs,CRT thunk,,
0x00935a8a,,,FUN_00935a8a,MSVC LCG srand,rng,PORTED_EXACT,crates/cm-domain/src/game_rng.rs,GameRng::lcg_srand,INDIRECT,SIMULATION_RELEVANT,STATE_EXACT,memory/c10-11-rng-byte-exact.md,perturb keys shuffle via (short)year_base+DAT_00dbc3f8,,
0x00935a94,,,FUN_00935a94,MSVC LCG rand(),rng,PORTED_EXACT,crates/cm-domain/src/game_rng.rs;crates/cm-domain/src/sim_rng.rs,GameRng::msvc_rand;GameRng::lcg_next;SimRng::lcg,YES,SIMULATION_RELEVANT,BYTE_EXACT,memory/c10-11-rng-byte-exact.md,state=state*0x343fd+0x269ec3; (state>>16)&0x7fff,,
0x00935f4b,,,FUN_00935f4b,CRT/container plumbing thunk,plumbing,NON_USEFUL,crates/cm-render/src/scrman.rs,,NO,IMPLEMENTATION_ONLY,STRUCTURALLY_VERIFIED,rust:cm-render,CRT thunk,,
0x0093acf0,,,,CRT/container plumbing thunk,plumbing,NON_USEFUL,crates/cm-render/src/scrman.rs,,NO,IMPLEMENTATION_ONLY,STRUCTURALLY_VERIFIED,rust:cm-render/scrman.rs,CRT thunk,,
0x0093b4b0,,,FUN_0093b4b0,CRT/container plumbing thunk,plumbing,NON_USEFUL,crates/cm-render/src/scrman.rs,,NO,IMPLEMENTATION_ONLY,STRUCTURALLY_VERIFIED,rust:cm-render/scrman.rs,CRT thunk,,
0x0093bc41,,,FUN_0093bc41,,UNKNOWN,PORTED_BEHAVIOURAL,crates/cm-render/src/scrman.rs,,YES,SIMULATION_RELEVANT,UNVERIFIED,,,,
0x0093cc01,,,FUN_0093cc01,,RESOURCE,PORTED_BEHAVIOURAL,crates/cm-render/src/scrman.rs,,YES,SIMULATION_RELEVANT,UNVERIFIED,,,,
0x0095a080,,,,ire_super_cup vtable pointer,crt,NON_USEFUL,,,NO,IMPLEMENTATION_ONLY,UNVERIFIED,rust:crates/cm-domain/src/lib.rs,PTR_FUN_0095a080 vtable; not a function port,,
