dd_va,gdi_va,semantic_name,subsystem,status,rust_file,rust_symbol,reachable,relevance,confidence,evidence,notes
0x00502470,,cup fixture-tree mapper,cups,PORTED_BEHAVIOURAL,crates/cm-domain/src/domestic_cup.rs,CupState::progress,YES,SIMULATION_RELEVANT,BEHAVIOURALLY_EXACT,memory/cup-engine-progressive.md,shared cup map fn; English cups progressive
0x00503e30,,cup fixture processor (leg/replay),cups,PORTED_BEHAVIOURAL,crates/cm-domain/src/domestic_cup.rs,CupState::tie_outcome;draw_round,YES,SIMULATION_RELEVANT,BEHAVIOURALLY_EXACT,memory/cup-engine-progressive.md,leg==2 / replay via round_rec +0x20/+0x21/+0x22
0x00445220,,club-record recompute engine,records,PORTED_BEHAVIOURAL,crates/cm-domain/src/club_season_records.rs,ClubSeasonRecords::update_with_match,YES,SIMULATION_RELEVANT,BEHAVIOURALLY_EXACT,reports/club_history_screen_decode.md,Results/Sequences rules ported byte-faithful; season_records_probe
0x007ccaa0,,biggest-win compare,records,PORTED_EXACT,crates/cm-domain/src/club_season_records.rs,MatchRecord::beats_win,YES,SIMULATION_RELEVANT,BEHAVIOURALLY_EXACT,reports/club_history_screen_decode.md,margin then goals-scored tiebreak
0x007ccb70,,biggest-defeat compare,records,PORTED_EXACT,crates/cm-domain/src/club_season_records.rs,MatchRecord::beats_defeat,YES,SIMULATION_RELEVANT,BEHAVIOURALLY_EXACT,reports/club_history_screen_decode.md,margin then goals-conceded tiebreak
0x007ccc50,,highest-scoring compare,records,PORTED_EXACT,crates/cm-domain/src/club_season_records.rs,MatchRecord::beats_scoring,YES,SIMULATION_RELEVANT,BEHAVIOURALLY_EXACT,reports/club_history_screen_decode.md,total goals strict + stored.against+new.for!=0 guard
0x007cc7c0,,fixture->record stamp builder,records,PORTED_BEHAVIOURAL,crates/cm-domain/src/club_season_records.rs,MatchRecord::from_input,YES,SIMULATION_RELEVANT,STRUCTURALLY_VERIFIED,reports/club_history_screen_decode.md,stage/round codes fixture+0x32/+0xc
0x007cc990,,record name-id store,records,REPLACED_BY_RUST,crates/cm-domain/src/club_season_records.rs,MatchRecord,YES,SIMULATION_RELEVANT,STRUCTURALLY_VERIFIED,reports/club_history_screen_decode.md,exe stores 3 name ids; port keeps ids + lazy format
0x004538b0,,record-body initializer,records,PORTED_BEHAVIOURAL,crates/cm-domain/src/club_season_records.rs,ClubSeasonRecords::new,YES,SIMULATION_RELEVANT,STRUCTURALLY_VERIFIED,reports/club_history_screen_decode.md,"-1/0xff sentinels; +0x1f1 -1.0f rating -> ""-"""
0x00452fe0,,this-season record body accessor,records,PORTED_BEHAVIOURAL,crates/cm-domain/src/club_season_records.rs,ClubSeasonRecords,YES,SIMULATION_RELEVANT,STRUCTURALLY_VERIFIED,reports/club_history_screen_decode.md,0x38b body; club_comp map stride 0x6a
0x004531a0,,all-time record body accessor,records,PORTED_BEHAVIOURAL,crates/cm-domain/src/club_season_records.rs,ClubSeasonRecords,YES,SIMULATION_RELEVANT,STRUCTURALLY_VERIFIED,reports/club_history_screen_decode.md,aggregated from per-season at view
0x00447d20,,highest/lowest league position writer,records,PORTED_PARTIAL,crates/cm-domain/src/club_history.rs,season_rows_for_club,INDIRECT,SIMULATION_RELEVANT,PARTIAL,reports/club_history_screen_decode.md,division-strength latching; port uses final position (per-season highest/lowest source open)
0x00667aa0,,league final-table sort,fixtures,PORTED_BEHAVIOURAL,crates/cm-domain/src/club_history.rs,season_rows_for_club,INDIRECT,SIMULATION_RELEVANT,PARTIAL,reports/club_history_screen_decode.md,points/GD/GF; exe uses comp+0xc5 tiebreak bytes (DB-driven) not hardcoded
0x006684e0,,league table comparator,fixtures,PORTED_PARTIAL,crates/cm-domain/src/club_history.rs,season_rows_for_club,INDIRECT,SIMULATION_RELEVANT,PARTIAL,reports/club_history_screen_decode.md,Points->comp+0xc5 order->reputation->club id
0x007a8090,,records apps/goals boot seed,records,PORTED_BEHAVIOURAL,crates/cm-domain/src/club_history.rs,World::club_history_view,YES,SIMULATION_RELEVANT,BEHAVIOURALLY_EXACT,memory/club-history-screen.md,staff_history +0x0a = club; Chester 361/124 Rimmer verified
0x00449590,,per-club apps/goals updater,records,PORTED_BEHAVIOURAL,crates/cm-domain/src/club_history.rs,World::club_history_view,YES,SIMULATION_RELEVANT,BEHAVIOURALLY_EXACT,memory/club-history-screen.md,max(sum apps)/max(sum goals) per (person club)
0x007abd80,,career apps per competition,player-stats,PORTED_BEHAVIOURAL,crates/cm-domain/src/club_history.rs,World::club_history_view,YES,SIMULATION_RELEVANT,STRUCTURALLY_VERIFIED,reports/club_history_screen_decode.md,per-person accumulation
0x007abef0,,career goals per competition,player-stats,PORTED_BEHAVIOURAL,crates/cm-domain/src/club_history.rs,World::club_history_view,YES,SIMULATION_RELEVANT,STRUCTURALLY_VERIFIED,reports/club_history_screen_decode.md,
0x007ac060,,career total apps,player-stats,PORTED_BEHAVIOURAL,crates/cm-domain/src/player_profile.rs,total_apps,YES,SIMULATION_RELEVANT,STRUCTURALLY_VERIFIED,reports/club_history_screen_decode.md,
0x00652cd0,,"season-year -> ""YYYY/YY"" label",nation,PORTED_PARTIAL,crates/cm-domain/src/club_history.rs,season_label,INDIRECT,SIMULATION_RELEVANT,PARTIAL,reports/club_history_screen_decode.md,split-year branch ported; per-nation calendar/split decision + year==0 fallback NOT
0x00652a00,,nation -> season-boundary index resolver,nation,NOT_YET_PORTED,,,BLOCKED,SIMULATION_RELEVANT,HYPOTHESIS,reports/club_history_screen_decode.md,DAT_00b4bc70 index; unblocks club-history record season-bucketing
0x006508e0,,per-nation season-table builder,nation,PORTED_BEHAVIOURAL,crates/cm-domain/src/league_calendar.rs,season_start,YES,SIMULATION_RELEVANT,STRUCTURALLY_VERIFIED,memory/league-dates-and-comp-wiring.md,builds DAT_00b4bc70 start dates
0x004d3460,,relegation per-person walk,promotion,PORTED_BEHAVIOURAL,crates/cm-domain/src/c13_promotion_apply.rs,walk_relegation_persons,YES,SIMULATION_RELEVANT,STRUCTURALLY_VERIFIED,,Club+0xD7 slots; staff +0x1F 1->2; kind=3 news
0x005e4e40,,HostCountry.tmp writer,competition,PORTED_BEHAVIOURAL,crates/cm-domain/src/host_country.rs,HostCountry::save_tmp,YES,PERSISTENCE_RELEVANT,STRUCTURALLY_VERIFIED,,u16 count + count*0x22 records
0x005e4250,,host lookup by (sub year),competition,PORTED_PARTIAL,crates/cm-domain/src/host_country.rs,HostCountry::lookup,INDIRECT,SIMULATION_RELEVANT,PARTIAL,,drops +0x1e chosen-host-slot (primary vs co-host)
0x006b1e60,,match distance LUT read,match-physics,PORTED_EXACT,crates/cm-domain/src/match_engine_exe.rs,distance_quality,YES,SIMULATION_RELEVANT,BYTE_EXACT,,DAT_00A01E20 LUT
0x006b1040,,match bearing LUT read,match-physics,PORTED_EXACT,crates/cm-domain/src/match_engine_exe.rs,bearing_atan2,YES,SIMULATION_RELEVANT,BYTE_EXACT,,DAT_00B4D7A4 LUT
0x006dfb40,,match reachability die,match-physics,PORTED_EXACT,crates/cm-domain/src/match_engine_exe.rs,reachability_check,YES,SIMULATION_RELEVANT,BEHAVIOURALLY_EXACT,,turn-to-face in 1 tick
0x006cee80,,match atmosphere/attendance factor,match,PORTED_EXACT,crates/cm-domain/src/match_engine_exe.rs,compute_atmosphere,YES,SIMULATION_RELEVANT,BYTE_EXACT,,RNG threshold cascade 350..150 factors 7750..5250
0x004a8a70,,comp_stats (no decompile),comp-stats,UNKNOWN,,,BLOCKED,SIMULATION_RELEVANT,UNVERIFIED,,NO_DECOMPILE: re-run Ghidra 0x004a0000-0x004affff
0x004a5bf0,,comp_stats (no decompile),comp-stats,UNKNOWN,,,BLOCKED,SIMULATION_RELEVANT,UNVERIFIED,,NO_DECOMPILE
0x004a5dd0,,comp_stats (no decompile),comp-stats,UNKNOWN,,,BLOCKED,SIMULATION_RELEVANT,UNVERIFIED,,NO_DECOMPILE
0x004a5e30,,comp_stats (no decompile),comp-stats,UNKNOWN,,,BLOCKED,SIMULATION_RELEVANT,UNVERIFIED,,NO_DECOMPILE
0x004a5e40,,comp_stats (no decompile),comp-stats,UNKNOWN,,,BLOCKED,SIMULATION_RELEVANT,UNVERIFIED,,NO_DECOMPILE
0x004a5e50,,comp_stats (no decompile),comp-stats,UNKNOWN,,,BLOCKED,SIMULATION_RELEVANT,UNVERIFIED,,NO_DECOMPILE
0x004a5eb0,,comp_stats (no decompile),comp-stats,UNKNOWN,,,BLOCKED,SIMULATION_RELEVANT,UNVERIFIED,,NO_DECOMPILE
0x004a8a00,,comp_stats (no decompile),comp-stats,UNKNOWN,,,BLOCKED,SIMULATION_RELEVANT,UNVERIFIED,,NO_DECOMPILE
0x004a8a30,,comp_stats (no decompile),comp-stats,UNKNOWN,,,BLOCKED,SIMULATION_RELEVANT,UNVERIFIED,,NO_DECOMPILE
0x004a8b10,,comp_stats (no decompile),comp-stats,UNKNOWN,,,BLOCKED,SIMULATION_RELEVANT,UNVERIFIED,,NO_DECOMPILE
0x004a8db0,,comp_stats (no decompile),comp-stats,UNKNOWN,,,BLOCKED,SIMULATION_RELEVANT,UNVERIFIED,,NO_DECOMPILE
0x004a9c60,,comp_stats (no decompile),comp-stats,UNKNOWN,,,BLOCKED,SIMULATION_RELEVANT,UNVERIFIED,,NO_DECOMPILE
0x008fc4f0,,pool rand (rand_mod),rng,PORTED_EXACT,crates/cm-domain/src/game_rng.rs;crates/cm-domain/src/sim_rng.rs,GameRng::rand_mod;SimRng::rand,YES,SIMULATION_RELEVANT,BYTE_EXACT,memory/c10-11-rng-byte-exact.md,79-instr asm ported line-by-line; from_state replay byte-exact all 5 English leagues (POOL_ADDR_SHIFT_GDI=184); sim_rng large-n approximates __ftol as 0 (PARTIAL there)
0x008fc5d0,,rng seed / srand-equivalent,rng,PORTED_EXACT,crates/cm-domain/src/game_rng.rs;crates/cm-domain/src/sim_rng.rs,GameRng::new;SimRng::seed,YES,SIMULATION_RELEVANT,STRUCTURALLY_VERIFIED,memory/c10-11-rng-byte-exact.md,cursor=rand()%51000 jitter=rand()&0xffff; captures inject via from_state so seed path itself not capture-verified
0x00935a94,,MSVC LCG rand(),rng,PORTED_EXACT,crates/cm-domain/src/game_rng.rs;crates/cm-domain/src/sim_rng.rs,GameRng::msvc_rand;GameRng::lcg_next;SimRng::lcg,YES,SIMULATION_RELEVANT,BYTE_EXACT,memory/c10-11-rng-byte-exact.md,state=state*0x343fd+0x269ec3; (state>>16)&0x7fff
0x00935a8a,,MSVC LCG srand,rng,PORTED_EXACT,crates/cm-domain/src/game_rng.rs,GameRng::lcg_srand,INDIRECT,SIMULATION_RELEVANT,STATE_EXACT,memory/c10-11-rng-byte-exact.md,perturb keys shuffle via (short)year_base+DAT_00dbc3f8
0x00533b50,0x00533d80,pack_date (pre-snap),date,PORTED_EXACT,crates/cm-domain/src/exe_date.rs,pack_date,YES,SIMULATION_RELEVANT,BYTE_EXACT,memory/fixtures-runtime-capture-findings.md,"(day,month,year)->[doy,year,leap,0] via DAT_009a4b28/40; 2990-byte eng_second buffer byte-exact vs GDI+DD captures"
0x00533eb0,0x005340e0,weekday flag-snap,date,PORTED_EXACT,crates/cm-domain/src/exe_date.rs,apply_flag_snap,YES,SIMULATION_RELEVANT,BYTE_EXACT,memory/fixtures-runtime-capture-findings.md,42 flag-snap runtime calls byte-exact (2026-09-13); flag=target weekday delta [-3..3]
0x00533d10,,pack-date-with-snap entry,date,PORTED_BEHAVIOURAL,crates/cm-domain/src/exe_date.rs,pack_date;apply_flag_snap,YES,SIMULATION_RELEVANT,STRUCTURALLY_VERIFIED,rust:crates/cm-domain/src/exe_date.rs,DD carve entry chaining pack_date then flag-snap when flag!=-1
0x0066f3b0,0x0066ef70,schedule round-record writer,date,PORTED_EXACT,crates/cm-domain/src/exe_date.rs,write_round_record,YES,SIMULATION_RELEVANT,BYTE_EXACT,memory/c11-2-fixture-subsystem-frozen.md,0x41-byte round record; part of frozen fixture buffer matching captured GDI 0/N
0x0066f410,0x0066efd0,schedule fixture sub-slot writer,date,PORTED_PARTIAL,crates/cm-domain/src/exe_date.rs,write_slot,YES,SIMULATION_RELEVANT,STRUCTURALLY_VERIFIED,rust:crates/cm-domain/src/exe_date.rs,"7-byte sub-slot; structure byte-exact, field enum semantics not fully decoded"
0x00536b50,,doy -> day-of-month unpack,date,PORTED_BEHAVIOURAL,crates/cm-domain/src/lib.rs,CmPackedDate::to_game_date,YES,SIMULATION_RELEVANT,STRUCTURALLY_VERIFIED,rust:crates/cm-domain/src/lib.rs,forward month scan
0x005364c0,,add/subtract N days,date,PORTED_BEHAVIOURAL,crates/cm-domain/src/lib.rs,CmPackedDate::add_days;CmPackedDate::add_negative_days,YES,SIMULATION_RELEVANT,STRUCTURALLY_VERIFIED,rust:crates/cm-domain/src/lib.rs,year-crossing normalisation; drives GameDate advance in tick
0x00536350,,add N weeks,date,PORTED_BEHAVIOURAL,crates/cm-domain/src/lib.rs,CmPackedDate::add_days,INDIRECT,SIMULATION_RELEVANT,STRUCTURALLY_VERIFIED,rust:crates/cm-domain/src/lib.rs,== add_days(weeks*7)
0x00536690,,subtract N weeks,date,PORTED_BEHAVIOURAL,crates/cm-domain/src/lib.rs,CmPackedDate::add_negative_days,INDIRECT,SIMULATION_RELEVANT,STRUCTURALLY_VERIFIED,rust:crates/cm-domain/src/lib.rs,folded into add_negative_days
0x00536190,,date-window builder,date,PORTED_BEHAVIOURAL,crates/cm-domain/src/lib.rs,CmPackedDate::add_days,INDIRECT,SIMULATION_RELEVANT,PARTIAL,rust:crates/cm-domain/src/lib.rs,contract/transfer windows via add_days literal offsets; plan text not capture-verified
0x00818060,,save_game_data orchestrator,save-load,REPLACED_BY_RUST,crates/cm-ui-app/src/save_load.rs,save_game,YES,PERSISTENCE_RELEVANT,STRUCTURALLY_VERIFIED,memory/save-load-status.md,~35-saver orchestrator replaced by serde JSON slot; NOT .sav binary compat; golden round-trip byte-identical for Rust format
0x00814870,,load_game_data loader,save-load,REPLACED_BY_RUST,crates/cm-ui-app/src/save_load.rs,load_game,YES,PERSISTENCE_RELEVANT,STRUCTURALLY_VERIFIED,memory/save-load-status.md,streaming from_reader; re-registers English pyramid on legacy saves
0x005176c0,,database section writer/loader hub,save-load,REPLACED_BY_RUST,crates/cm-ui-app/src/save_load.rs,save_game,YES,PERSISTENCE_RELEVANT,STRUCTURALLY_VERIFIED,memory/sav-file-format.md,exe .sav directory sections -> world.json overlay
0x0057c1a0,,foreground-league set writer,save-load,REPLACED_BY_RUST,crates/cm-domain/src/lib.rs,RuntimeSaveGame::nation_tiers,YES,PERSISTENCE_RELEVANT,STRUCTURALLY_VERIFIED,memory/league-tier-model.md,selected/foreground bitfield -> nation_tiers 3-state
0x0066f280,0x0066ee40,walker_step,fixtures,PORTED_EXACT,eng_second_fixtures.rs,walker_step,YES,SIMULATION_RELEVANT,BYTE_EXACT,memory:c11-2-fixture-subsystem-frozen.md,walkerdelta=0 all 5 leagues; DD/GDI differ only in RNG target + special-comp global
0x00669780,0x00669340,matrix_seed_base,fixtures,PORTED_EXACT,eng_second_fixtures.rs,matrix_seed_base,YES,SIMULATION_RELEVANT,BYTE_EXACT,rust:eng_second_fixtures.rs,"byte-exact vs GDI Frida direct-call n=4,6,8,10,24"
0x0066bd40,0x0066b900,matrix_perturb,fixtures,PORTED_EXACT,eng_second_fixtures.rs,matrix_perturb,YES,SIMULATION_RELEVANT,BYTE_EXACT,memory:perturb-resolver-slot-vs-club-bug.md,branch A only; perturb 0/N all 5 leagues after C10.7 by-club resolver fix; branch B unreachable for English
,0x00668450,run_round_robin_driver,fixtures,PORTED_EXACT,eng_second_fixtures.rs,run_round_robin_driver,YES,SIMULATION_RELEVANT,BYTE_EXACT,memory:driver-outer-function.md,GDI 552/552 ordered; outer 0x00668450..0x00668d70; 0x00668890 inner label; alt_pair branch unreachable
0x004b6000,0x004b6230,sort_and_shuffle,fixtures,PORTED_EXACT,eng_second_fixtures.rs,sort_and_shuffle,YES,SIMULATION_RELEVANT,BEHAVIOURALLY_EXACT,memory:english-pyramid-final-graph.md,comparator sub_004b6e20 on Club+0x72/73/74/75/1d; validated via perturb 0/N
0x0055f340,0x0055f540,eng_second_schedule_getter,fixtures,PORTED_EXACT,exe_date.rs,build_eng_second_schedule,YES,SIMULATION_RELEVANT,BYTE_EXACT,memory:fixtures-runtime-capture-findings.md,2990-byte round buffer + 46 dates byte-exact vs live GDI (vtable +0x3c)
0x0055f040,0x0055f240,eng_second_ctor,fixtures,PORTED_BEHAVIOURAL,english_traditional.rs,generate_english_traditional_league,YES,SIMULATION_RELEVANT,STATE_EXACT,memory:eng-second-ctor-identity-confirmed.md,production dispatch 0/552 vs captured GDI; ctor sets comp+0x50=9 calls driver 0x00668450
0x0055d120,0x0055d400,eng_prem_schedule,fixtures,PORTED_EXACT,english_traditional.rs,ENGLISH_PREMIER_RUNTIME,YES,SIMULATION_RELEVANT,STATE_EXACT,memory:c11-2-fixture-subsystem-frozen.md,full production golden 0/380
0x0055b540,0x0055b840,eng_first_schedule,fixtures,PORTED_EXACT,english_traditional.rs,ENGLISH_FIRST_RUNTIME,YES,SIMULATION_RELEVANT,STATE_EXACT,memory:c11-2-fixture-subsystem-frozen.md,full production golden 0/552
0x00560d40,0x00561050,eng_third_schedule,fixtures,PORTED_EXACT,english_traditional.rs,ENGLISH_THIRD_RUNTIME,YES,SIMULATION_RELEVANT,STATE_EXACT,memory:c11-2-fixture-subsystem-frozen.md,full production golden 0/552
0x00557970,0x00557c70,eng_conf_schedule,fixtures,PORTED_EXACT,english_traditional.rs,ENGLISH_CONFERENCE_RUNTIME,YES,SIMULATION_RELEVANT,STATE_EXACT,memory:c11-2-fixture-subsystem-frozen.md,full production golden 0/462
,0x005605c0,eng_second_season_roll_method,season-roll,PORTED_BEHAVIOURAL,season_roll_scheduler.rs,CompetitionSeasonRoll,YES,SIMULATION_RELEVANT,STATE_EXACT,rust:season_roll_scheduler.rs,inc word [esi+0x40] year+1 verified 2001->2002; regen vtable +0x8c
0x005bfd90,,season_roll_dispatcher,season-roll,PORTED_BEHAVIOURAL,season_roll_scheduler.rs,SeasonRollScheduler::fire_for_day,YES,SIMULATION_RELEVANT,STRUCTURALLY_VERIFIED,memory:league-dates-and-comp-wiring.md,walks DAT_00b4bc70; daily driver FUN_005b6a90; Rust BTreeMap not fixed 34-array
,0x00560520,eng_second_reset_regen,season-roll,PORTED_BEHAVIOURAL,lib.rs,apply_pending_season_roll_regens,YES,SIMULATION_RELEVANT,STATE_EXACT,memory:c11-2-fixture-subsystem-frozen.md,vtable +0x8c reset+regen; later seasons reuse 2001 date template (LIVE-BUT-APPROXIMATE)
0x0066eed0,0x0066ea90,promote_relegate_swap,promotion,PORTED_BEHAVIOURAL,eng_second_fixtures.rs,promote_relegate_swap,TEST_ONLY,SIMULATION_RELEVANT,STRUCTURALLY_VERIFIED,rust:eng_second_fixtures.rs,941B shared by 56 callers; Club+0x37=0xFF; delegates to FUN_00667f40; not tick-driven yet
0x0055ee90,0x0055f080,english_pyramid_annual_rollover,promotion,PORTED_BEHAVIOURAL,eng_second_fixtures.rs,english_pyramid_annual_rollover,TEST_ONLY,SIMULATION_RELEVANT,STRUCTURALLY_VERIFIED,memory:english-pyramid-final-graph.md,4x FUN_0066ea90 (Prem/First/Second/Third edges)
0x0055ec40,0x0055ee40,conference_feeder_swap,promotion,PORTED_BEHAVIOURAL,eng_second_fixtures.rs,conference_feeder_swap,TEST_ONLY,SIMULATION_RELEVANT,STRUCTURALLY_VERIFIED,memory:english-pyramid-final-graph.md,only English tier-6 mutator; Conf<->Isthmian/Southern/Northern; promote top-3 feeders
0x0055ea00,0x0055ec00,conference_fallback_promotion,promotion,PORTED_BEHAVIOURAL,eng_second_fixtures.rs,conference_fallback_promotion,TEST_ONLY,SIMULATION_RELEVANT,STRUCTURALLY_VERIFIED,rust:eng_second_fixtures.rs,single-club fallback when Conference not selected; news template 2
0x0055e7b0,0x0055e9b0,english_conference_dispatch,promotion,PORTED_PARTIAL,eng_second_fixtures.rs,english_conference_dispatch,TEST_ONLY,SIMULATION_RELEVANT,STRUCTURALLY_VERIFIED,rust:eng_second_fixtures.rs,branch-dispatch subset; wrapper Ghidra-uncracked
0x00668380,0x00667f40,promotion_install,promotion,PORTED_BEHAVIOURAL,c13_promotion_apply.rs,apply_promotion_install,TEST_ONLY,SIMULATION_RELEVANT,STRUCTURALLY_VERIFIED,rust:c13_promotion_apply.rs,Club+0x57/0x5b/0x64 writes + welcome news + C14 stadium request; not tick-driven yet
0x00668470,,relegation_install,promotion,PORTED_BEHAVIOURAL,c13_promotion_apply.rs,apply_relegation_install,TEST_ONLY,SIMULATION_RELEVANT,STRUCTURALLY_VERIFIED,rust:c13_promotion_apply.rs,Conference coordinator; null-dest fires probe + no-league news #7
0x004d3550,,promotion_person_walk,promotion,PORTED_BEHAVIOURAL,c13_promotion_apply.rs,walk_promotion_persons,TEST_ONLY,SIMULATION_RELEVANT,STRUCTURALLY_VERIFIED,rust:c13_promotion_apply.rs,squad register (FUN_00843970) + clear staff+0x1F/+0x1C across self+reserve
0x0055cf40,,english_playoff_builder,promotion,PORTED_PARTIAL,eng_second_fixtures.rs,build_english_playoff,TEST_ONLY,SIMULATION_RELEVANT,STRUCTURALLY_VERIFIED,rust:eng_second_fixtures.rs,participant selection + subcomp init only; bracket driver 0x005026a0 NOT ported
0x005026a0,,playoff_bracket_driver,promotion,NOT_YET_PORTED,,,NO,SIMULATION_RELEVANT,UNVERIFIED,rust:eng_second_fixtures.rs,playoff match gen + winner Club+0x37=5 write; out of C9 scope
0x005803d0,,initial club-finance seed,finance,PORTED_EXACT,finance.rs,ClubFinance::seed_from;START_CASH,YES,PERSISTENCE_RELEVANT,STATE_EXACT,memory:finance-mechanisms-decoded.md,START_CASH byte-exact from VA 0x009b48e0 (16-entry); budget cascade simplified
0x00582870,,finance-status classifier,finance,PORTED_EXACT,finance.rs,ClubFinance::status;FinanceStatus::to_signed_byte,YES,SIMULATION_RELEVANT,STATE_EXACT,rust:finance.rs,5 thresholds verbatim -> signed byte -2..2
0x00586ec0,,weekly finance tick (stadium-share GBP20M + wage cascade),finance,PORTED_BEHAVIOURAL,finance.rs,FinanceBook::stadium_share_transfers;FinanceBook::pay_weekly_wages,YES,SIMULATION_RELEVANT,STATE_EXACT,memory:finance-mechanisms-decoded.md,stadium-share :56-114 STATE_EXACT; wage cascade :363-421 3 tiers BEHAVIOURAL (chairman-sat proxied)
0x005884a0,,new-board takeover (news case 3),finance,PORTED_BEHAVIOURAL,finance.rs,FinanceBook::takeover_check,YES,SIMULATION_RELEVANT,STATE_EXACT,memory:finance-mechanisms-decoded.md,no-chairman amount+prob byte-exact; chairman-branch amount formula TODO; exempt nations 92/128/207
0x00587c40,,board debt payment (news case 4),finance,PORTED_EXACT,finance.rs,FinanceBook::board_debt_payment,YES,SIMULATION_RELEVANT,STATE_EXACT,memory:finance-mechanisms-decoded.md,"per-status denoms {3,15} verified; amounts rep*450/rep*300; charisma gate TODO"
0x00587f50,,chairman cash injection,finance,PORTED_EXACT,finance.rs,chairman_cash_inject_cap,YES,SIMULATION_RELEVANT,STATE_EXACT,rust:finance.rs,date-gated rand(generosity x GBP1M); generosity floor 5; fires InTheRed/Admin
0x00588840,,silent-takeover trigger + chairman reroll,finance,PORTED_PARTIAL,finance.rs,chairman_takeover_fires;reroll_chairman_stats,YES,SIMULATION_RELEVANT,STATE_EXACT,memory:finance-mechanisms-decoded.md,trigger+reroll ported; full debt-clear + news-case-2 broadcast DEFERRED (needs ChairmanBook)
0x0067fdf0,,chairman manager-sack decision,finance,PORTED_EXACT,finance.rs,chairman_will_sack,YES,SIMULATION_RELEVANT,STATE_EXACT,rust:finance.rs,rand(manager_patience)<=4 && rand(20)!=0
0x00588c70,,monthly board dispatch,finance,PORTED_BEHAVIOURAL,finance.rs,FinanceBook::tick_month_board,YES,SIMULATION_RELEVANT,STATE_EXACT,rust:finance.rs,stepped patience decrement verified; confidence deltas approximated; sack threshold 0x33
0x00586cf0,,end-of-month rollover,finance,PORTED_BEHAVIOURAL,finance.rs,FinanceBook::end_of_month,YES,SIMULATION_RELEVANT,BEHAVIOURALLY_EXACT,rust:finance.rs,clears ledgers + in-red counter; runs takeover+debt first; confidence deltas shape-verified
0x00584790,,post-match gate receipts + TV/prize,finance,PORTED_PARTIAL,finance.rs,FinanceBook::record_match_income,YES,SIMULATION_RELEVANT,PARTIAL,rust:finance.rs,gate uses REAL shipped attendance; ticket-price + TV/prize FPU switch Simplified
0x0084b870,,staff-contract wage floor/cap,finance,PORTED_EXACT,finance.rs,STAFF_BASE_FLOOR;age_wage_cap;star_floor,TEST_ONLY,SIMULATION_RELEVANT,STATE_EXACT,rust:finance.rs,switch :458-503 verified; only reachable via cm_lift_rpc bin NOT game negotiation
0x00618410,,club-status byte lookup,finance,PORTED_EXACT,finance.rs,club_status_byte,TEST_ONLY,SIMULATION_RELEVANT,STATE_EXACT,rust:finance.rs,status_table[id*31+0x12] 0xFF sentinel; only from cm_lift_rpc not production
0x004cd930,,CONTRACT_MANAGER::initialise_all,contracts,PORTED_BEHAVIOURAL,contract_init.rs,initialise_all,YES,PERSISTENCE_RELEVANT,STRUCTURALLY_VERIFIED,memory:contract-clauses-generated-at-boot.md,0x50-stride pool + by_staff_id index; wired lib.rs:14248 boot; exact ordering + secondary index deferred
0x00847a80,,per-person release-clause roll,contracts,PORTED_PARTIAL,contract_init.rs,roll_clauses,YES,SIMULATION_RELEVANT,BEHAVIOURALLY_EXACT,memory:contract-clauses-generated-at-boot.md,rep/class gates verbatim; 3 FUN_008fc4f0(0x14) RNG draws replaced by staff_id hash -> rate-exact not stream-exact
0x004d7090,,exact staff wage formula,contracts,NOT_YET_PORTED,contract_init.rs,compute_wage,NO,SIMULATION_RELEVANT,UNVERIFIED,memory:contract-clauses-generated-at-boot.md,placeholder tier ladder; real doubles in .data BSS not liftable from static exe (needs Frida)
0x00583fc0,0x00584150,stadium-expansion transaction + chairman-overrun-gate (CONFLICT),stadium,PORTED_EXACT,c14_stadium_expansion.rs;finance.rs;eng_second_fixtures.rs,apply_stadium_expansion;compute_expansion_cost;chairman_approves_overrun;stadium_meets_capacity_target,INDIRECT,SIMULATION_RELEVANT,STRUCTURALLY_VERIFIED,rust:c14_stadium_expansion.rs,SUPERSEDES stadium-expansion-deferred memory: c14 full 169-line port wired via c15 rollover. CONFLICT: finance.rs reads same VA+0x20 as chairman-generosity overrun gate vs c14 stadium owner-refuse-counter; c14 more authoritative; finance attribution suspect (HYPOTHESIS)
0x0058A310,,stadium-expansion news broadcast (template 0x1780),stadium,PORTED_EXACT,c14_stadium_expansion.rs,StadiumExpansionNews,INDIRECT,PLAYER_VISIBLE,STRUCTURALLY_VERIFIED,rust:c14_stadium_expansion.rs,template 0x1780 direct from decompile; mode byte verified
0x00616820,,pick injury id within body region,injuries,PORTED_EXACT,injury_gen.rs,pick_injury,INDIRECT,SIMULATION_RELEVANT,BYTE_EXACT,memory:history-panels-noheuristic-ports.md,wired at match commit; min-roll-wins; region rand(12); sev-class filter faithful
0x00616930,,injury recovery-days formula,injuries,PORTED_EXACT,injury_gen.rs,compute_injury,INDIRECT,SIMULATION_RELEVANT,BYTE_EXACT,memory:history-panels-noheuristic-ports.md,physio x87 Ghidra-dropped -> passed 0 (real exe path); __ftol trunc reproduced
0x00618610,,injury-name switch + duration table,injuries,PORTED_EXACT,injury_table.rs,INJURY_TYPES,INDIRECT,SIMULATION_RELEVANT,BYTE_EXACT,memory:history-panels-noheuristic-ports.md,82 types; table .data 0x009d3dd9 stride 13
0x006cf230,,foul-severity assembly,injuries,BLOCKED_DEPENDENCY,card_model.rs,foul_severity,TEST_ONLY,SIMULATION_RELEVANT,BEHAVIOURALLY_EXACT,memory:history-panels-noheuristic-ports.md,recovered+tested (L1) NOT wired; needs positional match sim (frustration/pitch cells/nearest-player)
0x006cf040,,card applier verdict (yellow/red leaf),injuries,BLOCKED_DEPENDENCY,card_model.rs,card_verdict,BLOCKED,SIMULATION_RELEVANT,BEHAVIOURALLY_EXACT,memory:history-panels-noheuristic-ports.md,STRAIGHT REDS NOT LIVE (blocked on positional match sim / match-RNG-stream) - not fabricated; yellows via run_pre_match_pass EVT_SERIOUS_FOUL
0x0089de50,,training weekly tick,training,PORTED_EXACT,player_development.rs,PlayerDevelopmentBook::weekly_tick,YES,SIMULATION_RELEVANT,STRUCTURALLY_VERIFIED,memory:heuristic-kill-campaign.md,lines 240+282-304; ticked in hook_weekly_wednesday; mentals +0x58/+0x5b proxied
0x0089f350,,apply category accumulator to type10 attrs,training,PORTED_EXACT,player_development.rs,PlayerDevelopmentBook,YES,SIMULATION_RELEVANT,STRUCTURALLY_VERIFIED,memory:heuristic-kill-campaign.md,5-category->type10 offset map verified; developed attrs NOT yet fed back to CA/ratings (follow-up)
0x008a0940,,coach-quality averaging,training,PORTED_BEHAVIOURAL,player_development.rs,PlayerDevelopmentBook::build,YES,SIMULATION_RELEVANT,BEHAVIOURALLY_EXACT,memory:heuristic-kill-campaign.md,coach 0..20 runtime formula not decoded; approximated 50+stat*5 floor 50
0x008a15c0,,training-intensity dial magnitudes,training,PORTED_EXACT,player_development.rs,DIAL_NONE;DIAL_LIGHT;DIAL_MEDIUM;DIAL_INTENSIVE,YES,SIMULATION_RELEVANT,BYTE_EXACT,memory:heuristic-kill-campaign.md,None 0/Light 10/Medium 25/Intensive 50
0x008a0bc0,,new position/side familiarity rating,training,NOT_YET_PORTED,,,NO,SIMULATION_RELEVANT,UNVERIFIED,memory:heuristic-kill-campaign.md,decoded (Adaptability +0x18 + familiarity) not ported
0x0084d5d0,,per-role x87 weekly-wage cascade,transfers,PORTED_EXACT,transfer.rs,wage_formula_by_role,INDIRECT,SIMULATION_RELEVANT,BYTE_EXACT,memory:transfer-deep-ports-done.md,6-case role table; agent mults; floors; 150k cap; full 8KB FPU switch approximated elsewhere
0x004d79c0,,contract-cost readback,transfers,PORTED_PARTIAL,transfer.rs,contract_cost_readback,INDIRECT,SIMULATION_RELEVANT,STRUCTURALLY_VERIFIED,memory:transfer-deep-ports-done.md,position cap table byte-exact; mode-1 delta uses normalised rep_scale (raw bytes not threaded)
0x006ce0e0,,wage-estimate helper,transfers,PORTED_PARTIAL,transfer.rs,predict_wage,INDIRECT,SIMULATION_RELEVANT,BEHAVIOURALLY_EXACT,memory:transfer-deep-ports-done.md,formula verified; NOT loan-split; per-day jitter deterministic proxy not exe RNG
0x00580a90,,player-rating wage-cap cascade,transfers,PORTED_PARTIAL,transfer.rs,resolve_wage_cap,INDIRECT,SIMULATION_RELEVANT,STRUCTURALLY_VERIFIED,memory:transfer-deep-ports-done.md,most chunks ported w/ pefile .rdata consts; OPEN __ftol mult 483-484 + FUN_005ea590 gate
0x005ea590,,related-club seniority gate,transfers,NOT_YET_PORTED,,,BLOCKED,SIMULATION_RELEVANT,UNVERIFIED,memory:transfer-deep-ports-done.md,gate feeding FUN_00580a90 tiers 2/3; resolve_wage_cap passes a marker
0x00848da0,,canonical contract/offer composer,transfers,PORTED_PARTIAL,transfer.rs,compose_wage_offer,INDIRECT,SIMULATION_RELEVANT,PARTIAL,memory:scouting-and-transfers-status.md,ported from raw asm; 3-tier rep cascade; floor/ceil/sign-on honoured; interior FPU approximated; LOAN branch OPEN
0x00594220,,loan recall/send-back date gate,transfers,PORTED_EXACT,transfer.rs,compute_earliest_recall,INDIRECT,SIMULATION_RELEVANT,STATE_EXACT,memory:transfer-deep-ports-done.md,18-Aug/15-Nov cutoffs verified via strings dump
0x008286f0,,scout throttle + bucket + work-permit,transfers,PORTED_EXACT,transfer.rs,scout_throttle;scout_bucket_range;foreign_player_permit,INDIRECT,SIMULATION_RELEVANT,STRUCTURALLY_VERIFIED,memory:scouting-and-transfers-status.md,throttle :121-161; permit rep thresholds 2749/4249 verified
0x00843590,,position-candidate placement tree,transfers,PORTED_EXACT,transfer.rs,,INDIRECT,SIMULATION_RELEVANT,STRUCTURALLY_VERIFIED,rust:transfer.rs,type10 aptitude offsets verified; 5 branches / 4 slot-code emissions
0x004d2710,,player-morale display thresholds,transfers,PORTED_EXACT,transfer.rs,morale_label,YES,PLAYER_VISIBLE,BYTE_EXACT,rust:transfer.rs,exact display thresholds
0x004dfbd0,,squad-status 7-branch enum,transfers,PORTED_BEHAVIOURAL,transfer.rs,SquadStatus,INDIRECT,SIMULATION_RELEVANT,STRUCTURALLY_VERIFIED,memory:scouting-and-transfers-status.md,enum byte values match 7 news branches
0x0067ce90,,news_weekly_predicate_cascade,news,NOT_YET_PORTED,crates/cm-domain/src/news.rs,,BLOCKED,PLAYER_VISIBLE,HYPOTHESIS,memory:news-generation-logic.md,weekly per-club RNG cascade emitting sub-code 0x3c..0x63; NOT lifted; news.rs ships representative-subset generator
0x00733610,,news_formatter_code_to_template,news,NOT_YET_PORTED,crates/cm-domain/src/news.rs,news::format,BLOCKED,PLAYER_VISIBLE,HYPOTHESIS,memory:news-generation-logic.md,switch->1 of 4849 templates; Rust is 22-template stand-in with hash pick
0x008d0d90,,person_news_item_build,news,PORTED_PARTIAL,crates/cm-domain/src/person_news.rs,PersonNewsItem;PersonNewsMailboxPool::push,INDIRECT,PLAYER_VISIBLE,STRUCTURALLY_VERIFIED,memory:news-generation-logic.md,222-byte item for 2 known callers (relegation/retire); ring overwrite + slots 1..4 omitted
0x0076d730,,person_news_set_param_slot,news,PORTED_PARTIAL,crates/cm-domain/src/person_news.rs,PersonNewsItem::params,INDIRECT,SIMULATION_RELEVANT,STRUCTURALLY_VERIFIED,rust:person_news.rs,8 slots; 0/5/6/7 populated; 1..4 held 0
0x0076dce0,,person_news_persist_and_id,news,PORTED_BEHAVIOURAL,crates/cm-domain/src/person_news.rs,PersonNewsMailboxPool::next_news_id,INDIRECT,SIMULATION_RELEVANT,BEHAVIOURALLY_EXACT,rust:person_news.rs,monotonic global news-id counter reproduced
0x0076ce50,,person_news_severity_overwrite,news,NOT_YET_PORTED,crates/cm-domain/src/person_news.rs,PersonNewsItem::severity,NO,SIMULATION_RELEVANT,PARTIAL,rust:person_news.rs,severity byte held 0 to keep record reader-invariant
0x009346f7,,person_news_pool_realloc,news,REPLACED_BY_RUST,crates/cm-domain/src/person_news.rs,PersonNewsMailboxPool::by_person,INDIRECT,IMPLEMENTATION_ONLY,STRUCTURALLY_VERIFIED,rust:person_news.rs,realloc-by-100 -> append-only Vec/BTreeMap
0x00753240,,match_finalize_credit_caps_goals,national-caps,PORTED_BEHAVIOURAL,crates/cm-domain/src/national_match.rs,World::credit_caps,INDIRECT,SIMULATION_RELEVANT,BEHAVIOURALLY_EXACT,memory:fifa-rankings-mechanism.md,caps person+0x22 intl goals +0x23; full_cap gate; apps from engine XI
0x00855c00,,person_history_intl_debut,national-caps,PORTED_BEHAVIOURAL,crates/cm-domain/src/national_match.rs,World::credit_caps,INDIRECT,PLAYER_VISIBLE,BEHAVIOURALLY_EXACT,rust:national_match.rs,code 6 first-cap-aged emitted when caps==0
0x005c01d0,,game_recompute_fifa_rankings,fifa-rankings,PORTED_EXACT,crates/cm-domain/src/fifa_rankings.rs,fifa_rankings::fifa_score,TEST_ONLY,SIMULATION_RELEVANT,BYTE_EXACT,memory:fifa-rankings-mechanism.md,6-slot weighted formula (weights lifted from .rdata); exact but not wired into tick
0x00577b00,,comp_fifa_build_runtime_table,fifa-rankings,PORTED_EXACT,crates/cm-domain/src/fifa_rankings.rs,fifa_rankings::compute,YES,PLAYER_VISIBLE,BYTE_EXACT,memory:fifa-rankings-mechanism.md,points=coef/35; computed at new-game + year-rollover
0x005773c0,,comp_fifa_rank_array_build_sort,fifa-rankings,PORTED_BEHAVIOURAL,crates/cm-domain/src/fifa_rankings.rs,fifa_rankings::compute,YES,PLAYER_VISIBLE,STATE_EXACT,rust:fifa_rankings.rs,skips null-continent nations; 1-based after descending sort
0x00577ff0,,comp_fifa_sort_comparator,fifa-rankings,PORTED_EXACT,crates/cm-domain/src/fifa_rankings.rs,fifa_rankings::compute,YES,SIMULATION_RELEVANT,BEHAVIOURALLY_EXACT,rust:fifa_rankings.rs,descending by points; tie keeps record order
0x00577210,,comp_fifa_monthly_maintenance,fifa-rankings,NOT_YET_PORTED,crates/cm-domain/src/fifa_rankings.rs,NationRanking::history,NO,SIMULATION_RELEVANT,PARTIAL,memory:fifa-rankings-mechanism.md,"monthly-18th expiry + annual history shift; state carried, evolution unported"
0x00577d70,,comp_fifa_recompute_points,fifa-rankings,NOT_YET_PORTED,crates/cm-domain/src/fifa_rankings.rs,,NO,SIMULATION_RELEVANT,PARTIAL,memory:fifa-rankings-mechanism.md,annual recompute + re-rank; tick-side port outstanding
0x0051f5d0,,player_init_seed_person,player-init,PORTED_PARTIAL,crates/cm-domain/src/lib.rs,PlayerInitState::seed;World::initialise_players,YES,SIMULATION_RELEVANT,STATE_EXACT,memory:player-init-decode.md,condition=156 morale cleared CA/PA age; position-weighted shaping + template clone + Pass-2 rescale NOT ported
0x00524160,,player_attr_generate_mode_a,player-init,PORTED_PARTIAL,crates/cm-domain/src/lib.rs,PlayerInitState::generate_attributes_core,YES,SIMULATION_RELEVANT,PARTIAL,memory:player-init-decode.md,CA-anchored roll; position weighting + mode B + exact slot order not ported
0x008120d0,,init_game_data_boot_pass,player-init,PORTED_BEHAVIOURAL,crates/cm-domain/src/lib.rs,World::boot_player_init_states,YES,SIMULATION_RELEVANT,STRUCTURALLY_VERIFIED,memory:start-new-game-flow.md,"drives FUN_0051f5d0 per person; 109940 seeded, 4361 flexible PA resolved"
0x008fc4f0,,game_ring_buffer_rng,rng,PORTED_EXACT,crates/cm-rng/src/lib.rs,cm_rng::MatchRng::random,YES,SIMULATION_RELEVANT,BYTE_EXACT,memory:player-init-decode.md,51000-entry table extracted to rust-db/config/rng_table.bin; all player-init RNG paths
0x005121a0,,start_new_game_section_loader,db-load,REPLACED_BY_RUST,crates/cm-domain/src/lib.rs,World::read_rust_db_dir,YES,PERSISTENCE_RELEVANT,STRUCTURALLY_VERIFIED,memory:start-new-game-flow.md,"exe fread-dispatches each .dat pool by index type/version; Rust reads same pools as JSON; whole world loaded, version guards honoured"
0x0051b110,,pool_link_id_to_pointer_swizzle,db-load,REPLACED_BY_RUST,crates/cm-domain/src/typed_records.rs,id_opt,YES,IMPLEMENTATION_ONLY,STRUCTURALLY_VERIFIED,rust:typed_records.rs,exe rewrites on-disk ids to heap pointers in place; Rust keeps id + resolves via Vec index
0x008120d0,,post_league_selection_init_pass,db-load,PORTED_BEHAVIOURAL,crates/cm-domain/src/lib.rs,World::run_start_game_init;World::assign_squad_numbers,YES,SIMULATION_RELEVANT,STRUCTURALLY_VERIFIED,memory:start-new-game-flow.md,Initialising-game-data pass: player_init then squad numbers (FUN_00842f40) then contract_init
0x005381b0,,club_record_serializer,records,REPLACED_BY_RUST,crates/cm-domain/src/typed_records.rs,ClubView,YES,SIMULATION_RELEVANT,STRUCTURALLY_VERIFIED,memory:club-record-decoded.md,581B r/w replaced by view+serde; many offsets verified; +0x5b..+0x7b semantics-TBD so not EXACT
0x00537420,,nation_record_serializer,records,REPLACED_BY_RUST,crates/cm-domain/src/typed_records.rs,NationView,YES,SIMULATION_RELEVANT,STRUCTURALLY_VERIFIED,memory:record-layouts-decoded.md,290B; continent +0x71 verified; selection flags +0x11c runtime-only
0x005372c0,,continent_record_serializer,records,REPLACED_BY_RUST,crates/cm-domain/src/typed_records.rs,ContinentView,YES,SIMULATION_RELEVANT,STRUCTURALLY_VERIFIED,rust:typed_records.rs,198B; name/adjective/federation verified; strength coeff probable
0x00537480,,city_record_serializer,records,REPLACED_BY_RUST,crates/cm-domain/src/typed_records.rs,CityView,YES,SIMULATION_RELEVANT,STRUCTURALLY_VERIFIED,rust:typed_records.rs,56B; lat/long verified (London 51.519/-0.102)
0x005375e0,,stadium_record_serializer,records,REPLACED_BY_RUST,crates/cm-domain/src/typed_records.rs,StadiumView,YES,SIMULATION_RELEVANT,STRUCTURALLY_VERIFIED,rust:typed_records.rs,78B; capacities verified (Old Trafford 67800/exp 100000)
0x00538300,,staff_type6_person_serializer,records,REPLACED_BY_RUST,crates/cm-domain/src/typed_records.rs,PlayerView,YES,SIMULATION_RELEVANT,STRUCTURALLY_VERIFIED,memory:editor-is-ground-truth.md,157B v1 disk unpacks to 110B runtime; player_data link +0x91(v1)/+0x61(v2)
0x00539bb0,,competition_record_serializer,records,REPLACED_BY_RUST,crates/cm-domain/src/typed_records.rs,CompetitionView,YES,SIMULATION_RELEVANT,STRUCTURALLY_VERIFIED,rust:typed_records.rs,107B club_comp/nation_comp; reputation 0..20 verified
0x0053a0b0,,colour_record_serializer,records,REPLACED_BY_RUST,crates/cm-domain/src/typed_records.rs,ColourView,YES,PLAYER_VISIBLE,BEHAVIOURALLY_EXACT,rust:typed_records.rs,58B; RGB +0x37/38/39 verified via kit-draw consumer (Red1 E00000 White FFFFFF)
0x0053a200,,official_record_serializer,records,REPLACED_BY_RUST,crates/cm-domain/src/typed_records.rs,OfficialView,YES,SIMULATION_RELEVANT,PARTIAL,rust:typed_records.rs,43B referee; 7 rating bytes at +0x24 unresolved
0x00539940,,staff_history_record_serializer,records,REPLACED_BY_RUST,crates/cm-domain/src/typed_records.rs,StaffHistoryView,YES,PLAYER_VISIBLE,STRUCTURALLY_VERIFIED,memory:club-history-screen.md,17B; apps(+0xf)/goals(+0x10) verified; +0x0a is CLUB id not comp
0x00539e10,,comp_history_record_serializer,records,REPLACED_BY_RUST,crates/cm-domain/src/typed_records.rs,ClubCompHistoryView,YES,PLAYER_VISIBLE,STRUCTURALLY_VERIFIED,rust:typed_records.rs,26B; honours fields verified (row0 1889 Preston/Aston Villa)
0x00850fd0,,release_clause_short_code_formatter,view-model,PORTED_EXACT,crates/cm-domain/src/typed_records.rs,ReleaseClauses::short_code,YES,PLAYER_VISIBLE,BEHAVIOURALLY_EXACT,memory:contract-clauses-generated-at-boot.md,Releases-column precedence tree + orange-ink test; capture-verified (Muggleton/Hill)
0x0052d090,,type10_attribute_offset_dispatch,view-model,PORTED_BEHAVIOURAL,crates/cm-domain/src/player_profile.rs,PROFILE_ATTR_OFFSETS,YES,PLAYER_VISIBLE,STRUCTURALLY_VERIFIED,memory:type10-real-attribute-offsets.md,31-attribute grid offset table; Determination special-cased to Person+0x58
0x005289a0,,multi_position_name_formatter,view-model,PORTED_BEHAVIOURAL,crates/cm-domain/src/player_profile.rs,position_full_name,YES,PLAYER_VISIBLE,BEHAVIOURALLY_EXACT,memory:no-inferring-display-codes.md,position bitmask + side ordering; Striker-vs-Forward test; Garner capture reproduced
0x00524850,,club_job_role_name_switch,view-model,PORTED_EXACT,crates/cm-domain/src/general_info.rs,role_for_job,YES,PLAYER_VISIBLE,BEHAVIOURALLY_EXACT,rust:general_info.rs,cases 0..0xd role switch; verified vs Burnley staff
0x00546a40,,ban_scope_adjective,view-model,PORTED_BEHAVIOURAL,crates/cm-domain/src/player_profile.rs,World::competition_scope_adjective,YES,PLAYER_VISIBLE,STRUCTURALLY_VERIFIED,rust:player_profile.rs,continental->European else owning-nation adjective
0x00562580,,english_award_pool_resolver,view-model,PORTED_PARTIAL,crates/cm-domain/src/player_profile.rs,World::resolve_award_text,YES,PLAYER_VISIBLE,PARTIAL,memory:deferred-awards-engine.md,English PFA/TotS ids byte-exact; other nations generic fallback
0x007a8090,,career_history_aggregation,view-model,PORTED_BEHAVIOURAL,crates/cm-domain/src/player_profile.rs,World::player_history_view_for,YES,PLAYER_VISIBLE,STRUCTURALLY_VERIFIED,rust:player_profile.rs,"per-(person,club,season) apps/goals group+sort; Keown 507/8 two Brighton loans verified"
0x00668470,,year_end_apply_to_world_flow,db-load,PORTED_BEHAVIOURAL,crates/cm-domain/src/c15_1_world_apply.rs,apply_report_to_world,YES,SIMULATION_RELEVANT,STRUCTURALLY_VERIFIED,rust:c15_1_world_apply.rs,materialises AnnualRolloverReport onto World+save in exe order; NOTE 0x00668470 also cited as relegation_install in c13 (possible mis-cite - reconcile)
0x00843970,,squad_position_code_write,db-load,PORTED_BEHAVIOURAL,crates/cm-domain/src/c15_1_world_apply.rs,write_squad_position,YES,SIMULATION_RELEVANT,STRUCTURALLY_VERIFIED,rust:c15_1_world_apply.rs,"range gate [-50,50]->primary index write; nation-fallback identity deferred"
0x006c8930,,position rating (player-in-role),tactics,PORTED_PARTIAL,crates/cm-domain/src/tactics.rs,position_rating;ATTR_CURVE,YES,SIMULATION_RELEVANT,PARTIAL,memory:tactics-port-status.md,ATTR_CURVE @0x00a01ce0 verified; GK direct aptitude; wide branches simplified
0x006c5c40,,team score (sum ratings / opp_rep x8),tactics,PORTED_BEHAVIOURAL,crates/cm-domain/src/tactics.rs,team_score,YES,SIMULATION_RELEVANT,BEHAVIOURALLY_EXACT,memory:tactics-port-status.md,one-shot pre-match delta (gap #6 not per-tick)
0x00881310,,AI/per-club formation resolver,tactics,NOT_YET_PORTED,crates/cm-domain/src/tactics.rs,FLAT_442_ROLES,BLOCKED,SIMULATION_RELEVANT,PARTIAL,memory:tactics-port-status.md,real AI resolver unported; greedy best-fit XI picker is stand-in
0x00895c10,,tct/pct tactic loader,tactics,PORTED_EXACT,crates/cm-domain/src/tactic_file.rs,load_tactic;parse_tactic,YES,PERSISTENCE_RELEVANT,BYTE_EXACT,memory:agevak-cross-check.md,v5C/v5D/v5E; pct deobf +=0x075BCD15; markers byte-exact vs agevak
0x006c34c0,,team tempo+mentality bitmask,tactics,PORTED_BEHAVIOURAL,crates/cm-domain/src/tactic_file.rs,team_settings,YES,SIMULATION_RELEVANT,BEHAVIOURALLY_EXACT,rust:tactic_file.rs,verified :63-91; applied via FUN_0059f3e0(mask)
0x0059d870,,per-slot player-instruction setter,tactics,PORTED_PARTIAL,crates/cm-domain/src/tactic_file.rs,TacticSlot,YES,SIMULATION_RELEVANT,PARTIAL,memory:tactics-port-status.md,gap #5 96B slot body; per-field u16 index TBD
0x005a1470,,global team-settings setters,tactics,PORTED_PARTIAL,crates/cm-domain/src/tactic_file.rs,TeamSettings,YES,SIMULATION_RELEVANT,PARTIAL,memory:tactics-port-status.md,gap #4 mentality bits done; 10 switches bitmap TBD
0x0088a850,,tactics-screen event dispatcher,tactics,PORTED_PARTIAL,crates/cm-domain/src/tactic_dispatcher.rs,TacticCmd;dispatch,INDIRECT,PLAYER_VISIBLE,PARTIAL,memory:tactics-port-status.md,34-cmd map + save/revert/discard commit; most handlers stubs
0x00884700,,TacticScreenView widget builder,tactics,NOT_YET_PORTED,,,BLOCKED,UI_RENDERING,PARTIAL,memory:tactics-port-status.md,registers but populates no widgets
0x008939c0,,tactic-record initialiser,tactics,NOT_YET_PORTED,,,BLOCKED,SIMULATION_RELEVANT,PARTIAL,memory:tactics-port-status.md,copy-from-club/fresh-default not lifted
0x007df1b0,,scout weekly tick,scouting,PORTED_PARTIAL,crates/cm-domain/src/scouting.rs,ScoutBook::weekly_tick,YES,SIMULATION_RELEVANT,PARTIAL,memory:scouting-and-transfers-status.md,monotonic +3%/wk placeholder; real per-scout formula not decoded
0x00799190,,scout-task builder,scouting,PORTED_PARTIAL,crates/cm-domain/src/scouting.rs,ScoutBook::assign,YES,SIMULATION_RELEVANT,STRUCTURALLY_VERIFIED,memory:scouting-and-transfers-status.md,16x10x0x2b0 ScoutTask substrate; saved-search blob opaque
0x007974b0,,scout-task result consumer,scouting,PORTED_PARTIAL,crates/cm-domain/src/scouting.rs,ScoutBook::assignments,YES,SIMULATION_RELEVANT,PARTIAL,memory:scouting-and-transfers-status.md,45-byte ScoutReport payload undecoded
0x00599d60,,attribute-fog display filter,scouting,PORTED_PARTIAL,crates/cm-domain/src/scouting.rs,AttributeReveal;PlayerKnowledge::reveal,YES,PLAYER_VISIBLE,PARTIAL,rust:scouting.rs,display-only fog (human); per-attribute reveal linear interp
0x00848da0,,transfer/offer composer (visibility boundary),scouting,NOT_YET_PORTED,,,BLOCKED,SIMULATION_RELEVANT,PARTIAL,memory:scouting-and-transfers-status.md,10.8KB composer; AI sees full CA/PA (fog human-only); asm recovered
0x00809ad0,,create manager person+seat,manager,PORTED_BEHAVIOURAL,crates/cm-domain/src/manager_creation.rs,create_manager,YES,PLAYER_VISIBLE,BEHAVIOURALLY_EXACT,memory:manager-creation-flow.md,single-human; multi-human resign/sack/switch NOT_YET_PORTED
0x00809cc0,,Enter Name screen,manager,PORTED_BEHAVIOURAL,crates/cm-domain/src/manager_creation.rs,ManagerNameEntryView,YES,PLAYER_VISIBLE,BEHAVIOURALLY_EXACT,memory:manager-creation-flow.md,4 fields; non-empty + password==retype
0x0080a880,,Select Nationality screen,manager,PORTED_BEHAVIOURAL,crates/cm-domain/src/manager_creation.rs,ManagerNationalitySelectView,YES,PLAYER_VISIBLE,BEHAVIOURALLY_EXACT,memory:manager-creation-flow.md,nation+0x71!=0; Major-Nations vs All filter
0x0080b2b0,,Select Team screen,manager,PORTED_BEHAVIOURAL,crates/cm-domain/src/manager_creation.rs,ManagerClubSelectView,YES,PLAYER_VISIBLE,BEHAVIOURALLY_EXACT,memory:manager-creation-flow.md,club+0x53==nation AND pickable; alpha-sorted
0x0052e370,,club-pickable/league filter gate,manager,PORTED_BEHAVIOURAL,crates/cm-domain/src/manager_creation.rs,club_is_pickable,YES,SIMULATION_RELEVANT,BEHAVIOURALLY_EXACT,memory:league-dates-and-comp-wiring.md,club+0x57 div -> DAT_00ac688c AND nation +0x11c tier
0x00810f50,,install human manager at club,manager,PORTED_BEHAVIOURAL,crates/cm-domain/src/manager_creation.rs,create_manager,YES,SIMULATION_RELEVANT,BEHAVIOURALLY_EXACT,memory:manager-creation-flow.md,sacks AI incumbent; wage=attendance/10+3000; rep=20
0x00806640,,league picker tier bitfield,nation,PORTED_BEHAVIOURAL,crates/cm-domain/src/lib.rs,LeagueTier;build_nation_tiers,YES,SIMULATION_RELEVANT,BEHAVIOURALLY_EXACT,memory:league-tier-model.md,nation+0x11c 3-state; whole world resident; manageable=Foreground
0x0069c0d0,,tier-2 detailed-match routing,nation,PORTED_BEHAVIOURAL,crates/cm-domain/src/lib.rs,MatchDetailMode,YES,SIMULATION_RELEVANT,BEHAVIOURALLY_EXACT,memory:league-tier-model.md,+0x11c&2 detailed vs instant; headless Instant==Detailed
0x006527e0,,tier-1 same-nation routing,nation,PORTED_BEHAVIOURAL,crates/cm-domain/src/lib.rs,MatchDetailMode::NotSimulated,YES,SIMULATION_RELEVANT,BEHAVIOURALLY_EXACT,memory:league-tier-model.md,Neither-nation fixtures not run through engine
0x00821e90,,compid->loaded-league table,nation,REPLACED_BY_RUST,crates/cm-domain/src/lib.rs,competition_ids_for_nations,YES,SIMULATION_RELEVANT,STRUCTURALLY_VERIFIED,memory:league-dates-and-comp-wiring.md,derive comp membership from club+0x57/0x5b/0x60; same observable set
0x006cfef0,,shot outcome dice resolver,match-engine,PORTED_EXACT,crates/cm-domain/src/match_engine_exe.rs,shot_outcome_resolver,YES,SIMULATION_RELEVANT,BEHAVIOURALLY_EXACT,reports:match_action_path_decode.md,dice exact but per-match splitmix64 MatchRng not exe table-RNG; no RNG-cursor parity
0x006ae160,,shot/pass/tackle outcome classifier,match-engine,PORTED_EXACT,crates/cm-domain/src/match_engine_exe.rs,classify_shot_outcome,YES,SIMULATION_RELEVANT,BEHAVIOURALLY_EXACT,reports:match_action_path_decode.md,mentality scalers + in-box test
0x006a2790,,shot/pass target-lane picker,match-engine,PORTED_EXACT,crates/cm-domain/src/match_engine_exe.rs,target_picker,YES,SIMULATION_RELEVANT,BEHAVIOURALLY_EXACT,reports:match_action_path_decode.md,3x3 cell scan; defenders^2*2 + offside-trap tightening
0x006a1940,,pass-target picker,match-engine,PORTED_EXACT,crates/cm-domain/src/match_engine_exe.rs,pass_target_picker,YES,SIMULATION_RELEVANT,BEHAVIOURALLY_EXACT,reports:match_action_path_decode.md,scores every teammate cell
0x006d63b0,,distance-quality LUT lookup,match-engine,PORTED_EXACT,crates/cm-domain/src/match_engine_exe.rs,distance_quality,YES,SIMULATION_RELEVANT,BYTE_EXACT,rust:match_engine_exe.rs,shares DIST_LUT_00A01E20 with 0x006b1e60
0x006ba1e0,,derby/grudge score,match-engine,PORTED_EXACT,crates/cm-domain/src/match_engine_exe.rs,derby_score,YES,SIMULATION_RELEVANT,BEHAVIOURALLY_EXACT,rust:match_engine_exe.rs,reads rival fields; feeds pre-match aggro
0x006b69e0,,man-of-the-match selector,match-engine,PORTED_EXACT,crates/cm-domain/src/match_engine_exe.rs,select_motm,YES,PLAYER_VISIBLE,BEHAVIOURALLY_EXACT,memory:history-panels-noheuristic-ports.md,verified composite weights
0x006b3de0,,per-match rating finalize,match-engine,PORTED_EXACT,crates/cm-domain/src/match_engine_exe.rs,finalize_rating,YES,PLAYER_VISIBLE,BEHAVIOURALLY_EXACT,rust:match_engine_exe.rs,"display=clamp(round((acc+500)/1000),1,10)"
0x006ba380,,post-match rating writeback,match-engine,PORTED_EXACT,crates/cm-domain/src/match_engine_exe.rs,,YES,PLAYER_VISIBLE,STRUCTURALLY_VERIFIED,rust:match_engine_exe.rs,322B; returns Some(1..10)
0x006da0b0,,token cell move,match-engine,PORTED_EXACT,crates/cm-domain/src/match_engine_exe.rs,cell_move,INDIRECT,SIMULATION_RELEVANT,BYTE_EXACT,rust:match_engine_exe.rs,faithful port but token model rarely moves cell-to-cell
0x006b6c10,,resolve queued shots,match-engine,PORTED_BEHAVIOURAL,crates/cm-domain/src/match_engine_exe.rs,resolve_queued_shots,YES,PLAYER_VISIBLE,BEHAVIOURALLY_EXACT,reports:match_action_path_decode.md,drains shot queue via 0x006cfef0; emits 0x1FF7/8/9
0x00699640,,match-day build,match-engine,PORTED_BEHAVIOURAL,crates/cm-domain/src/match_engine_exe.rs,match_day_build,YES,SIMULATION_RELEVANT,STRUCTURALLY_VERIFIED,reports:match_day.md,schedules accepted as arg
0x00699d90,,match-day play driver,match-engine,PORTED_BEHAVIOURAL,crates/cm-domain/src/match_engine_exe.rs,simulate_one_fixture_token_model,YES,SIMULATION_RELEVANT,PARTIAL,memory:match-engine-gap-audit.md,token model in place of positional pump
0x006f99c0,,per-tick action selector (subset; full positional out-of-scope),match-engine,PORTED_PARTIAL,crates/cm-domain/src/match_engine_exe.rs,decide_action;shot_attempt_gate,YES,SIMULATION_RELEVANT,PARTIAL,memory:match-engine-gap-audit.md,shot-choice gate ported; full positional selector OUT_OF_SCOPE frontier lib.rs:23164
0x006f5de0,,physics/pressure continuation tick (subset),match-engine,PORTED_PARTIAL,crates/cm-domain/src/match_engine_exe.rs,physics_tick,YES,SIMULATION_RELEVANT,PARTIAL,memory:match-engine-gap-audit.md,tokens never move cell-to-cell; positional continuation OUT_OF_SCOPE lib.rs:23204
0x0069f2f0,,match tick/step controller (subset),match-engine,PORTED_PARTIAL,crates/cm-domain/src/match_engine_exe.rs,match_tick,YES,SIMULATION_RELEVANT,PARTIAL,memory:match-engine-gap-audit.md,state pump ported; full tick semantics frontier lib.rs:23194
0x0069d950,,match-engine setup/pre-match pass,match-engine,PORTED_PARTIAL,crates/cm-domain/src/match_engine_exe.rs,run_pre_match_pass,YES,SIMULATION_RELEVANT,PARTIAL,memory:history-panels-noheuristic-ports.md,aggro-gate to EVT_SERIOUS_FOUL + injury pass ported
0x006bc8d0,,match event-queue writer (subset),match-engine,PORTED_PARTIAL,crates/cm-domain/src/match_engine_exe.rs,match_events_generate,YES,PLAYER_VISIBLE,PARTIAL,memory:match-engine-gap-audit.md,token events pushed; full +0x30/+0x720 layout + follow-up codes not impl lib.rs:23174
0x00845cc0,,attendance + pitch modifiers,match-engine,PORTED_PARTIAL,crates/cm-domain/src/match_engine_exe.rs,combine_attendance,YES,PLAYER_VISIBLE,PARTIAL,rust:match_engine_exe.rs,reputation/comp/pitch + attendance composition ported; not all sub_type branches
0x006cf230,,foul severity accumulation (algo exact; live red blocked),discipline,PORTED_EXACT,crates/cm-domain/src/card_model.rs,foul_severity,INDIRECT,PLAYER_VISIBLE,BEHAVIOURALLY_EXACT,memory:history-panels-noheuristic-ports.md,severity byte-exact; fed non-authentic inputs so never drives a live red; authentic positional inputs BLOCKED
0x006cf040,,card applier verdict (red never live),discipline,PORTED_EXACT,crates/cm-domain/src/card_model.rs,card_verdict;disc_map,INDIRECT,PLAYER_VISIBLE,BEHAVIOURALLY_EXACT,memory:history-panels-noheuristic-ports.md,"verdict ported; cards_from_events returns empty reds (2059) BLOCKED on positional state, not fabricated"
0x006d63f0,,positional move/action resolution,match-engine,OUT_OF_SCOPE,crates/cm-domain/src/match_engine_exe.rs,,NO,SIMULATION_RELEVANT,PARTIAL,memory:match-engine-gap-audit.md,"replaced by token model; frontier shape verified, formulas not implemented lib.rs:23159"
0x006a4020,,phase/possession controller,match-engine,OUT_OF_SCOPE,crates/cm-domain/src/match_engine_exe.rs,,NO,SIMULATION_RELEVANT,PARTIAL,memory:match-engine-gap-audit.md,replaced by token model; frontier only lib.rs:23199
0x006a3240,,period-transition/score snapshot,match-engine,OUT_OF_SCOPE,crates/cm-domain/src/match_engine_exe.rs,,NO,SIMULATION_RELEVANT,PARTIAL,memory:match-engine-gap-audit.md,token model resolves FT score directly; period semantics not impl lib.rs:23219
0x006b4510,,positional candidate selector,match-engine,OUT_OF_SCOPE,crates/cm-domain/src/match_engine_exe.rs,,NO,SIMULATION_RELEVANT,PARTIAL,memory:match-engine-gap-audit.md,replaced by target_picker; frontier only lib.rs:23224
0x006d1a20,,player evaluation float fields,match-engine,OUT_OF_SCOPE,crates/cm-domain/src/match_engine_exe.rs,,NO,SIMULATION_RELEVANT,PARTIAL,memory:match-engine-gap-audit.md,replaced by token rating pipeline; frontier only lib.rs:23135
0x006e65e0,,shot/action score (positional),match-engine,OUT_OF_SCOPE,crates/cm-domain/src/match_engine_exe.rs,,NO,SIMULATION_RELEVANT,PARTIAL,memory:match-engine-gap-audit.md,replaced by shot_tier_bucket; frontier only lib.rs:23189
0x006f63f0,,event-resolution dispatcher (positional),match-engine,OUT_OF_SCOPE,crates/cm-domain/src/match_engine_exe.rs,,NO,SIMULATION_RELEVANT,PARTIAL,memory:match-engine-gap-audit.md,replaced by token event push; frontier only lib.rs:23169
0x005a2c70,,formation primary mask classifier,match-engine,OUT_OF_SCOPE,crates/cm-domain/src/match_engine_exe.rs,,NO,SIMULATION_RELEVANT,PARTIAL,memory:match-engine-gap-audit.md,token model uses aggregate zone bits; frontier only lib.rs:23234
0x006aae20,,per-tick tactical/commentary updater,match-engine,NOT_YET_PORTED,crates/cm-domain/src/match_engine_exe.rs,,NO,PLAYER_VISIBLE,PARTIAL,memory:match-engine-gap-audit.md,emits commentary events token model does not; genuine gap lib.rs:23229
0x006a0550,,stored-action event resolver,match-engine,NOT_YET_PORTED,crates/cm-domain/src/match_engine_exe.rs,,NO,PLAYER_VISIBLE,PARTIAL,memory:match-engine-gap-audit.md,stored-action commentary codes; genuine gap lib.rs:23209
0x005ce4f0,0x005ce240,RGB555/565 pixel packer,render,PORTED_EXACT,crates/cm-render/src/packed.rs,pack_rgb,TEST_ONLY,UI_RENDERING,BYTE_EXACT,memory:gdi-renderer-is-ground-truth.md,milestone-2 harness 5582 triples 100%
0x005cd420,0x005cd3e0,line drawer (H/V/Bresenham; dashed),render,PORTED_EXACT,crates/cm-render/src/packed.rs;crates/cm-render/src/line.rs,line;draw_line,TEST_ONLY,UI_RENDERING,BYTE_EXACT,memory:gdi-renderer-is-ground-truth.md,harness 15 shapes 100%; line.rs legacy DD twin
0x005cd840,0x005cd730,rect fill/outline,render,PORTED_EXACT,crates/cm-render/src/packed.rs;crates/cm-render/src/primitives.rs,rect;fill_rect,TEST_ONLY,UI_RENDERING,BYTE_EXACT,memory:gdi-renderer-is-ground-truth.md,harness 10 cases 100%
0x005cdac0,0x005cd930,save background behind popup,render,PORTED_EXACT,crates/cm-render/src/packed.rs,save_rect,TEST_ONLY,UI_RENDERING,BYTE_EXACT,memory:gdi-renderer-is-ground-truth.md,harness gradient 100%
0x005cdcc0,0x005cda90,restore background / pixel-buffer copy,render,PORTED_EXACT,crates/cm-render/src/packed.rs,restore_rect,TEST_ONLY,UI_RENDERING,BYTE_EXACT,memory:gdi-renderer-is-ground-truth.md,generic image blit for splash logos
0x005cdfd0,0x005cdd60,darken rect (65536-entry LUT),render,PORTED_EXACT,crates/cm-render/src/packed.rs,darken_rect,TEST_ONLY,UI_RENDERING,BYTE_EXACT,memory:gdi-renderer-is-ground-truth.md,harness 6 cases 100%
0x005ce250,0x005cdfa0,palette derivation (17 named + 9 packs),render,PORTED_BEHAVIOURAL,crates/cm-render/src/palette.rs,derive_palette,INDIRECT,UI_RENDERING,STRUCTURALLY_VERIFIED,memory:gui-core-ported.md,VA collision: 0x005cdfa0 palette in GDI vs free_texture in DD build
0x005ced50,0x005ceaa0,glyph renderer (4bpp nibble alpha),render,PORTED_PARTIAL,crates/cm-render/src/packed_glyph.rs;crates/cm-render/src/glyph_blit.rs,draw_glyph;blit_glyph,TEST_ONLY,UI_RENDERING,PARTIAL,memory:gdi-renderer-is-ground-truth.md,milestone-2 harness 0/7: glyph positioning/format mismatch unresolved; futuristic font deferred
0x005cf8e0,0x005cf570,panel/bevel frame drawer,render,PORTED_EXACT,crates/cm-render/src/packed_panel.rs;crates/cm-render/src/bevel.rs,draw_panel;bevel_box,TEST_ONLY,UI_RENDERING,BYTE_EXACT,memory:gdi-renderer-is-ground-truth.md,harness 13 P_* combos 100%; legacy panel.rs invented dither removed
0x005d0870,0x005d03a0,word-wrapped multi-line text box,render,PORTED_PARTIAL,crates/cm-render/src/packed_text.rs;crates/cm-render/src/drawstring.rs,draw_wrapped_text,TEST_ONLY,UI_RENDERING,PARTIAL,memory:gdi-renderer-is-ground-truth.md,harness 0/5 blocked on glyph mismatch; wrap/align/password/shadow logic ported
0x005ccba0,0x005cccd0,present dirty rectangle,render,UI_GDI_DOMAIN,crates/cm-render/src/blit.rs,dispatch_dirty_blit,YES,UI_RENDERING,STRUCTURALLY_VERIFIED,memory:directdraw-callsites-found.md,DD Blt/BltFast vs GDI StretchDIBits reproduced by blit dispatch
0x005cc310,0x005cc4f0,graphics device/framebuffer init,render,UI_GDI_DOMAIN,crates/cm-render/src/window_init.rs,WindowInitConfig,YES,UI_RENDERING,STRUCTURALLY_VERIFIED,memory:gui-core-ported.md,DDraw setup replaced by direct framebuffer alloc; RGB555 masks + stride
0x005cf7b0,,font metrics (height/measure/kerning),render,PORTED_EXACT,crates/cm-render/src/primitives.rs,font_height;measure_string;kerning_delta,YES,UI_RENDERING,STRUCTURALLY_VERIFIED,memory:gui-core-ported.md,bundles height+measure+kerning
0x005ce890,,fnt font loader + Latin-1 alias,render,PORTED_BEHAVIOURAL,crates/cm-render/src/font_loader.rs,load_font_bytes,YES,UI_RENDERING,STRUCTURALLY_VERIFIED,memory:gui-core-ported.md,slot 6/7 alias fixup 14 entries
0x005d7bd0,0x005d7aa0,per-widget renderer (THE draw layer),widgets,PORTED_BEHAVIOURAL,crates/cm-render/src/packed_widget.rs,render_widget,INDIRECT,UI_RENDERING,STRUCTURALLY_VERIFIED,memory:widgets-not-screens.md,"every widget enters here (29240-call capture, 31 callsites); text fidelity inherits glyph PARTIAL; not yet wired into view_render"
0x00403a20,,frame-metric lookup (3057B stride),widgets,PORTED_PARTIAL,crates/cm-render/src/packed_frame_lookup.rs,frame_lookup;FrameMetrics,INDIRECT,UI_RENDERING,STRUCTURALLY_VERIFIED,memory:layer2-widget-renderer-status.md,was BLOCKED (undecompiled); now supplies widget blocks G-K metrics; fidelity unverified
0x00549580,,widget spawner (18-arg registrar),widgets,PORTED_EXACT,crates/cm-render/src/widget_pool.rs,spawn_widget,YES,UI_RENDERING,STRUCTURALLY_VERIFIED,memory:gui-core-ported.md,cap 0x4AF; 241 cites in screens_auto
0x00549790,,area spawner,widgets,PORTED_EXACT,crates/cm-render/src/widget_pool.rs,spawn_area,YES,UI_RENDERING,STRUCTURALLY_VERIFIED,memory:gui-core-ported.md,cap 0xF8 stride 0xBF1
0x00403240,,z-order bubble-insert widget,widgets,PORTED_EXACT,crates/cm-render/src/widget_pool.rs,insert_widget_z_order,YES,UI_RENDERING,STRUCTURALLY_VERIFIED,memory:gui-core-ported.md,updates parent bounds
0x00403390,,area_rebuild_layout_tables (layout engine),widgets,PORTED_EXACT,crates/cm-render/src/layout.rs;crates/cm-render/src/area.rs,area_rebuild_layout_tables,YES,UI_RENDERING,STRUCTURALLY_VERIFIED,memory:ui-five-layer-architecture.md,grid slicing; Layer 4
0x005d1b10,,cursor state (Default/Hand/Busy),widgets,PORTED_BEHAVIOURAL,crates/cm-render/src/cursor.rs,CursorState,YES,UI_RENDERING,STRUCTURALLY_VERIFIED,memory:gui-core-ported.md,modes match DAT_00AD6C0C/10/14
0x005d1c30,,message-box layout,widgets,PORTED_BEHAVIOURAL,crates/cm-render/src/msgbox.rs,compute_msgbox_layout,YES,PLAYER_VISIBLE,STRUCTURALLY_VERIFIED,memory:gui-core-ported.md,"width [200,600] clamp centered; re-entry guard"
0x006547c0,,l10n template resolver,render,PORTED_BEHAVIOURAL,crates/cm-render/src/l10n.rs,resolve_template,YES,PLAYER_VISIBLE,STRUCTURALLY_VERIFIED,memory:gui-core-ported.md,{arg}/[arg] grammar; wires to inflection
0x00654e90,,language-bank lookup (bsearch),render,PORTED_BEHAVIOURAL,crates/cm-render/src/lang_bank.rs,LangBank::lookup,YES,PLAYER_VISIBLE,STRUCTURALLY_VERIFIED,memory:gui-core-ported.md,
0x006554c0,,inflection engine,render,PORTED_PARTIAL,crates/cm-render/src/inflection.rs,inflect_token,YES,PLAYER_VISIBLE,PARTIAL,memory:gui-core-ported.md,English pass-through; non-English morphology unported
0x00745540,,sidebar msg dispatch + in-game menu bar,widgets,PORTED_BEHAVIOURAL,crates/cm-render/src/sidebar_msg.rs;crates/cm-domain/src/menu.rs,SidebarMsg;MenuBar::in_game,YES,PLAYER_VISIBLE,STRUCTURALLY_VERIFIED,memory:menu-command-tree.md,all 33 msg_ids; 55-row sidebar with appointment gating
0x007491e0,,global/menu-bar command dispatcher,screens,PORTED_PARTIAL,crates/cm-render/src/dispatcher.rs;crates/cm-domain/src/sidebar_dispatcher.rs,,INDIRECT,PLAYER_VISIBLE,PARTIAL,memory:screen-builders-ported.md,last unported core dispatcher; ~half codes routed to open_* fns
0x0074bf60,,club-context command dispatcher,screens,PORTED_PARTIAL,crates/cm-render/src/dispatcher_club_toolbar.rs;crates/cm-domain/src/sidebar_dispatcher.rs,,INDIRECT,PLAYER_VISIBLE,PARTIAL,memory:ui-five-layer-architecture.md,cmds 0x7d0-0x7e7
0x007e6570,,screen-visible gate (skip pushes),screens,PORTED_BEHAVIOURAL,crates/cm-domain/src/screen_batch3.rs,build_* None arm,INDIRECT,UI_RENDERING,STRUCTURALLY_VERIFIED,memory:screen-builders-ported.md,None return matches exe skip-push gate
0x007e7130,,widget-slot writer,screens,REPLACED_BY_RUST,crates/cm-domain/src/screen_batch3.rs,View slot fields (serde),INDIRECT,UI_RENDERING,STRUCTURALLY_VERIFIED,memory:screen-builders-ported.md,slot writes replaced by named serde fields; exact-value tests
0x00454620,,club dashboard setup,screens,PORTED_BEHAVIOURAL,crates/cm-domain/src/screen_batch5.rs,build_club_dashboard,INDIRECT,PLAYER_VISIBLE,STRUCTURALLY_VERIFIED,memory:wired-screens-are-approximations.md,slot data ported+tested; NOT pixel-verified (legacy RGB565 chrome)
0x004a2190,,league-table/division comp screen setup,screens,PORTED_BEHAVIOURAL,crates/cm-domain/src/screen_batch29.rs,,INDIRECT,PLAYER_VISIBLE,STRUCTURALLY_VERIFIED,memory:wired-screens-are-approximations.md,chrome pixel-WRONG per wired-screens memory
0x0076f2f0,,news home screen setup,screens,PORTED_PARTIAL,crates/cm-render/src/screen_news.rs,,INDIRECT,PLAYER_VISIBLE,PARTIAL,memory:news-first-real-diff.md,News=HOME screen; real news but wrong generation + flat chrome
0x007eaac0,,scrollbar/scroll-region manager,widgets,PORTED_BEHAVIOURAL,crates/cm-render/src/scrollbar.rs,,INDIRECT,UI_RENDERING,PARTIAL,rust:cm-render,semantic inferred from usage; fidelity unverified
0x00701070,,Latest Scores screen setup,screens,PORTED_BEHAVIOURAL,crates/cm-render/src/screens_auto.rs,build_screen_701070,INDIRECT,PLAYER_VISIBLE,STRUCTURALLY_VERIFIED,memory:screen-builders-ported.md,auto-transliterated widget-pool builder; data-only NOT pixel-verified
0x008596b0,,shortlist-action screen setup,screens,PORTED_BEHAVIOURAL,crates/cm-render/src/screens_auto.rs,build_screen_8596b0,INDIRECT,PLAYER_VISIBLE,STRUCTURALLY_VERIFIED,memory:screen-builders-ported.md,Add To Shortlist; not pixel-verified
0x00698160,,Please-Confirm dialog setup,screens,PORTED_BEHAVIOURAL,crates/cm-render/src/screens_auto.rs,build_screen_698160,INDIRECT,UI_RENDERING,STRUCTURALLY_VERIFIED,memory:screen-builders-ported.md,confirm dialog; not pixel-verified
0x007719b0,,Send-Message-To-All screen setup,screens,PORTED_BEHAVIOURAL,crates/cm-render/src/screens_auto.rs,build_screen_7719b0,INDIRECT,PLAYER_VISIBLE,STRUCTURALLY_VERIFIED,memory:screen-builders-ported.md,not pixel-verified
0x004150e0,,International Awards screen setup,screens,PORTED_BEHAVIOURAL,crates/cm-render/src/screens_auto.rs,build_screen_4150e0,INDIRECT,PLAYER_VISIBLE,STRUCTURALLY_VERIFIED,memory:screen-builders-ported.md,not pixel-verified
0x00494640,,competition Rounds screen setup,screens,PORTED_BEHAVIOURAL,crates/cm-render/src/screens_auto.rs,build_screen_494640,INDIRECT,PLAYER_VISIBLE,STRUCTURALLY_VERIFIED,memory:screen-builders-ported.md,25 widgets; not pixel-verified
0x0046bdf0,,club History screen setup,screens,PORTED_BEHAVIOURAL,crates/cm-render/src/screens_auto.rs,build_screen_46bdf0,INDIRECT,PLAYER_VISIBLE,STRUCTURALLY_VERIFIED,memory:club-history-screen.md,cf club-history-screen; not pixel-verified
0x00476ef0,,Invited Clubs screen setup,screens,PORTED_BEHAVIOURAL,crates/cm-render/src/screens_auto.rs,build_screen_476ef0,INDIRECT,PLAYER_VISIBLE,STRUCTURALLY_VERIFIED,memory:screen-builders-ported.md,not pixel-verified
0x007013d0,,match aggregate/result screen setup,screens,PORTED_BEHAVIOURAL,crates/cm-render/src/screens_auto.rs,build_screen_7013d0,INDIRECT,PLAYER_VISIBLE,STRUCTURALLY_VERIFIED,memory:screen-builders-ported.md,agg score; not pixel-verified
0x0058a740,,Continent screen setup,screens,PORTED_BEHAVIOURAL,crates/cm-render/src/screens_auto.rs,build_screen_58a740,INDIRECT,PLAYER_VISIBLE,STRUCTURALLY_VERIFIED,memory:screen-builders-ported.md,not pixel-verified
0x0058d000,,Nation screen setup,screens,PORTED_BEHAVIOURAL,crates/cm-render/src/screens_auto.rs,build_screen_58d000,INDIRECT,PLAYER_VISIBLE,STRUCTURALLY_VERIFIED,memory:screen-builders-ported.md,not pixel-verified
0x00810ce0,,title/splash screen setup,screens,PORTED_BEHAVIOURAL,crates/cm-render/src/screens_auto.rs,build_screen_810ce0,INDIRECT,UI_RENDERING,STRUCTURALLY_VERIFIED,memory:screen-builders-ported.md,not pixel-verified
0x00417870,,Nominations screen setup,screens,PORTED_BEHAVIOURAL,crates/cm-render/src/screens_auto.rs,build_screen_417870,INDIRECT,PLAYER_VISIBLE,STRUCTURALLY_VERIFIED,memory:screen-builders-ported.md,not pixel-verified
0x00474760,,Arrange Friendly Tour screen setup,screens,PORTED_BEHAVIOURAL,crates/cm-render/src/screens_auto.rs,build_screen_474760,INDIRECT,PLAYER_VISIBLE,STRUCTURALLY_VERIFIED,memory:screen-builders-ported.md,21 widgets; not pixel-verified
0x004751b0,,Arrange Tour Of Nation screen setup,screens,PORTED_BEHAVIOURAL,crates/cm-render/src/screens_auto.rs,build_screen_4751b0,INDIRECT,PLAYER_VISIBLE,STRUCTURALLY_VERIFIED,memory:screen-builders-ported.md,not pixel-verified
0x004e2c70,,player screen setup,screens,PORTED_BEHAVIOURAL,crates/cm-render/src/screens_auto.rs,build_screen_4e2c70,INDIRECT,PLAYER_VISIBLE,STRUCTURALLY_VERIFIED,memory:screen-builders-ported.md,not pixel-verified
0x004e38d0,,Set Role At Club screen setup,screens,PORTED_BEHAVIOURAL,crates/cm-render/src/screens_auto.rs,build_screen_4e38d0,INDIRECT,PLAYER_VISIBLE,STRUCTURALLY_VERIFIED,memory:screen-builders-ported.md,not pixel-verified
0x004ebfa0,,Terminate Contract screen setup,screens,PORTED_BEHAVIOURAL,crates/cm-render/src/screens_auto.rs,build_screen_4ebfa0,INDIRECT,PLAYER_VISIBLE,STRUCTURALLY_VERIFIED,memory:screen-builders-ported.md,not pixel-verified
0x004ec590,,Game Credits screen setup,screens,PORTED_BEHAVIOURAL,crates/cm-render/src/screens_auto.rs,build_screen_4ec590,INDIRECT,PLAYER_VISIBLE,STRUCTURALLY_VERIFIED,memory:screen-builders-ported.md,38 widgets; not pixel-verified
0x004fd1f0,,Web Sites screen setup,screens,PORTED_BEHAVIOURAL,crates/cm-render/src/screens_auto.rs,build_screen_4fd1f0,INDIRECT,PLAYER_VISIBLE,STRUCTURALLY_VERIFIED,memory:screen-builders-ported.md,not pixel-verified
0x00548560,,Please-Confirm dialog setup,screens,PORTED_BEHAVIOURAL,crates/cm-render/src/screens_auto.rs,build_screen_548560,INDIRECT,UI_RENDERING,STRUCTURALLY_VERIFIED,memory:screen-builders-ported.md,confirm dialog; not pixel-verified
0x005dad10,,Ok dialog setup,screens,PORTED_BEHAVIOURAL,crates/cm-render/src/screens_auto.rs,build_screen_5dad10,INDIRECT,UI_RENDERING,STRUCTURALLY_VERIFIED,memory:screen-builders-ported.md,not pixel-verified
0x00697440,,Please-Confirm dialog setup,screens,PORTED_BEHAVIOURAL,crates/cm-render/src/screens_auto.rs,build_screen_697440,INDIRECT,UI_RENDERING,STRUCTURALLY_VERIFIED,memory:screen-builders-ported.md,confirm dialog; not pixel-verified
0x00697dc0,,Please-Confirm dialog setup,screens,PORTED_BEHAVIOURAL,crates/cm-render/src/screens_auto.rs,build_screen_697dc0,INDIRECT,UI_RENDERING,STRUCTURALLY_VERIFIED,memory:screen-builders-ported.md,confirm dialog; not pixel-verified
0x006fd7b0,,day-part Results screen setup,screens,PORTED_BEHAVIOURAL,crates/cm-render/src/screens_auto.rs,build_screen_6fd7b0,INDIRECT,PLAYER_VISIBLE,STRUCTURALLY_VERIFIED,memory:screen-builders-ported.md,not pixel-verified
0x007cdc70,,Please-Confirm dialog setup,screens,PORTED_BEHAVIOURAL,crates/cm-render/src/screens_auto.rs,build_screen_7cdc70,INDIRECT,UI_RENDERING,STRUCTURALLY_VERIFIED,memory:screen-builders-ported.md,confirm dialog; not pixel-verified
0x007fb050,,search Filters screen setup,screens,PORTED_BEHAVIOURAL,crates/cm-render/src/screens_auto.rs,build_screen_7fb050,INDIRECT,PLAYER_VISIBLE,STRUCTURALLY_VERIFIED,memory:screen-builders-ported.md,43 widgets; not pixel-verified
0x00804020,,title screen setup,screens,PORTED_BEHAVIOURAL,crates/cm-render/src/screens_auto.rs,build_screen_804020,INDIRECT,UI_RENDERING,STRUCTURALLY_VERIFIED,memory:screen-builders-ported.md,not pixel-verified
0x00808ae0,,title screen setup,screens,PORTED_BEHAVIOURAL,crates/cm-render/src/screens_auto.rs,build_screen_808ae0,INDIRECT,UI_RENDERING,STRUCTURALLY_VERIFIED,memory:screen-builders-ported.md,not pixel-verified
0x0088def0,,Team Instructions screen setup,screens,PORTED_BEHAVIOURAL,crates/cm-render/src/screens_auto.rs,build_screen_88def0,INDIRECT,PLAYER_VISIBLE,STRUCTURALLY_VERIFIED,memory:screen-builders-ported.md,45 widgets; not pixel-verified
0x00890e50,,large multi-tab screen setup,screens,PORTED_BEHAVIOURAL,crates/cm-render/src/screens_auto.rs,build_screen_890e50,INDIRECT,PLAYER_VISIBLE,STRUCTURALLY_VERIFIED,memory:screen-builders-ported.md,56 widgets; not pixel-verified
0x008a2180,,club Training screen setup,screens,PORTED_BEHAVIOURAL,crates/cm-render/src/screens_auto.rs,build_screen_8a2180,INDIRECT,PLAYER_VISIBLE,STRUCTURALLY_VERIFIED,memory:screen-builders-ported.md,37 widgets; not pixel-verified
0x008a6580,,large multi-tab screen setup,screens,PORTED_BEHAVIOURAL,crates/cm-render/src/screens_auto.rs,build_screen_8a6580,INDIRECT,PLAYER_VISIBLE,STRUCTURALLY_VERIFIED,memory:screen-builders-ported.md,37 widgets; not pixel-verified
0x008e01d0,,Transfer Bid screen setup,screens,PORTED_BEHAVIOURAL,crates/cm-render/src/screens_auto.rs,build_screen_8e01d0,INDIRECT,PLAYER_VISIBLE,STRUCTURALLY_VERIFIED,memory:screen-builders-ported.md,not pixel-verified
0x004e42b0,,empty screen builder,screens,PORTED_PARTIAL,crates/cm-render/src/screens_auto.rs,build_screen_4e42b0,INDIRECT,UI_RENDERING,STRUCTURALLY_VERIFIED,memory:screen-builders-ported.md,0-widget stub; root-area only
0x004e6680,,empty screen builder,screens,PORTED_PARTIAL,crates/cm-render/src/screens_auto.rs,build_screen_4e6680,INDIRECT,UI_RENDERING,STRUCTURALLY_VERIFIED,memory:screen-builders-ported.md,0-widget stub
0x005488f0,,empty screen builder,screens,PORTED_PARTIAL,crates/cm-render/src/screens_auto.rs,build_screen_5488f0,INDIRECT,UI_RENDERING,STRUCTURALLY_VERIFIED,memory:screen-builders-ported.md,0-widget stub
0x005db600,,empty screen builder,screens,PORTED_PARTIAL,crates/cm-render/src/screens_auto.rs,build_screen_5db600,INDIRECT,UI_RENDERING,STRUCTURALLY_VERIFIED,memory:screen-builders-ported.md,0-widget stub
0x00893500,,empty screen builder,screens,PORTED_PARTIAL,crates/cm-render/src/screens_auto.rs,build_screen_893500,INDIRECT,UI_RENDERING,STRUCTURALLY_VERIFIED,memory:screen-builders-ported.md,0-widget stub
0x008e9e60,,empty screen builder,screens,PORTED_PARTIAL,crates/cm-render/src/screens_auto.rs,build_screen_8e9e60,INDIRECT,UI_RENDERING,STRUCTURALLY_VERIFIED,memory:screen-builders-ported.md,0-widget stub
0x005cc4f0,,RGB555 pixel-format install,render,PORTED_EXACT,crates/cm-render/src/packed.rs,PackedSurface::rgb555,INDIRECT,UI_RENDERING,BYTE_EXACT,memory:gdi-renderer-is-ground-truth.md,writes masks to DAT_00acdea8/ac/b0
0x005cd870,,stipple blit,render,PORTED_EXACT,crates/cm-render/src/packed.rs,PackedSurface::draw_stipple,INDIRECT,UI_RENDERING,BYTE_EXACT,memory:gdi-renderer-is-ground-truth.md,189B/68-insn; corner-off-surface skip
0x005ce2d0,,colour-scale per-channel /100,render,PORTED_EXACT,crates/cm-render/src/packed.rs,colour_scale,INDIRECT,UI_RENDERING,BYTE_EXACT,memory:gdi-renderer-is-ground-truth.md,asm div-by-100 reproduced
0x005d7aa0,,Layer-2 widget renderer hot path,render,PORTED_PARTIAL,crates/cm-render/src/packed_widget.rs,,INDIRECT,UI_RENDERING,PARTIAL,memory:layer2-widget-renderer-status.md,blocks A-F+L byte-exact; G-K stubs pending FUN_00403a20 + 8 palette globals
0x007e4520,,ScreenManager ctor + struct layout,screens,PORTED_BEHAVIOURAL,crates/cm-render/src/scrman.rs,ScreenManager::new,INDIRECT,IMPLEMENTATION_ONLY,STRUCTURALLY_VERIFIED,rust:cm-render/scrman.rs,0x262000 arena; field offsets build-identical
0x007e46a0,,ScreenManager reset,screens,PORTED_BEHAVIOURAL,crates/cm-render/src/scrman.rs,ScreenManager::reset,INDIRECT,IMPLEMENTATION_ONLY,STRUCTURALLY_VERIFIED,rust:cm-render/scrman.rs,dtor-then-ctor reset
0x007e6420,,pending-push staging,screens,PORTED_BEHAVIOURAL,crates/cm-render/src/scrman.rs,ScreenManager::stage_pending_push,INDIRECT,IMPLEMENTATION_ONLY,STRUCTURALLY_VERIFIED,rust:cm-render/scrman.rs,staging slots; ptr slots kept as presence markers
0x00548b40,,ScreenManager session sub-object ctor,screens,PORTED_BEHAVIOURAL,crates/cm-render/src/scrman.rs,SessionSubObject::new,INDIRECT,IMPLEMENTATION_ONLY,STRUCTURALLY_VERIFIED,rust:cm-render/scrman.rs,two inline sessions
0x00763590,,ScreenManager network-buffer ctor,screens,REPLACED_BY_RUST,crates/cm-render/src/scrman.rs,NetworkBuffer::new,INDIRECT,IMPLEMENTATION_ONLY,STRUCTURALLY_VERIFIED,rust:cm-render/scrman.rs,50000B net buf; Vec-backed same capacity
0x00933d24,,CRT/container plumbing thunk,plumbing,NON_USEFUL,crates/cm-render/src/scrman.rs,,NO,IMPLEMENTATION_ONLY,STRUCTURALLY_VERIFIED,rust:cm-render/scrman.rs,CRT thunk cited incidentally
0x0093435a,,CRT/container plumbing thunk,plumbing,NON_USEFUL,crates/cm-render/src/scrman.rs,,NO,IMPLEMENTATION_ONLY,STRUCTURALLY_VERIFIED,rust:cm-render/scrman.rs,CRT thunk
0x009349c4,,CRT/container plumbing thunk,plumbing,NON_USEFUL,crates/cm-render/src/scrman.rs,,NO,IMPLEMENTATION_ONLY,STRUCTURALLY_VERIFIED,rust:cm-render,CRT thunk
0x0093534b,,CRT/container plumbing thunk,plumbing,NON_USEFUL,crates/cm-render/src/scrman.rs,,NO,IMPLEMENTATION_ONLY,STRUCTURALLY_VERIFIED,rust:cm-render/scrman.rs,CRT thunk
0x0093578b,,CRT/container plumbing thunk,plumbing,NON_USEFUL,crates/cm-render/src/scrman.rs,,NO,IMPLEMENTATION_ONLY,STRUCTURALLY_VERIFIED,rust:cm-render/scrman.rs,CRT thunk
0x00935f4b,,CRT/container plumbing thunk,plumbing,NON_USEFUL,crates/cm-render/src/scrman.rs,,NO,IMPLEMENTATION_ONLY,STRUCTURALLY_VERIFIED,rust:cm-render,CRT thunk
0x0093acf0,,CRT/container plumbing thunk,plumbing,NON_USEFUL,crates/cm-render/src/scrman.rs,,NO,IMPLEMENTATION_ONLY,STRUCTURALLY_VERIFIED,rust:cm-render/scrman.rs,CRT thunk
0x0093b4b0,,CRT/container plumbing thunk,plumbing,NON_USEFUL,crates/cm-render/src/scrman.rs,,NO,IMPLEMENTATION_ONLY,STRUCTURALLY_VERIFIED,rust:cm-render/scrman.rs,CRT thunk
0x00933d8f,,CRT/container plumbing thunk,plumbing,NON_USEFUL,crates/cm-render/src/dispatcher.rs,,NO,IMPLEMENTATION_ONLY,STRUCTURALLY_VERIFIED,rust:cm-render/dispatcher.rs,CRT thunk
0x00934ba3,,CRT/container plumbing thunk,plumbing,NON_USEFUL,crates/cm-render/src/dispatcher.rs,,NO,IMPLEMENTATION_ONLY,STRUCTURALLY_VERIFIED,rust:cm-render/dispatcher.rs,CRT thunk
0x005d75b0,,nav-bar Back/Next builder,widgets,PORTED_PARTIAL,crates/cm-render/src/dispatcher.rs,,INDIRECT,PLAYER_VISIBLE,PARTIAL,memory:news-screen-geometry.md,Back/Next placeholder; -2/-3 msgs routed by dispatch_global
0x0076ab10,,news-item action classifier,news,PORTED_BEHAVIOURAL,crates/cm-render/src/news_action_classify.rs,classify_news_action,INDIRECT,PLAYER_VISIBLE,STRUCTURALLY_VERIFIED,memory:news-generation-logic.md,button caption + callback; ~35 arms/6 categories; generation side separately curated
0x008dfb10,,contract-offer/move screen builder,screens,PORTED_BEHAVIOURAL,crates/cm-domain/src/screen_batch24.rs,build_contract_offer_or_move,INDIRECT,PLAYER_VISIBLE,STRUCTURALLY_VERIFIED,memory:wired-screens-are-approximations.md,input resolvers unresolved; not pixel-verified
0x008dfc20,,small 3-slot screen builder,screens,PORTED_BEHAVIOURAL,crates/cm-domain/src/screen_batch24.rs,build_small_three_slot,INDIRECT,PLAYER_VISIBLE,STRUCTURALLY_VERIFIED,memory:wired-screens-are-approximations.md,not pixel-verified
0x008dfdf0,,wage-offer/move screen builder,screens,PORTED_BEHAVIOURAL,crates/cm-domain/src/screen_batch24.rs,build_wage_offer_or_move,INDIRECT,PLAYER_VISIBLE,STRUCTURALLY_VERIFIED,memory:wired-screens-are-approximations.md,MsgBox path; not pixel-verified
0x008e0710,,2-slot screen builder,screens,PORTED_BEHAVIOURAL,crates/cm-domain/src/screen_batch24.rs,build_two_slot_0710,INDIRECT,PLAYER_VISIBLE,STRUCTURALLY_VERIFIED,memory:wired-screens-are-approximations.md,not pixel-verified
0x008e0b60,,2-slot screen builder,screens,PORTED_BEHAVIOURAL,crates/cm-domain/src/screen_batch24.rs,build_two_slot_0b60,INDIRECT,PLAYER_VISIBLE,STRUCTURALLY_VERIFIED,memory:wired-screens-are-approximations.md,not pixel-verified
0x004a0c10,,competition-list screen builder,screens,PORTED_BEHAVIOURAL,crates/cm-domain/src/screen_batch28.rs,build_comp_list_screen,INDIRECT,PLAYER_VISIBLE,STRUCTURALLY_VERIFIED,memory:wired-screens-are-approximations.md,0x26b-stride slot loop; not pixel-verified
0x004a1fd0,,competition command pre-dispatcher,screens,PORTED_PARTIAL,crates/cm-domain/src/screen_batch28.rs,dispatch_comp_command,INDIRECT,PLAYER_VISIBLE,PARTIAL,memory:menu-command-tree.md,routes via 0x007491e0 then 0x0074bf60 (both PARTIAL)
0x004a3d20,,competition-list row builder,screens,PORTED_BEHAVIOURAL,crates/cm-domain/src/screen_batch28.rs,build_comp_list_row,INDIRECT,PLAYER_VISIBLE,STRUCTURALLY_VERIFIED,memory:wired-screens-are-approximations.md,one comp-list row; not pixel-verified
0x004a3f10,,competition fixture row builder,screens,PORTED_BEHAVIOURAL,crates/cm-domain/src/screen_batch28.rs,build_comp_fixture_row,INDIRECT,PLAYER_VISIBLE,STRUCTURALLY_VERIFIED,memory:wired-screens-are-approximations.md,team lookup + reserves crossover
0x004a5610,,competition slot-probe (22-slot),screens,PORTED_BEHAVIOURAL,crates/cm-domain/src/screen_batch29.rs,comp_slot_probe,INDIRECT,UI_RENDERING,STRUCTURALLY_VERIFIED,memory:screen-builders-ported.md,22-slot switch; valid-row marker
0x004a16a0,,competition command pre-dispatcher (sibling),screens,PORTED_PARTIAL,crates/cm-domain/src/screen_batch29.rs,dispatch_comp_command_val9,INDIRECT,PLAYER_VISIBLE,PARTIAL,memory:menu-command-tree.md,sibling of 0x004a1fd0
0x004a3220,,competition loader pre-dispatcher,screens,PORTED_BEHAVIOURAL,crates/cm-domain/src/screen_batch29.rs,dispatch_comp_loader,INDIRECT,PLAYER_VISIBLE,STRUCTURALLY_VERIFIED,memory:menu-command-tree.md,gate-byte 2 load + two opens
0x004a5760,,extract teams from fixture id,screens,PORTED_BEHAVIOURAL,crates/cm-domain/src/screen_batch29.rs,extract_fixture_teams,INDIRECT,SIMULATION_RELEVANT,STRUCTURALLY_VERIFIED,memory:screen-builders-ported.md,reserves guard + team-list scan
0x004a17f0,,fixture-view screen launcher,screens,PORTED_BEHAVIOURAL,crates/cm-domain/src/screen_batch29.rs,launch_fixture_view,INDIRECT,PLAYER_VISIBLE,STRUCTURALLY_VERIFIED,memory:screen-builders-ported.md,registers via FUN_007e6570
0x004a28c0,,UEFA-coefficients screen launcher,screens,PORTED_BEHAVIOURAL,crates/cm-domain/src/screen_batch29.rs,launch_uefa_coefs_screen,INDIRECT,PLAYER_VISIBLE,STRUCTURALLY_VERIFIED,memory:screen-builders-ported.md,trivial launcher
0x004a9d10,,team attribute value reader,screens,PORTED_BEHAVIOURAL,crates/cm-domain/src/screen_batch29.rs,read_team_attribute_value,INDIRECT,SIMULATION_RELEVANT,STRUCTURALLY_VERIFIED,memory:screen-builders-ported.md,18-case switch
0x004a8f10,,drain pending comp-news flags,screens,PORTED_BEHAVIOURAL,crates/cm-domain/src/screen_batch29.rs,drain_pending_comp_news,INDIRECT,SIMULATION_RELEVANT,STRUCTURALLY_VERIFIED,memory:news-generation-logic.md,walks 22 dirty flags
0x004a92d0,,team stat column names,screens,PORTED_EXACT,crates/cm-domain/src/screen_batch29.rs,team_stat_column_name,INDIRECT,PLAYER_VISIBLE,STRUCTURALLY_VERIFIED,memory:screen-builders-ported.md,17 columns verified
0x004a95d0,,player stat column names,screens,PORTED_EXACT,crates/cm-domain/src/screen_batch29.rs,player_stat_column_name,INDIRECT,PLAYER_VISIBLE,STRUCTURALLY_VERIFIED,memory:screen-builders-ported.md,17 columns verified
0x004a84b0,,per-match min-goals/max-attr tracker,records,PORTED_BEHAVIOURAL,crates/cm-domain/src/screen_batch30.rs,update_match_min_goals_tracker,INDIRECT,SIMULATION_RELEVANT,STRUCTURALLY_VERIFIED,memory:screen-builders-ported.md,comp guards + attr update
0x004a90b0,,aggregate team match stats,records,PORTED_BEHAVIOURAL,crates/cm-domain/src/screen_batch30.rs,aggregate_team_match_stats,INDIRECT,SIMULATION_RELEVANT,STRUCTURALLY_VERIFIED,memory:screen-builders-ported.md,20-slot x 2-half aggregation
0x004a2200,,FIFA World Rankings screen model,screens,PORTED_BEHAVIOURAL,crates/cm-domain/src/screen_batch30.rs,build_fifa_world_rankings_screen,INDIRECT,PLAYER_VISIBLE,STRUCTURALLY_VERIFIED,memory:fifa-rankings-mechanism.md,page_size 0x15d; not pixel-verified
0x004a3770,,competition-stages walker,screens,PORTED_PARTIAL,crates/cm-domain/src/screen_batch30.rs,build_competition_stages_walker,INDIRECT,PLAYER_VISIBLE,PARTIAL,memory:screen-builders-ported.md,simplified; emits Stage/Group
0x004a9980,,player-history attribute reader,screens,PORTED_BEHAVIOURAL,crates/cm-domain/src/screen_batch32.rs,read_player_attribute_value,INDIRECT,SIMULATION_RELEVANT,STRUCTURALLY_VERIFIED,memory:screen-builders-ported.md,19-case numeric reader
0x004abad0,,history-scope label,screens,PORTED_EXACT,crates/cm-domain/src/screen_batch32.rs,history_scope_label,INDIRECT,PLAYER_VISIBLE,STRUCTURALLY_VERIFIED,memory:screen-builders-ported.md,All Time/Current
0x004abf80,,per-tab screen enable gate,screens,PORTED_BEHAVIOURAL,crates/cm-domain/src/screen_batch32.rs,screen_enable_gate,INDIRECT,PLAYER_VISIBLE,STRUCTURALLY_VERIFIED,memory:screen-builders-ported.md,3-way gate
0x004a9000,,comp-history flag byte setter,screens,PORTED_BEHAVIOURAL,crates/cm-domain/src/screen_batch32.rs,set_comp_history_team_of_month,INDIRECT,IMPLEMENTATION_ONLY,STRUCTURALLY_VERIFIED,memory:screen-builders-ported.md,writes team+0x72
0x004aa480,,player-attr formatted reader,screens,PORTED_EXACT,crates/cm-domain/src/screen_batch32.rs,format_player_attribute,INDIRECT,PLAYER_VISIBLE,STRUCTURALLY_VERIFIED,memory:screen-builders-ported.md,17 cases + 5-window form
0x004abbe0,,season-record column names,screens,PORTED_EXACT,crates/cm-domain/src/screen_batch32.rs,season_record_column_name,INDIRECT,PLAYER_VISIBLE,STRUCTURALLY_VERIFIED,memory:screen-builders-ported.md,22 columns verified
0x005a2030,,position eligibility-bits decoder,view-model,PORTED_EXACT,crates/cm-domain/src/lib.rs,PlayerView::position_eligibility_bits,YES,PLAYER_VISIBLE,STRUCTURALLY_VERIFIED,rust:crates/cm-domain/src/lib.rs,live x64dbg-verified vs FUN_00488f70 squad filter; sliding threshold 15->9 over +0xf..+0x1a; bits 0x1..0x800; NO stored position field
0x00842f40,,squad-number assignment pass,db-load,PORTED_BEHAVIOURAL,crates/cm-domain/src/lib.rs,World::assign_squad_numbers,YES,PLAYER_VISIBLE,STRUCTURALLY_VERIFIED,memory:start-new-game-flow.md,boot pass after player_init; shirt-1 preference via FUN_00843590; position-ordered
0x0078e970,,regen fill-club-squad,regen,PORTED_BEHAVIOURAL,crates/cm-domain/src/player_regen.rs,regen_fill_club_squad,YES,SIMULATION_RELEVANT,STRUCTURALLY_VERIFIED,rust:crates/cm-domain/src/player_regen.rs,boot squad-fill for too-thin clubs; wired at new-game season build (REGEN_THIN_SQUAD gate)
0x0078f200,,regen free-agent selector,regen,PORTED_BEHAVIOURAL,crates/cm-domain/src/player_regen.rs,select_free_agent,YES,SIMULATION_RELEVANT,STRUCTURALLY_VERIFIED,rust:crates/cm-domain/src/player_regen.rs,nation-gated candidate pick feeding fill-club-squad
0x0078f4f0,,regen suitability score,regen,PORTED_BEHAVIOURAL,crates/cm-domain/src/player_regen.rs,regen_suitability_score,YES,SIMULATION_RELEVANT,STRUCTURALLY_VERIFIED,rust:crates/cm-domain/src/player_regen.rs,type10-driven signal; heavily leaned on by fill path
0x00594950,,year-rollover tick hook,tick,PORTED_BEHAVIOURAL,crates/cm-domain/src/lib.rs,RuntimeSaveGame::hook_year_rollover,YES,SIMULATION_RELEVANT,STRUCTURALLY_VERIFIED,rust:crates/cm-domain/src/lib.rs,game.cpp step 1; marks FIFA dirty + resets discipline + fires awards; exe recompute is 0x005c01d0
0x00524560,,player attr generate mode-A slot order,player-init,PORTED_PARTIAL,crates/cm-domain/src/lib.rs,PlayerInitState::generate_attributes_core,YES,SIMULATION_RELEVANT,PARTIAL,memory:player-init-decode.md,companion decompile of curated 0x00524160; slot->byte order partially reproduced
0x00536bc0,,is-leap-year predicate,date,PORTED_BEHAVIOURAL,crates/cm-domain/src/lib.rs,,YES,SIMULATION_RELEVANT,STRUCTURALLY_VERIFIED,rust:crates/cm-domain/src/lib.rs,non-leap iff odd|not/4|century-not/400; inline in date helpers
0x00683e30,,nation-tier selected-bit set/clear + job-take,nation,PORTED_BEHAVIOURAL,crates/cm-domain/src/lib.rs,,YES,SIMULATION_RELEVANT,STRUCTURALLY_VERIFIED,memory:league-tier-model.md,nation+0x11c clear bit0x1 / set bit0x2; feeds build_nation_tiers + install-human job-take
0x006809e0,,human-manager resign / clear-club link,manager,PORTED_BEHAVIOURAL,crates/cm-domain/src/lib.rs,,YES,SIMULATION_RELEVANT,STRUCTURALLY_VERIFIED,memory:dashboard-manager-model.md,clears club link; human stays resident in game
0x005e5330,,add-human index allocator,manager,PORTED_BEHAVIOURAL,crates/cm-domain/src/lib.rs,,YES,SIMULATION_RELEVANT,STRUCTURALLY_VERIFIED,memory:manager-creation-flow.md,paired with FUN_00811140; returns new human index
0x00811140,,start-game manageable gate + club-picker loop,manager,PORTED_BEHAVIOURAL,crates/cm-domain/src/lib.rs,,YES,SIMULATION_RELEVANT,STRUCTURALLY_VERIFIED,memory:manager-creation-flow.md,verified start gate + picker loop; drives pickable/manageable logic (impl in manager_creation.rs club_is_pickable)
0x007a90b0,,per-match rating accumulator writer,match-engine,PORTED_BEHAVIOURAL,crates/cm-domain/src/lib.rs,,YES,PLAYER_VISIBLE,STRUCTURALLY_VERIFIED,rust:crates/cm-domain/src/lib.rs,count+=1 / sum+=rating at sub-block +0x00; feeds finalize_rating
0x00558f60,,English FA Cup round-date helper,cups,PORTED_PARTIAL,crates/cm-domain/src/lib.rs,,YES,SIMULATION_RELEVANT,STRUCTURALLY_VERIFIED,rust:crates/cm-domain/src/lib.rs,KO round start dates decoded+hardcoded in new-game cup schedule; helper logic not ported
0x00556150,,English League Cup round-date helper,cups,PORTED_PARTIAL,crates/cm-domain/src/lib.rs,,YES,SIMULATION_RELEVANT,STRUCTURALLY_VERIFIED,rust:crates/cm-domain/src/lib.rs,date-only lift
0x0055abb0,,English FA Trophy round-date helper,cups,PORTED_PARTIAL,crates/cm-domain/src/lib.rs,,YES,SIMULATION_RELEVANT,STRUCTURALLY_VERIFIED,rust:crates/cm-domain/src/lib.rs,R0=8 Nov 2001; date-only lift
0x005549b0,,English Vans/AWS Trophy main-draw date helper,cups,PORTED_PARTIAL,crates/cm-domain/src/lib.rs,,YES,SIMULATION_RELEVANT,STRUCTURALLY_VERIFIED,rust:crates/cm-domain/src/lib.rs,date-only lift
0x005a4650,,French Cup round-date helper,cups,PORTED_PARTIAL,crates/cm-domain/src/lib.rs,,YES,SIMULATION_RELEVANT,STRUCTURALLY_VERIFIED,rust:crates/cm-domain/src/lib.rs,foreign cup; date-only lift
0x005a6e80,,French League Cup round-date helper,cups,PORTED_PARTIAL,crates/cm-domain/src/lib.rs,,YES,SIMULATION_RELEVANT,STRUCTURALLY_VERIFIED,rust:crates/cm-domain/src/lib.rs,foreign cup; date-only lift
0x005c2b90,,DFB-Pokal round-date helper,cups,PORTED_PARTIAL,crates/cm-domain/src/lib.rs,,YES,SIMULATION_RELEVANT,STRUCTURALLY_VERIFIED,rust:crates/cm-domain/src/lib.rs,foreign cup; date-only lift
0x005c6050,,German League Cup round-date helper,cups,PORTED_PARTIAL,crates/cm-domain/src/lib.rs,,YES,SIMULATION_RELEVANT,STRUCTURALLY_VERIFIED,rust:crates/cm-domain/src/lib.rs,foreign cup; two-branch; date-only lift
0x005d5be0,,Greek Cup main round-date helper,cups,PORTED_PARTIAL,crates/cm-domain/src/lib.rs,,YES,SIMULATION_RELEVANT,STRUCTURALLY_VERIFIED,rust:crates/cm-domain/src/lib.rs,foreign cup; main dates lifted
0x005d2ff0,,Greek Cup sub-comp round helper,cups,PORTED_PARTIAL,crates/cm-domain/src/lib.rs,,INDIRECT,SIMULATION_RELEVANT,PARTIAL,rust:crates/cm-domain/src/lib.rs,foreign; sub-comp dates NOT decoded
0x005dd170,,Dutch Cup round-date helper,cups,PORTED_PARTIAL,crates/cm-domain/src/lib.rs,,YES,SIMULATION_RELEVANT,STRUCTURALLY_VERIFIED,rust:crates/cm-domain/src/lib.rs,foreign cup; disasm-only date lift
0x006282d0,,Italian Cup round-date helper,cups,PORTED_PARTIAL,crates/cm-domain/src/lib.rs,,YES,SIMULATION_RELEVANT,STRUCTURALLY_VERIFIED,rust:crates/cm-domain/src/lib.rs,foreign cup; date-only lift
0x006245f0,,Italian League Cup KO round-date helper,cups,PORTED_PARTIAL,crates/cm-domain/src/lib.rs,,YES,SIMULATION_RELEVANT,STRUCTURALLY_VERIFIED,rust:crates/cm-domain/src/lib.rs,foreign cup; date-only lift
0x00627060,,Italian League Cup group-phase helper,cups,PORTED_PARTIAL,crates/cm-domain/src/lib.rs,,INDIRECT,SIMULATION_RELEVANT,PARTIAL,rust:crates/cm-domain/src/lib.rs,foreign; separate group phase runs later
0x006220c0,,Ireland League Cup KO round-date helper,cups,PORTED_PARTIAL,crates/cm-domain/src/lib.rs,,YES,SIMULATION_RELEVANT,STRUCTURALLY_VERIFIED,rust:crates/cm-domain/src/lib.rs,foreign cup; date-only lift
0x0061d9f0,,Ireland Challenge Cup round-date helper,cups,PORTED_PARTIAL,crates/cm-domain/src/lib.rs,,YES,SIMULATION_RELEVANT,STRUCTURALLY_VERIFIED,rust:crates/cm-domain/src/lib.rs,foreign cup; date-only lift
0x00622bb0,,Ireland President's Cup round-date helper,cups,PORTED_PARTIAL,crates/cm-domain/src/lib.rs,,YES,SIMULATION_RELEVANT,STRUCTURALLY_VERIFIED,rust:crates/cm-domain/src/lib.rs,foreign cup; date-only lift
0x0061fdc0,,Ireland Leinster Cup round-date helper,cups,PORTED_PARTIAL,crates/cm-domain/src/lib.rs,,YES,SIMULATION_RELEVANT,STRUCTURALLY_VERIFIED,rust:crates/cm-domain/src/lib.rs,foreign cup; date-only lift
0x0057c730,,Finnish Cup round-date helper,cups,PORTED_PARTIAL,crates/cm-domain/src/lib.rs,,YES,SIMULATION_RELEVANT,STRUCTURALLY_VERIFIED,rust:crates/cm-domain/src/lib.rs,foreign cup; R0 date lifted
0x0041de60,,Belgian FA Cup round-date helper,cups,PORTED_PARTIAL,crates/cm-domain/src/lib.rs,,YES,SIMULATION_RELEVANT,STRUCTURALLY_VERIFIED,rust:crates/cm-domain/src/lib.rs,foreign cup; R0 date lifted
0x0061cd40,,Intertoto Cup participant/round helper,cups,PORTED_PARTIAL,crates/cm-domain/src/lib.rs,,INDIRECT,SIMULATION_RELEVANT,PARTIAL,rust:crates/cm-domain/src/lib.rs,60-participant intertoto; partial wiring
0x0061ba20,,CONCACAF single-round setup helper,cups,PORTED_PARTIAL,crates/cm-domain/src/lib.rs,,INDIRECT,SIMULATION_RELEVANT,PARTIAL,rust:crates/cm-domain/src/lib.rs,CONCACAF representative single-round setup
0x0061bb60,,CONCACAF club filter helper,cups,PORTED_PARTIAL,crates/cm-domain/src/lib.rs,,INDIRECT,SIMULATION_RELEVANT,PARTIAL,rust:crates/cm-domain/src/lib.rs,filters clubs for CONCACAF rep
0x005b85b0,,daily AI dispatcher (staff/transfers/AI),tick,NOT_YET_PORTED,crates/cm-domain/src/lib.rs,,NO,SIMULATION_RELEVANT,HYPOTHESIS,rust:crates/cm-domain/src/lib.rs,game.cpp step 10; 30467-byte dispatcher; explicit named stub hook_daily_ai_dispatch
0x005b7f10,,background subsystem A,tick,NOT_YET_PORTED,crates/cm-domain/src/lib.rs,,NO,SIMULATION_RELEVANT,HYPOTHESIS,rust:crates/cm-domain/src/lib.rs,step 10b background subsystem; named stub
0x009123a0,,background subsystem B,tick,NOT_YET_PORTED,crates/cm-domain/src/lib.rs,,NO,SIMULATION_RELEVANT,HYPOTHESIS,rust:crates/cm-domain/src/lib.rs,step 10b; named stub
0x00614e90,,background subsystem C,tick,NOT_YET_PORTED,crates/cm-domain/src/lib.rs,,NO,SIMULATION_RELEVANT,HYPOTHESIS,rust:crates/cm-domain/src/lib.rs,step 10b; named stub
0x0053fe40,,background subsystem D,tick,NOT_YET_PORTED,crates/cm-domain/src/lib.rs,,NO,SIMULATION_RELEVANT,HYPOTHESIS,rust:crates/cm-domain/src/lib.rs,step 10b; named stub
0x008f2900,,background subsystem E,tick,NOT_YET_PORTED,crates/cm-domain/src/lib.rs,,NO,SIMULATION_RELEVANT,HYPOTHESIS,rust:crates/cm-domain/src/lib.rs,step 10b; named stub
0x00413980,,background subsystem F,tick,NOT_YET_PORTED,crates/cm-domain/src/lib.rs,,NO,SIMULATION_RELEVANT,HYPOTHESIS,rust:crates/cm-domain/src/lib.rs,step 10b; named stub
0x00595580,,fixture/news cleanup,tick,NOT_YET_PORTED,crates/cm-domain/src/lib.rs,,NO,SIMULATION_RELEVANT,HYPOTHESIS,rust:crates/cm-domain/src/lib.rs,step 10c; named stub
0x00752d40,,tie-participant notification,tick,NOT_YET_PORTED,crates/cm-domain/src/lib.rs,,NO,SIMULATION_RELEVANT,HYPOTHESIS,memory:sim-findings-2026-09.md,step 10f; documented in lift workbench; named stub
0x00808a70,,per-seat hotseat processing,tick,NOT_YET_PORTED,crates/cm-domain/src/lib.rs,,NO,SIMULATION_RELEVANT,HYPOTHESIS,rust:crates/cm-domain/src/lib.rs,multi-human hotseat; documented stub
0x007e4940,,post-hotseat finalize,tick,NOT_YET_PORTED,crates/cm-domain/src/lib.rs,,NO,SIMULATION_RELEVANT,HYPOTHESIS,rust:crates/cm-domain/src/lib.rs,documented stub
0x00856d50,,post-comp dispatch,tick,NOT_YET_PORTED,crates/cm-domain/src/lib.rs,,NO,SIMULATION_RELEVANT,HYPOTHESIS,rust:crates/cm-domain/src/lib.rs,step 7; named stub
0x00699cd0,,match pre-play pass,match-engine,NOT_YET_PORTED,crates/cm-domain/src/lib.rs,,NO,SIMULATION_RELEVANT,HYPOTHESIS,rust:crates/cm-domain/src/lib.rs,exe build->pre-play->play; pre-play not ported (build 0x00699640 / play 0x00699d90 curated)
0x00823210,,monthly hook (date%30),tick,NOT_YET_PORTED,crates/cm-domain/src/lib.rs,,NO,SIMULATION_RELEVANT,HYPOTHESIS,rust:crates/cm-domain/src/lib.rs,step 10g; named stub
0x00823ad0,,media/board mood pass A,tick,NOT_YET_PORTED,crates/cm-domain/src/lib.rs,,NO,SIMULATION_RELEVANT,HYPOTHESIS,rust:crates/cm-domain/src/lib.rs,step 10h; named stub
0x00585ae0,,media/board mood pass B,tick,NOT_YET_PORTED,crates/cm-domain/src/lib.rs,,NO,SIMULATION_RELEVANT,HYPOTHESIS,rust:crates/cm-domain/src/lib.rs,step 10h; named stub
0x0078dd80,,media/scouting pass C,tick,NOT_YET_PORTED,crates/cm-domain/src/lib.rs,,NO,SIMULATION_RELEVANT,HYPOTHESIS,rust:crates/cm-domain/src/lib.rs,step 10h; named stub
0x0089de30,,media/board mood pass E,tick,NOT_YET_PORTED,crates/cm-domain/src/lib.rs,,NO,SIMULATION_RELEVANT,HYPOTHESIS,rust:crates/cm-domain/src/lib.rs,step 10h; named stub (distinct from training 0x0089de50 curated)
0x00844940,,manager-job lifecycle B,tick,NOT_YET_PORTED,crates/cm-domain/src/lib.rs,,NO,SIMULATION_RELEVANT,HYPOTHESIS,rust:crates/cm-domain/src/lib.rs,step 10i; named stub
0x00419c30,,manager-job lifecycle C,tick,NOT_YET_PORTED,crates/cm-domain/src/lib.rs,,NO,SIMULATION_RELEVANT,HYPOTHESIS,rust:crates/cm-domain/src/lib.rs,step 10i; named stub
0x00553aa0,,manager-job lifecycle D,tick,NOT_YET_PORTED,crates/cm-domain/src/lib.rs,,NO,SIMULATION_RELEVANT,HYPOTHESIS,rust:crates/cm-domain/src/lib.rs,step 10i; named stub
0x0058fd80,,manager-job lifecycle E,tick,NOT_YET_PORTED,crates/cm-domain/src/lib.rs,,NO,SIMULATION_RELEVANT,HYPOTHESIS,rust:crates/cm-domain/src/lib.rs,step 10i; named stub
0x005c0f90,,player-ranking summary A,tick,NOT_YET_PORTED,crates/cm-domain/src/lib.rs,,NO,SIMULATION_RELEVANT,HYPOTHESIS,rust:crates/cm-domain/src/lib.rs,step 10j; named stub
0x005c0d20,,player-ranking summary B,tick,NOT_YET_PORTED,crates/cm-domain/src/lib.rs,,NO,SIMULATION_RELEVANT,HYPOTHESIS,rust:crates/cm-domain/src/lib.rs,step 10j; named stub
0x005b8390,,event-drain predicate,tick,NOT_YET_PORTED,crates/cm-domain/src/lib.rs,,NO,SIMULATION_RELEVANT,HYPOTHESIS,rust:crates/cm-domain/src/lib.rs,step 11 while-loop drain; named stub
0x00535600,,news-manager pacing A,tick,NOT_YET_PORTED,crates/cm-domain/src/lib.rs,,NO,PLAYER_VISIBLE,HYPOTHESIS,rust:crates/cm-domain/src/lib.rs,steps 13-14; named stub
0x007ead30,,news-manager pacing B,tick,NOT_YET_PORTED,crates/cm-domain/src/lib.rs,,NO,PLAYER_VISIBLE,HYPOTHESIS,rust:crates/cm-domain/src/lib.rs,steps 13-14; named stub
0x005e4370,,season-roll driver companion,season-roll,NOT_YET_PORTED,crates/cm-domain/src/lib.rs,,NO,SIMULATION_RELEVANT,HYPOTHESIS,rust:crates/cm-domain/src/lib.rs,step 10e companion to curated 0x005bfd90; not ported
0x0044773c,,editor record load code (ground truth),editor,UNKNOWN,,,NO,IMPLEMENTATION_ONLY,UNVERIFIED,memory:editor-is-ground-truth.md,cited in doc-comment as layout ground truth; not itself ported
0x00414d5c,,editor Set-Position popup / load code,editor,UNKNOWN,,,NO,IMPLEMENTATION_ONLY,UNVERIFIED,memory:editor-is-ground-truth.md,doc-comment reference for position field
0x0048bd00,,editor attribute-display code,editor,UNKNOWN,,,NO,IMPLEMENTATION_ONLY,UNVERIFIED,memory:editor-is-ground-truth.md,doc-comment reference (alphabetical attr display)
0x0052c3f0,,attribute-name function,view-model,UNKNOWN,,,NO,IMPLEMENTATION_ONLY,UNVERIFIED,rust:crates/cm-domain/src/lib.rs,names ~30 engine attributes; doc-comment reference
0x0052e260,,form/morale byte setter,player,UNKNOWN,,,NO,SIMULATION_RELEVANT,UNVERIFIED,memory:squad-number-not-at-45.md,"reads/writes +0x45 [1,20]; doc-comment archaeology reference"
0x0069c6f0,,form/morale post-match writer,player,UNKNOWN,,,NO,SIMULATION_RELEVANT,UNVERIFIED,memory:squad-number-not-at-45.md,post-match writer of +0x45; doc-comment reference
0x00488f70,,squad position-filter (consumer of 0x005a2030),screens,UNKNOWN,,,NO,PLAYER_VISIBLE,UNVERIFIED,rust:crates/cm-domain/src/lib.rs,club_screens.cpp filter; consumes position_eligibility_bits; not ported
0x008d6310,,player screen family,screens,UNKNOWN,,,NO,PLAYER_VISIBLE,UNVERIFIED,rust:crates/cm-domain/src/lib.rs,PlayerProfile data feeds this exe screen; reference only
0x0076ffb0,,news home callback registrar,screens,UNKNOWN,,,NO,PLAYER_VISIBLE,UNVERIFIED,memory:news-screen-geometry.md,registers LAB_00770170 news callback; reference (see curated 0x0076f2f0)
0x00700f20,,Latest Scores screen builder,screens,UNKNOWN,,,NO,PLAYER_VISIBLE,UNVERIFIED,rust:crates/cm-domain/src/lib.rs,menu cmd 0x418; LatestScore view-model feeds it; screen not ported
0x004551c0,,club home-screen draw,screens,UNKNOWN,,,NO,PLAYER_VISIBLE,UNVERIFIED,memory:dashboard-manager-model.md,paired draw for curated dashboard 0x00454620; not ported
0x00807280,,Select Start Season screen,screens,UNKNOWN,,,NO,PLAYER_VISIBLE,UNVERIFIED,memory:start-new-game-flow.md,start_year source; reference
0x008053d0,,Select Leagues screen,screens,UNKNOWN,,,NO,PLAYER_VISIBLE,UNVERIFIED,memory:start-new-game-flow.md,drives foreground competitions; reference
0x0047ea60,,squad-number kit panel,screens,UNKNOWN,,,NO,PLAYER_VISIBLE,UNVERIFIED,memory:squad-number-not-at-45.md,panel lines 854-875 (not a boot pass); reference
0x00834fc0,,non-engine competition advance,match-engine,NOT_YET_PORTED,crates/cm-domain/src/lib.rs,,NO,SIMULATION_RELEVANT,HYPOTHESIS,memory:league-tier-model.md,Tier-1 NotSimulated advance path; not through engine; not ported
0x0087ea70,,tactics-AI XI selection (faithful picker),tactics,NOT_YET_PORTED,crates/cm-domain/src/lib.rs,,NO,SIMULATION_RELEVANT,HYPOTHESIS,memory:tactics-port-status.md,eventual faithful picker; greedy stand-in used (cf curated 0x00881310)
0x00489790,,scouting decode (pending),scouting,NOT_YET_PORTED,crates/cm-domain/src/lib.rs,,NO,SIMULATION_RELEVANT,HYPOTHESIS,memory:scouting-and-transfers-status.md,scouting tick re-wire blocked until this is decoded
0x00533ad0,,undecoded schedule function,fixtures,UNKNOWN,,,NO,SIMULATION_RELEVANT,UNVERIFIED,rust:crates/cm-domain/src/lib.rs,NO_DECOMPILE: schedule day/month source; opener dates come from it
0x0052df60,,physio rating (x87),injuries,NOT_YET_PORTED,crates/cm-domain/src/lib.rs,,NO,SIMULATION_RELEVANT,HYPOTHESIS,memory:history-panels-noheuristic-ports.md,x87 physio rating not modelled (passed 0 in injury formula)
0x004d0b00,,played-XI morale delta,transfers,PORTED_PARTIAL,crates/cm-domain/src/lib.rs,,INDIRECT,SIMULATION_RELEVANT,PARTIAL,rust:crates/cm-domain/src/lib.rs,+/-3 morale delta applied; played XI approximated
0x0075ee00,,participant-notification helper,competition,UNKNOWN,,,NO,IMPLEMENTATION_ONLY,UNVERIFIED,rust:crates/cm-domain/src/lib.rs,reference in cm-app/lib.rs formula_lift_entry data; notify mode 0/1
0x00525040,,linked +0x53 record resolver,competition,UNKNOWN,,,NO,IMPLEMENTATION_ONLY,UNVERIFIED,rust:crates/cm-domain/src/lib.rs,lift-workbench reference
0x0075f0f0,,notification cleanup helper (day%0x46),competition,UNKNOWN,,,NO,IMPLEMENTATION_ONLY,UNVERIFIED,rust:crates/cm-domain/src/lib.rs,lift-workbench reference
0x00672320,,queue enqueue helper,containers,UNKNOWN,,,NO,IMPLEMENTATION_ONLY,UNVERIFIED,rust:crates/cm-domain/src/lib.rs,lift-workbench reference; local_34 enqueue
0x0076e180,,transfer normal-club dispatch,transfers,UNKNOWN,,,NO,IMPLEMENTATION_ONLY,UNVERIFIED,rust:crates/cm-domain/src/lib.rs,lift-workbench reference
0x006724d0,,queue helper companion,containers,UNKNOWN,,,NO,IMPLEMENTATION_ONLY,UNVERIFIED,rust:crates/cm-domain/src/lib.rs,lift-workbench reference
0x004539f0,,transfer-queue preprocessing,transfers,UNKNOWN,,,NO,IMPLEMENTATION_ONLY,UNVERIFIED,rust:crates/cm-domain/src/lib.rs,lift-workbench reference
0x0076e390,,transfer linked +0x53 dispatch,transfers,UNKNOWN,,,NO,IMPLEMENTATION_ONLY,UNVERIFIED,rust:crates/cm-domain/src/lib.rs,lift-workbench reference
0x00596fa0,,contract date-window helper,transfers,UNKNOWN,,,NO,IMPLEMENTATION_ONLY,UNVERIFIED,rust:crates/cm-domain/src/lib.rs,lift-workbench reference (uses 0x00536190 windows)
0x00672260,,queue helper (transfer emit),transfers,UNKNOWN,,,NO,IMPLEMENTATION_ONLY,UNVERIFIED,rust:crates/cm-domain/src/lib.rs,lift-workbench reference
0x00596590,,participant maintenance branch,competition,UNKNOWN,,,NO,IMPLEMENTATION_ONLY,UNVERIFIED,rust:crates/cm-domain/src/lib.rs,lift-workbench reference
0x0095a080,,ire_super_cup vtable pointer,crt,NON_USEFUL,,,NO,IMPLEMENTATION_ONLY,UNVERIFIED,rust:crates/cm-domain/src/lib.rs,PTR_FUN_0095a080 vtable; not a function port
0x00921cc0,,container store helper,crt,NON_USEFUL,,,NO,IMPLEMENTATION_ONLY,UNVERIFIED,rust:crates/cm-domain/src/lib.rs,container plumbing; lift-workbench reference
0x009343c3,,CRT memcpy/plumbing thunk,crt,NON_USEFUL,,,NO,IMPLEMENTATION_ONLY,UNVERIFIED,rust:crates/cm-app/src/main.rs,CRT thunk in decompile operand (main.rs report)
0x00935080,,CRT float/plumbing thunk,crt,NON_USEFUL,,,NO,IMPLEMENTATION_ONLY,UNVERIFIED,rust:crates/cm-app/src/main.rs,CRT plumbing in report operand
0x009350a2,,CRT x87 double helper,crt,NON_USEFUL,,,NO,IMPLEMENTATION_ONLY,UNVERIFIED,rust:crates/cm-app/src/main.rs,CRT __ftol-style helper in report operand
0x00803e00,,startup setup (CM3_QSTART/-seed),startup,UNKNOWN,,,NO,IMPLEMENTATION_ONLY,UNVERIFIED,rust:crates/cm-app/src/main.rs,"verified-execution-model reference report; reads seed arg, calls RNG init; not ported"
0x005b6940,,init / DB-load entry,startup,UNKNOWN,,,NO,IMPLEMENTATION_ONLY,UNVERIFIED,rust:crates/cm-app/src/main.rs,execution-model report; loads DB via curated 0x005121a0; not a port
0x005b6f10,,startup intro/logo flow,startup,UNKNOWN,,,NO,IMPLEMENTATION_ONLY,UNVERIFIED,rust:crates/cm-app/src/main.rs,execution-model report reference
0x00672770,,per-iteration message-pump tick shell,startup,UNKNOWN,,,NO,IMPLEMENTATION_ONLY,UNVERIFIED,rust:crates/cm-app/src/main.rs,Win32 pump shell; simulation frontier open; report reference
0x00672270,,main-loop helper,startup,UNKNOWN,,,NO,IMPLEMENTATION_ONLY,UNVERIFIED,rust:crates/cm-app/src/main.rs,report reference operand
0x00554600,,eng_auto_cup competition ctor,english_cup,NOT_YET_PORTED,,,NO,SIMULATION_RELEVANT,STRUCTURALLY_VERIFIED,decompile 0x00554600,vtable PTR_FUN_0095788c; prize 400000; calls team-select/seed/schedule helpers; shared cup base 0x00502470 is ported (domestic_cup.rs) but this ctor is not
0x00554870,,eng_auto_cup scalar deleting destructor,english_cup,NON_USEFUL,,,NO,IMPLEMENTATION_ONLY,STRUCTURALLY_VERIFIED,decompile 0x00554870,deleting-dtor thunk -> FUN_00554890 + FUN_00933d24
0x00554890,,eng_auto_cup destructor,english_cup,NON_USEFUL,,,NO,IMPLEMENTATION_ONLY,STRUCTURALLY_VERIFIED,decompile 0x00554890,"frees comp arrays (+0xa7/+0xa3/+0xad/+0xb2), array free plumbing"
0x00554f90,,eng_auto_cup round-array init,english_cup,NOT_YET_PORTED,,,NO,SIMULATION_RELEVANT,STRUCTURALLY_VERIFIED,decompile 0x00554f90,allocates 0x1c=28 round records at +0xa7 from +0xb2 seed pool
0x005552d0,,eng_auto_cup prize/fixture-obj setup,english_cup,NOT_YET_PORTED,,,NO,SIMULATION_RELEVANT,STRUCTURALLY_VERIFIED,decompile 0x005552d0,sets prize 400000 and creates fixture object via vtable +0x3c
0x00555310,,eng_auto_cup club selection/seeding,english_cup,NOT_YET_PORTED,,,NO,SIMULATION_RELEVANT,STRUCTURALLY_VERIFIED,decompile 0x00555310,walks DAT_00acd5bc clubs (0x245 stride) filtering nation-type; seeds into +0xb2 array
0x00555690,,eng_auto_cup fixture-list build,english_cup,NOT_YET_PORTED,,,NO,SIMULATION_RELEVANT,STRUCTURALLY_VERIFIED,decompile 0x00555690,builds cup fixture list via FUN_0050ca60
0x005558c0,,eng_auto_cup second fixture build,english_cup,NOT_YET_PORTED,,,NO,SIMULATION_RELEVANT,STRUCTURALLY_VERIFIED,decompile 0x005558c0,builds second/final fixture leg via FUN_0050ca60
0x00555bf0,,eng_auto_cup round seeding/scheduling,english_cup,NOT_YET_PORTED,,,NO,SIMULATION_RELEVANT,STRUCTURALLY_VERIFIED,decompile 0x00555bf0,sorts entrants by strength and assigns per-round slots via FUN_004a9000
0x00555e80,,eng_cc_cup (League Cup) ctor,english_cup,NOT_YET_PORTED,,,NO,SIMULATION_RELEVANT,STRUCTURALLY_VERIFIED,decompile 0x00555e80,vtable PTR_FUN_0095792c; prize 1000000; 0x5c=92 entrants
0x00556060,,eng_cc_cup scalar deleting destructor,english_cup,NON_USEFUL,,,NO,IMPLEMENTATION_ONLY,STRUCTURALLY_VERIFIED,decompile 0x00556060,deleting-dtor thunk
0x00556080,,eng_cc_cup destructor,english_cup,NON_USEFUL,,,NO,IMPLEMENTATION_ONLY,STRUCTURALLY_VERIFIED,decompile 0x00556080,"frees comp arrays, plumbing"
0x005568a0,,eng_cc_cup club selection/seeding,english_cup,NOT_YET_PORTED,,,NO,SIMULATION_RELEVANT,STRUCTURALLY_VERIFIED,decompile 0x005568a0,"selects 92 clubs by division marker (DAT_009bba7c/80/84/88), sorts and seeds"
0x00556ec0,,eng_cc_cup prize/fixture-obj setup,english_cup,NOT_YET_PORTED,,,NO,SIMULATION_RELEVANT,STRUCTURALLY_VERIFIED,decompile 0x00556ec0,sets prize 1000000 and creates fixture object via vtable +0x3c
0x00556f90,,eng_charity (Charity Shield) ctor,english_cup,NOT_YET_PORTED,,,NO,SIMULATION_RELEVANT,STRUCTURALLY_VERIFIED,decompile 0x00556f90,vtable PTR_FUN_009579cc; prize 300000; 2-team one-off
0x00557160,,eng_charity scalar deleting destructor,english_cup,NON_USEFUL,,,NO,IMPLEMENTATION_ONLY,STRUCTURALLY_VERIFIED,decompile 0x00557160,deleting-dtor thunk
0x00557180,,eng_charity destructor,english_cup,NON_USEFUL,,,NO,IMPLEMENTATION_ONLY,STRUCTURALLY_VERIFIED,decompile 0x00557180,"frees comp arrays, plumbing"
0x00557250,,eng_charity single-match fixture build,english_cup,NOT_YET_PORTED,,,NO,SIMULATION_RELEVANT,STRUCTURALLY_VERIFIED,decompile 0x00557250,builds the single Charity Shield match record via FUN_0050bac0/0050bb10
0x00557390,,eng_charity participant selection,english_cup,NOT_YET_PORTED,,,NO,SIMULATION_RELEVANT,STRUCTURALLY_VERIFIED,decompile 0x00557390,picks league champion (DAT_009bba7c) vs FA Cup winner (DAT_009bbc0c)
0x00557770,,eng_charity prize/fixture-obj setup,english_cup,NOT_YET_PORTED,,,NO,SIMULATION_RELEVANT,STRUCTURALLY_VERIFIED,decompile 0x00557770,sets prize 300000 and creates fixture object via vtable +0x3c
0x005577a0,,eng_conf (Conference) league ctor,english_league,NOT_YET_PORTED,,,NO,SIMULATION_RELEVANT,STRUCTURALLY_VERIFIED,decompile 0x005577a0,vtable PTR_FUN_00957a6c; calls round-robin driver FUN_00668890; fixture ordering downstream ported in eng_second_fixtures.rs but this ctor is not
0x005579c0,,eng_conf scalar deleting destructor,english_league,NON_USEFUL,,,NO,IMPLEMENTATION_ONLY,STRUCTURALLY_VERIFIED,decompile 0x005579c0,deleting-dtor thunk
0x005579e0,,eng_conf destructor,english_league,NON_USEFUL,,,NO,IMPLEMENTATION_ONLY,STRUCTURALLY_VERIFIED,decompile 0x005579e0,"frees comp arrays, plumbing"
0x005588f0,,eng_conf club membership selection,english_league,NOT_YET_PORTED,,,NO,SIMULATION_RELEVANT,STRUCTURALLY_VERIFIED,decompile 0x005588f0,registers 0x16=22 Conference clubs (DAT_009bbb5c) via FUN_0066c700; membership feeds the ported fixture chain but selection not individually lifted
0x00558a20,,eng_conf competition config,english_league,NOT_YET_PORTED,,,NO,SIMULATION_RELEVANT,STRUCTURALLY_VERIFIED,decompile 0x00558a20,sets legs=2 and promotion/relegation counts (+0xbe/+0xc1) and type constants
0x00558c80,,eng_fa_cup (FA Cup) ctor,english_cup,NOT_YET_PORTED,,,NO,SIMULATION_RELEVANT,STRUCTURALLY_VERIFIED,decompile 0x00558c80,"vtable PTR_FUN_00957b20; prize 2000000; 0x98=152 entrants; shared cup base 0x00502470 ported (domestic_cup.rs), ctor is not"
0x00558e70,,eng_fa_cup scalar deleting destructor,english_cup,NON_USEFUL,,,NO,IMPLEMENTATION_ONLY,STRUCTURALLY_VERIFIED,decompile 0x00558e70,deleting-dtor thunk
0x00558e90,,eng_fa_cup destructor,english_cup,NON_USEFUL,,,NO,IMPLEMENTATION_ONLY,STRUCTURALLY_VERIFIED,decompile 0x00558e90,"frees comp arrays, plumbing"
0x005596f0,,eng_fa_cup draw/seeding,english_cup,NOT_YET_PORTED,,,NO,PLAYER_VISIBLE,STRUCTURALLY_VERIFIED,decompile 0x005596f0,"FA Cup draw: exempt/bye handling, holder seeding, random draw via FUN_008fc4f0; progressive-draw port (cup-engine-progressive) does not cite this address"
0x0055a7d0,,eng_fa_cup screen/result dispatch,english_cup,NOT_YET_PORTED,,,NO,PLAYER_VISIBLE,STRUCTURALLY_VERIFIED,decompile 0x0055a7d0,branches on round/config then dispatches sidebar FUN_007491e0 / FUN_0074bf60
0x0055a8f0,,eng_fa_trophy ctor,english_cup,NOT_YET_PORTED,,,NO,SIMULATION_RELEVANT,STRUCTURALLY_VERIFIED,decompile 0x0055a8f0,vtable PTR_FUN_00957bc0; prize 300000; non-league trophy
0x0055aac0,,eng_fa_trophy scalar deleting destructor,english_cup,NON_USEFUL,,,NO,IMPLEMENTATION_ONLY,STRUCTURALLY_VERIFIED,decompile 0x0055aac0,deleting-dtor thunk
0x0055aae0,,eng_fa_trophy destructor,english_cup,NON_USEFUL,,,NO,IMPLEMENTATION_ONLY,STRUCTURALLY_VERIFIED,decompile 0x0055aae0,"frees comp arrays, plumbing"
0x0055afa0,,eng_fa_trophy club selection/seeding,english_cup,NOT_YET_PORTED,,,NO,SIMULATION_RELEVANT,STRUCTURALLY_VERIFIED,decompile 0x0055afa0,"selects 0x20=32 non-league clubs (excludes league nation-types), seeds top 10 then rest"
0x0055b340,,eng_first (Division One) league ctor,english_league,NOT_YET_PORTED,,,NO,SIMULATION_RELEVANT,STRUCTURALLY_VERIFIED,decompile 0x0055b340,vtable PTR_FUN_00957c60; calls round-robin driver FUN_00668890; fixture ordering ported (eng_second_fixtures.rs) but ctor is not
0x0055b560,,eng_first scalar deleting destructor,english_league,NON_USEFUL,,,NO,IMPLEMENTATION_ONLY,STRUCTURALLY_VERIFIED,decompile 0x0055b560,deleting-dtor thunk
0x0055b580,,eng_first destructor,english_league,NON_USEFUL,,,NO,IMPLEMENTATION_ONLY,STRUCTURALLY_VERIFIED,decompile 0x0055b580,"frees comp arrays, plumbing"
0x0055c8b0,,eng_first club membership selection,english_league,NOT_YET_PORTED,,,NO,SIMULATION_RELEVANT,STRUCTURALLY_VERIFIED,decompile 0x0055c8b0,registers 0x18=24 Div1 clubs (DAT_009bba80) via FUN_0066c700; sets prize by season
0x0055ca50,,eng_first competition config,english_league,NOT_YET_PORTED,,,NO,SIMULATION_RELEVANT,STRUCTURALLY_VERIFIED,decompile 0x0055ca50,"sets legs=2, promotion/relegation counts, division-marker constants"
0x0055cd40,,eng_first promotion play-off bracket,english_league,NOT_YET_PORTED,,,NO,PLAYER_VISIBLE,STRUCTURALLY_VERIFIED,decompile 0x0055cd40,builds 4-team play-off (standings pos 3-6 at +0x127/+0x76/+0xec/+0xb1) via FUN_0050ca60; play-off fixture gen not ported
0x0055cf20,,eng_prm (Premier League) league ctor,english_league,NOT_YET_PORTED,,,NO,SIMULATION_RELEVANT,STRUCTURALLY_VERIFIED,decompile 0x0055cf20,vtable PTR_FUN_00957d14; calls round-robin driver FUN_00668890; fixture ordering ported (eng_second_fixtures.rs) but ctor is not
0x0055d150,,eng_prm scalar deleting destructor,english_league,NON_USEFUL,,,NO,IMPLEMENTATION_ONLY,STRUCTURALLY_VERIFIED,decompile 0x0055d150,deleting-dtor thunk
0x0055d170,,eng_prm destructor,english_league,NON_USEFUL,,,NO,IMPLEMENTATION_ONLY,STRUCTURALLY_VERIFIED,decompile 0x0055d170,"frees comp state, plumbing"
0x0055e5c0,,eng_prm club membership selection,english_league,NOT_YET_PORTED,,,NO,SIMULATION_RELEVANT,STRUCTURALLY_VERIFIED,decompile 0x0055e5c0,registers 0x14=20 Premier clubs (DAT_009bba7c) via FUN_0066c700; sets prize by season
0x0055e710,,eng_prm competition config,english_league,NOT_YET_PORTED,,,NO,SIMULATION_RELEVANT,STRUCTURALLY_VERIFIED,decompile 0x0055e710,sets legs=2 and Premier-specific promotion/relegation/type constants
0x0055f260,,eng_second scalar deleting destructor,english_league,NON_USEFUL,,,NO,IMPLEMENTATION_ONLY,STRUCTURALLY_VERIFIED,decompile 0x0055f260,deleting-dtor thunk (ctor 0x0055f240 curated as fixtures-engine ctor)
0x0055f280,,eng_second destructor,english_league,NON_USEFUL,,,NO,IMPLEMENTATION_ONLY,STRUCTURALLY_VERIFIED,decompile 0x0055f280,"frees comp arrays, plumbing"
0x005601d0,,eng_second club membership selection,english_league,NOT_YET_PORTED,,,NO,SIMULATION_RELEVANT,STRUCTURALLY_VERIFIED,decompile 0x005601d0,registers 0x18=24 Div2 clubs (DAT_009bba84) via FUN_0066c700; membership feeds ported eng_second_fixtures chain but selection routine not individually lifted
0x00560320,,eng_second competition config,english_league,NOT_YET_PORTED,,,NO,SIMULATION_RELEVANT,STRUCTURALLY_VERIFIED,decompile 0x00560320,sets legs=2 and Div2 promotion/relegation/type constants
0x00560610,,eng_second promotion play-off bracket,english_league,NOT_YET_PORTED,,,NO,PLAYER_VISIBLE,STRUCTURALLY_VERIFIED,decompile 0x00560610,builds play-off bracket from standings pointers via FUN_0050ca60; play-off fixture gen not ported
0x00560b40,,eng_third (Division Three) league ctor,english_league,NOT_YET_PORTED,,,NO,SIMULATION_RELEVANT,STRUCTURALLY_VERIFIED,decompile 0x00560b40,vtable PTR_FUN_00957e7c; calls round-robin driver FUN_00668890; fixture ordering ported (eng_second_fixtures.rs) but ctor is not
0x00560d70,,eng_third scalar deleting destructor,english_league,NON_USEFUL,,,NO,IMPLEMENTATION_ONLY,STRUCTURALLY_VERIFIED,decompile 0x00560d70,deleting-dtor thunk
0x00560d90,,eng_third destructor,english_league,NON_USEFUL,,,NO,IMPLEMENTATION_ONLY,STRUCTURALLY_VERIFIED,decompile 0x00560d90,"frees comp arrays, plumbing"
0x00561ce0,,eng_third club membership selection,english_league,NOT_YET_PORTED,,,NO,SIMULATION_RELEVANT,STRUCTURALLY_VERIFIED,decompile 0x00561ce0,registers 0x18=24 Div3 clubs (DAT_009bba88) via FUN_0066c700
0x00561e30,,eng_third competition config,english_league,NOT_YET_PORTED,,,NO,SIMULATION_RELEVANT,STRUCTURALLY_VERIFIED,decompile 0x00561e30,"sets legs=2, Div3 promotion/relegation; Conference-link (DAT_009bbb5c) when nation flag +0x11c bit 4 set"
0x00562130,,eng_third promotion play-off bracket,english_league,NOT_YET_PORTED,,,NO,PLAYER_VISIBLE,STRUCTURALLY_VERIFIED,decompile 0x00562130,builds play-off bracket from standings pointers via FUN_0050ca60; play-off fixture gen not ported
0x005637f0,,england_rules ruleset ctor,english_rules,NOT_YET_PORTED,,,NO,SIMULATION_RELEVANT,STRUCTURALLY_VERIFIED,decompile 0x005637f0,"vtable PTR_LAB_00957f44; builds two 6-byte rule tables {7,0,1,2,5,1} and {7,0,4,0x1a,2,0}"
0x00563910,,england_rules match/replay date scheduler,english_rules,NOT_YET_PORTED,,,NO,SIMULATION_RELEVANT,STRUCTURALLY_VERIFIED,decompile 0x00563910,computes fixture + replay dates (replay = +3 days with month/year wrap) around a rule date via FUN_00533b50/00536b90
0x00563d30,,england_rules cup-winner rule predicate,english_rules,NOT_YET_PORTED,,,NO,SIMULATION_RELEVANT,STRUCTURALLY_VERIFIED,decompile 0x00563d30,returns true when comp ruling body is DAT_009bbc0c/10 and cup-winner (+0x61) differs from champion; else defers to FUN_008d5a20
0x007c5870,,rb_england ruling-body ctor,english_rules,NOT_YET_PORTED,,,NO,SIMULATION_RELEVANT,STRUCTURALLY_VERIFIED,decompile 0x007c5870,"vtable PTR_LAB_0095c804; sets English FA ruling-body params (DAT_009bbec0, counters 2/1/10)"
0x007c58c0,,rb_england periodic ruling-body action,english_rules,NOT_YET_PORTED,,,NO,SIMULATION_RELEVANT,STRUCTURALLY_VERIFIED,decompile 0x007c58c0,3-cycle counter (+0x2d/+4) builds a record and emits event/news on staff (DAT_00acd5c4 + id*0x6e) via FUN_00540e80
0x0074d830,,mini_cup ctor,english_cup,NOT_YET_PORTED,,,NO,SIMULATION_RELEVANT,STRUCTURALLY_VERIFIED,decompile 0x0074d830,vtable PTR_FUN_0095b57c; 4-entrant mini cup; populates entrants via FUN_0074ded0
0x0074da50,,mini_cup scalar deleting destructor,english_cup,NON_USEFUL,,,NO,IMPLEMENTATION_ONLY,STRUCTURALLY_VERIFIED,decompile 0x0074da50,deleting-dtor thunk
0x0074da70,,mini_cup bare ctor variant,english_cup,NON_USEFUL,,,NO,IMPLEMENTATION_ONLY,STRUCTURALLY_VERIFIED,decompile 0x0074da70,"minimal ctor: base ctor + vtable set, no game logic"
0x0074dae0,,mini_cup destructor,english_cup,NON_USEFUL,,,NO,IMPLEMENTATION_ONLY,STRUCTURALLY_VERIFIED,decompile 0x0074dae0,"frees comp arrays, plumbing"
0x0074dbb0,,mini_cup fixture/bracket build,english_cup,NOT_YET_PORTED,,,NO,SIMULATION_RELEVANT,STRUCTURALLY_VERIFIED,decompile 0x0074dbb0,builds mini-cup round records (semi/final) via FUN_0050bb70/00533fd0
0x0074ded0,,mini_cup entrant registration,english_cup,NOT_YET_PORTED,,,NO,SIMULATION_RELEVANT,STRUCTURALLY_VERIFIED,decompile 0x0074ded0,copies 4 supplied club ids into the +0xa7 entrant array
0x00877450,,sub_league mini-table ctor/build,group_stage,PORTED_BEHAVIOURAL,crates/cm-domain/src/group_stage.rs,GroupStageState::build,INDIRECT,SIMULATION_RELEVANT,PARTIAL,rust:crates/cm-domain/src/group_stage.rs,group_stage.rs is a format-level model citing sub_league.cpp as source; builds N-team standings table; not a byte-exact port of this ctor
0x008776f0,,sub_league scalar deleting destructor,group_stage,NON_USEFUL,,,NO,IMPLEMENTATION_ONLY,STRUCTURALLY_VERIFIED,decompile 0x008776f0,deleting-dtor thunk
0x00877710,,sub_league destructor,group_stage,NON_USEFUL,,,NO,IMPLEMENTATION_ONLY,STRUCTURALLY_VERIFIED,decompile 0x00877710,"FUN_0066cc40/006675d0 teardown, plumbing"
0x00877770,,sub_league fixture/result processing,group_stage,PORTED_BEHAVIOURAL,crates/cm-domain/src/group_stage.rs,GroupStageState::generate_fixtures,INDIRECT,SIMULATION_RELEVANT,PARTIAL,rust:crates/cm-domain/src/group_stage.rs,creates a sub-league fixture via FUN_00597560 and enqueues; group_stage.rs models this format (generate_fixtures/standings) but is not byte-exact
0x005b1840,,friendly match offer/processing,friendly,NOT_YET_PORTED,,,INDIRECT,SIMULATION_RELEVANT,STRUCTURALLY_VERIFIED,decompile 0x005b1840,"large friendly-match negotiation/processing (club+0xb1+i*0x50 field decode); referenced only in render comments (screen_club_fixtures_faithful.rs, dispatcher_club_toolbar.rs), not ported"
0x00669fa0,,league end-of-season status stamping,english_league,PORTED_PARTIAL,crates/cm-domain/src/year_end_statuses.rs,stamp_league_end_of_season_statuses,YES,SIMULATION_RELEVANT,STRUCTURALLY_VERIFIED,rust:crates/cm-domain/src/year_end_statuses.rs,"comp/league.cpp generic year-end status writer (Club+0x37 in {0,2,3,5,6,7,0xFE}); structurally ported from decompile, full runtime diff pending (C13)"
0x00440070,,cash_scale_value,cash,NOT_YET_PORTED,,,NO,PLAYER_VISIBLE,HYPOTHESIS,decompile 0x00440070,per-currency scale/divisor conversion; cash.rs defaults to pounds and defers the 25-currency table
0x00440170,,cash_scale_value_bounded,cash,NOT_YET_PORTED,,,NO,PLAYER_VISIBLE,HYPOTHESIS,decompile 0x00440170,bounds-checked variant of currency scale conversion; not ported (default pounds)
0x00440240,,cash_set_currency,cash,NOT_YET_PORTED,,,NO,PLAYER_VISIBLE,PARTIAL,decompile 0x00440240,25-currency locale setup (symbols/separators/divisor globals); cash.rs doc states table extraction is a follow-up
0x00441f00,,cash_get_default_currency,cash,NON_USEFUL,,,NO,IMPLEMENTATION_ONLY,STRUCTURALLY_VERIFIED,decompile 0x00441f00,6-byte getter returning DAT_00978140
0x00441f10,,cash_currency_name_by_index,cash,NOT_YET_PORTED,,,NO,PLAYER_VISIBLE,PARTIAL,decompile 0x00441f10,copies currency name string (Drachma/Ruble/etc) by index; names not ported
0x00442500,,cash_format,cash,PORTED_PARTIAL,crates/cm-domain/src/cash.rs,Money::format,YES,PLAYER_VISIBLE,PARTIAL,rust:cash.rs,core thousands-grouping+symbol ported as Money::grouped/format; per-currency symbol placement and 2/3/4-digit group styles not ported
0x00442fd0,,cash_round_divisor,cash,NOT_YET_PORTED,,,NO,SIMULATION_RELEVANT,PARTIAL,decompile 0x00442fd0,returns rounding divisor by magnitude/flags for fee display; not ported
0x0048f800,,coach_report_assess_player,coach,NOT_YET_PORTED,,,NO,SIMULATION_RELEVANT,PARTIAL,decompile 0x0048f800,coach player valuation/potential flag computation for coach report; no Rust coach model
0x00490220,,coach_report_threshold,coach,NOT_YET_PORTED,,,NO,SIMULATION_RELEVANT,PARTIAL,decompile 0x00490220,computes coach-report rating threshold from club reputation; not ported
0x00490530,,coach_report_build_screen,coach,NOT_YET_PORTED,,,NO,UI_RENDERING,PARTIAL,decompile 0x00490530,Request Coach Report dialog builder (widget pool calls); screen not ported
0x00490f00,,coach_obj_ctor,coach,NON_USEFUL,,,NO,IMPLEMENTATION_ONLY,STRUCTURALLY_VERIFIED,decompile 0x00490f00,constructor: sets vtable PTR_FUN_009569e8 and zeroes fields
0x00490f80,,coach_obj_dtor_deleting,coach,NON_USEFUL,,,NO,IMPLEMENTATION_ONLY,STRUCTURALLY_VERIFIED,decompile 0x00490f80,scalar-deleting destructor (frees buffers + optional delete)
0x00490fd0,,coach_obj_dtor,coach,NON_USEFUL,,,NO,IMPLEMENTATION_ONLY,STRUCTURALLY_VERIFIED,decompile 0x00490fd0,destructor (frees buffers)
0x00491040,,coach_league_fate_prompt,coach,NOT_YET_PORTED,,,NO,UI_RENDERING,PARTIAL,decompile 0x00491040,builds team-name prompt strings per league-fate case; UI text helper
0x00533cf0,,date_default_ctor,date,NON_USEFUL,,,NO,IMPLEMENTATION_ONLY,STRUCTURALLY_VERIFIED,decompile 0x00533cf0,Date default constructor: sets day=40 year=1972 flag=1
0x00534050,,date_format_dm,date,NOT_YET_PORTED,,,NO,PLAYER_VISIBLE,PARTIAL,decompile 0x00534050,day+month(+AM/PM/EVE) date-to-string formatter; GameDate lacks these display strings
0x00534230,,date_format_dmy_locale,date,NOT_YET_PORTED,,,NO,PLAYER_VISIBLE,PARTIAL,decompile 0x00534230,day/month/2-digit-year formatter with locale ordering; not ported
0x00534530,,date_format_weekday_dmy,date,NOT_YET_PORTED,,,NO,PLAYER_VISIBLE,PARTIAL,decompile 0x00534530,weekday-name + d/m/y formatter (Zeller weekday); not ported
0x005349f0,,date_format_weekday_ordinal,date,NOT_YET_PORTED,,,NO,PLAYER_VISIBLE,PARTIAL,decompile 0x005349f0,weekday + ordinal-day + month formatter; not ported
0x00534ed0,,date_format_ordinal_month,date,NOT_YET_PORTED,,,NO,PLAYER_VISIBLE,PARTIAL,decompile 0x00534ed0,ordinal day-of-month + month formatter; not ported
0x00535130,,date_format_weekday_full,date,NOT_YET_PORTED,,,NO,PLAYER_VISIBLE,PARTIAL,decompile 0x00535130,weekday + ordinal day + month formatter variant; not ported
0x00535ad0,,date_format_long,date,NOT_YET_PORTED,,,NO,PLAYER_VISIBLE,PARTIAL,decompile 0x00535ad0,long-form weekday + full-month date string; not ported
0x00535f90,,date_format_ordinal_full,date,NOT_YET_PORTED,,,NO,PLAYER_VISIBLE,PARTIAL,decompile 0x00535f90,ordinal day + full month + Morning/Afternoon/Evening; not ported
0x00536810,,date_diff,date,NOT_YET_PORTED,,,NO,SIMULATION_RELEVANT,PARTIAL,decompile 0x00536810,leap-aware date subtraction (day/year delta); GameDate math is ported but this specific op is uncited/not found
0x00536c20,,date_period_label,date,NOT_YET_PORTED,,,NO,PLAYER_VISIBLE,PARTIAL,decompile 0x00536c20,returns Morning/Afternoon/Evening (cap or lowercase) label
0x00536d10,,date_format_variant_by_lang,date,NOT_YET_PORTED,,,NO,PLAYER_VISIBLE,HYPOTHESIS,decompile 0x00536d10,selects date-format variant code by language + param; not ported
0x00536d50,,date_weekday_name,date,NOT_YET_PORTED,,,NO,PLAYER_VISIBLE,PARTIAL,decompile 0x00536d50,weekday-index to name (Monday..Sunday) lookup
0x00536df0,,date_month_short_name,date,NOT_YET_PORTED,,,NO,PLAYER_VISIBLE,PARTIAL,decompile 0x00536df0,month-index to short name (Jan..Dec) lookup
0x00537130,,date_lang_order_predicate,date,NOT_YET_PORTED,,,NO,PLAYER_VISIBLE,HYPOTHESIS,decompile 0x00537130,tiny locale predicate gating date ordering by language code
0x00537160,,date_stream_write_thunk_a,date,NON_USEFUL,,,NO,IMPLEMENTATION_ONLY,STRUCTURALLY_VERIFIED,decompile 0x00537160,43-byte thunk wrapping FUN_00934ba3/FUN_00934b90 stream write
0x00537190,,date_stream_write_thunk_b,date,NON_USEFUL,,,NO,IMPLEMENTATION_ONLY,STRUCTURALLY_VERIFIED,decompile 0x00537190,43-byte thunk wrapping FUN_00934ba3/FUN_00934b90 stream write
0x0074f760,,month_ratings_load_from_disk,month_ratings,NOT_YET_PORTED,,,NO,PERSISTENCE_RELEVANT,PARTIAL,memory:deferred-awards-engine.md,player-of-month ratings deserializer; awards engine deferred
0x0074f9a0,,month_ratings_save_to_disk,month_ratings,NOT_YET_PORTED,,,NO,PERSISTENCE_RELEVANT,PARTIAL,memory:deferred-awards-engine.md,player-of-month ratings serializer; not ported
0x0074fb20,,month_ratings_tally_all_clubs,month_ratings,NOT_YET_PORTED,,,NO,SIMULATION_RELEVANT,PARTIAL,decompile 0x0074fb20,iterates all clubs/players accumulating monthly ratings; not ported
0x0074fba0,,month_ratings_reset,month_ratings,NON_USEFUL,,,NO,IMPLEMENTATION_ONLY,STRUCTURALLY_VERIFIED,decompile 0x0074fba0,frees array and resets month/year fields
0x0074fbe0,,month_ratings_accumulate_player,month_ratings,NOT_YET_PORTED,,,NO,SIMULATION_RELEVANT,PARTIAL,decompile 0x0074fbe0,grows array and adds a player rating+appearance to month tally
0x0074fd70,,month_ratings_best_player,month_ratings,NOT_YET_PORTED,,,NO,SIMULATION_RELEVANT,PARTIAL,decompile 0x0074fd70,sorts and returns best-rated player for month/position; not ported
0x0074fe40,,month_ratings_compare,month_ratings,NON_USEFUL,,,NO,IMPLEMENTATION_ONLY,STRUCTURALLY_VERIFIED,decompile 0x0074fe40,qsort comparator on avg rating
0x0074fed0,,month_ratings_ctor,month_ratings,NON_USEFUL,,,NO,IMPLEMENTATION_ONLY,STRUCTURALLY_VERIFIED,decompile 0x0074fed0,constructor: sets vtable PTR_LAB_0095b6e0 and zeroes fields
0x0074fef0,,month_ratings_dtor,month_ratings,NON_USEFUL,,,NO,IMPLEMENTATION_ONLY,STRUCTURALLY_VERIFIED,decompile 0x0074fef0,destructor: destructs array entries and frees
0x0074ff50,,month_ratings_monthly_rollover,month_ratings,NOT_YET_PORTED,,,NO,SIMULATION_RELEVANT,PARTIAL,decompile 0x0074ff50,month-change hook that snapshots/resets ratings; not ported
0x0074ffe0,,month_ratings_tally_gate,month_ratings,NON_USEFUL,,,NO,IMPLEMENTATION_ONLY,STRUCTURALLY_VERIFIED,decompile 0x0074ffe0,trivial wrapper calling tally when enabled
0x008a1c90,,training_category_name,training_schedule,OUT_OF_SCOPE,,,NO,PLAYER_VISIBLE,PARTIAL,rust:training.rs,exe training-category label (Fitness/Tactics/Shooting/Skills/Goalkeeping); training.rs uses a different intensity-based model
0x008a1e00,,training_intensity_name,training_schedule,OUT_OF_SCOPE,,,NO,PLAYER_VISIBLE,PARTIAL,rust:training.rs,exe intensity label (None/Light/Medium/Intensive); training.rs reimplements training differently
0x008a1f90,,training_schedule_load_file,training_schedule,OUT_OF_SCOPE,,,NO,PERSISTENCE_RELEVANT,PARTIAL,rust:training.rs,loads/validates exe .sch training file (magic 0x200cb); Rust training model does not use this format
0x008a6380,,training_schedule_registrar,training_schedule,NON_USEFUL,,,NO,IMPLEMENTATION_ONLY,STRUCTURALLY_VERIFIED,decompile 0x008a6380,static array-init registrar (FUN_0093534b with ctor FUN_00401bc0)
0x00851340,,staffhistory_init_db,staff_records,NOT_YET_PORTED,,,NO,PERSISTENCE_RELEVANT,PARTIAL,decompile 0x00851340,"StaffHistory DB init: CD check, temp files, array alloc, seeds manager records; no Rust equivalent"
0x00851770,,staffhistory_dtor,staff_records,NON_USEFUL,,,NO,IMPLEMENTATION_ONLY,STRUCTURALLY_VERIFIED,decompile 0x00851770,destructor freeing 5 owned pointers
0x008517e0,,staffhistory_record_match_result,staff_records,NOT_YET_PORTED,,,NO,SIMULATION_RELEVANT,PARTIAL,decompile 0x008517e0,records match W/D/L into manager career records + points; not ported
0x00851c00,,staffhistory_update_rep_on_win,staff_records,NOT_YET_PORTED,,,NO,SIMULATION_RELEVANT,PARTIAL,decompile 0x00851c00,reputation/morale/board updates after a win; not ported
0x00852430,,staffhistory_update_rep_variant,staff_records,NOT_YET_PORTED,,,NO,SIMULATION_RELEVANT,PARTIAL,decompile 0x00852430,manager reputation + squad morale update on result; not ported
0x00852a50,,staffhistory_update_appointment,staff_records,NOT_YET_PORTED,,,NO,SIMULATION_RELEVANT,PARTIAL,decompile 0x00852a50,staff appointment/departure record + date tracking; not ported
0x00853020,,staffhistory_reset_squad_entries,staff_records,NOT_YET_PORTED,,,NO,PERSISTENCE_RELEVANT,PARTIAL,decompile 0x00853020,iterates squad clearing/persisting per-player history entries; not ported
0x00853170,,staffhistory_decrease_rep_on_loss,staff_records,NOT_YET_PORTED,,,NO,SIMULATION_RELEVANT,PARTIAL,decompile 0x00853170,reputation decrease + player attribute updates after loss; not ported
0x008537b0,,staffhistory_result_update_a,staff_records,NOT_YET_PORTED,,,NO,SIMULATION_RELEVANT,PARTIAL,decompile 0x008537b0,match-result reputation/history record update (500-weight); not ported
0x00854060,,staffhistory_result_update_b,staff_records,NOT_YET_PORTED,,,NO,SIMULATION_RELEVANT,PARTIAL,decompile 0x00854060,match-result reputation/history update (300-weight variant); not ported
0x008546c0,,staffhistory_result_update_c,staff_records,NOT_YET_PORTED,,,NO,SIMULATION_RELEVANT,PARTIAL,decompile 0x008546c0,match-result reputation/history update (200-weight variant); not ported
0x00854d80,,staffhistory_record_event,staff_records,NOT_YET_PORTED,,,NO,SIMULATION_RELEVANT,PARTIAL,decompile 0x00854d80,records a staff-history event and club aggregate; not ported
0x00854fb0,,staffhistory_persist_record_a,staff_records,NOT_YET_PORTED,,,NO,PERSISTENCE_RELEVANT,PARTIAL,decompile 0x00854fb0,persists a staff-history record (FUN_005780e0); not ported
0x00855180,,staffhistory_persist_record_b,staff_records,NOT_YET_PORTED,,,NO,PERSISTENCE_RELEVANT,PARTIAL,decompile 0x00855180,persists a staff-history record variant; not ported
0x00855340,,staffhistory_appoint_and_morale,staff_records,NOT_YET_PORTED,,,NO,SIMULATION_RELEVANT,PARTIAL,decompile 0x00855340,appointment record + squad morale/attribute update; not ported
0x008556e0,,staffhistory_persist_record_c,staff_records,NOT_YET_PORTED,,,NO,PERSISTENCE_RELEVANT,PARTIAL,decompile 0x008556e0,persists a staff-history record; not ported
0x00855870,,staffhistory_appoint_and_morale_b,staff_records,NOT_YET_PORTED,,,NO,SIMULATION_RELEVANT,PARTIAL,decompile 0x00855870,appointment record + morale update variant of 0x00855340; not ported
0x00855d20,,staffhistory_season_end_records,staff_records,NOT_YET_PORTED,,,NO,SIMULATION_RELEVANT,PARTIAL,decompile 0x00855d20,end-of-season manager best-position/points achievement update; not ported
0x008567b0,,staffhistory_persist_current_club,staff_records,NOT_YET_PORTED,,,NO,PERSISTENCE_RELEVANT,PARTIAL,decompile 0x008567b0,persists current + managed-club history records; not ported
0x008569d0,,staffhistory_persist_pair,staff_records,NOT_YET_PORTED,,,NO,PERSISTENCE_RELEVANT,PARTIAL,decompile 0x008569d0,persists staff + club history record pair; not ported
0x00856be0,,staffhistory_persist_and_reassign,staff_records,NOT_YET_PORTED,,,NO,SIMULATION_RELEVANT,PARTIAL,decompile 0x00856be0,persists record then conditionally reassigns (FUN_00531970/00531450); not ported
0x00856e20,,staffhistory_get_record_slot_a,staff_records,NOT_YET_PORTED,,,NO,PERSISTENCE_RELEVANT,PARTIAL,decompile 0x00856e20,loads history record by staff id from array+0xc with filter mask; not ported
0x00856f40,,staffhistory_get_record_slot_b,staff_records,NOT_YET_PORTED,,,NO,PERSISTENCE_RELEVANT,PARTIAL,decompile 0x00856f40,loads history record by staff id from array+0x10 with filter mask; not ported
0x00857060,,staffhistory_event_description,staff_records,NOT_YET_PORTED,,,NO,PLAYER_VISIBLE,PARTIAL,decompile 0x00857060,builds manager history log/description strings (Hired/Resigned/Sacked/etc); not ported
0x008582b0,,staffhistory_news_string,staff_records,NOT_YET_PORTED,,,NO,PLAYER_VISIBLE,PARTIAL,decompile 0x008582b0,builds news strings for staff events (hire/sack/promotion/relegation/cup); not ported
0x00858560,,staffhistory_get_or_create_record,staff_records,NOT_YET_PORTED,,,NO,SIMULATION_RELEVANT,PARTIAL,decompile 0x00858560,core get-or-create staff-history record + employment/rep date tracking; not ported
0x00858900,,staffhistory_best_manager_by_ach,staff_records,NOT_YET_PORTED,,,NO,SIMULATION_RELEVANT,PARTIAL,decompile 0x00858900,selects best manager by achievement metric over clubs; not ported
0x00858a60,,staffhistory_top_managers,staff_records,NOT_YET_PORTED,,,NO,SIMULATION_RELEVANT,PARTIAL,decompile 0x00858a60,sorts/selects top managers by date+record; not ported
0x00858b30,,staffhistory_persist_record_d,staff_records,NOT_YET_PORTED,,,NO,PERSISTENCE_RELEVANT,PARTIAL,decompile 0x00858b30,persists a staff record (FUN_00578eb0) with abort-on-null; not ported
0x00858bd0,,staffhistory_clear_record_a,staff_records,NON_USEFUL,,,NO,IMPLEMENTATION_ONLY,STRUCTURALLY_VERIFIED,decompile 0x00858bd0,zeroes a 0xd2 history record and sets 0xffffffff sentinels
0x00858c20,,staffhistory_clear_record_b,staff_records,NON_USEFUL,,,NO,IMPLEMENTATION_ONLY,STRUCTURALLY_VERIFIED,decompile 0x00858c20,index-remapped record clear (memset + sentinels)
0x00858c90,,staffhistory_load_from_disk,staff_records,NOT_YET_PORTED,,,NO,PERSISTENCE_RELEVANT,PARTIAL,decompile 0x00858c90,reads staff_records.dat (manager+club arrays); .sav does not include staff history yet
0x00858f80,,staffhistory_save_to_disk,staff_records,NOT_YET_PORTED,,,NO,PERSISTENCE_RELEVANT,PARTIAL,decompile 0x00858f80,writes staff_records.dat; not ported
0x004433a0,,club_history_registry_init,club_history,NOT_YET_PORTED,,,NO,SIMULATION_RELEVANT,PARTIAL,decompile+grep-uncited,"CD-detects and loads club_league_history.tmp/club_cup_history.tmp, allocs per-person 0x10 record array; in-play club-history accumulator not ported (Rust records left '-')"
0x00443710,,club_history_registry_dtor,club_history,NON_USEFUL,,,NO,IMPLEMENTATION_ONLY,STRUCTURALLY_VERIFIED,decompile,frees the three heap pointers (league/cup temp handles + record array)
0x00443770,,club_history_record_appearances,club_history,NOT_YET_PORTED,,,NO,SIMULATION_RELEVANT,PARTIAL,decompile,iterates squads/teams recording per-player apps via FUN_005780e0; live accumulation engine unported
0x00443c70,,club_history_player_apps_list,club_history,NOT_YET_PORTED,,,NO,PLAYER_VISIBLE,PARTIAL,decompile,builds per-player appearance display list (FUN_00672270 list container) via 00444a80; unported
0x00443e10,,club_history_career_clubs_list,club_history,NOT_YET_PORTED,,,NO,PLAYER_VISIBLE,PARTIAL,decompile,iterates all clubs (DAT_00ac688c) building a player's career-clubs list; unported
0x00444060,,club_history_sorted_id_list_a,club_history,NOT_YET_PORTED,,,NO,PLAYER_VISIBLE,PARTIAL,decompile,"dedupes+sorts id list (FUN_009343c3, LAB_00444df0 cmp) for a records view; unported"
0x00444310,,club_history_sorted_id_list_b,club_history,NOT_YET_PORTED,,,NO,PLAYER_VISIBLE,PARTIAL,decompile,near-identical duplicate of 00444060 (dedupe+sort id list); unported
0x004445c0,,club_history_dat_read,club_history,NOT_YET_PORTED,,,NO,PERSISTENCE_RELEVANT,PARTIAL,decompile,deserializes club_history.dat (count + 0x10-byte records); this registry is not persisted in Rust
0x00444840,,club_history_dat_write,club_history,NOT_YET_PORTED,,,NO,PERSISTENCE_RELEVANT,PARTIAL,decompile,serializes club_history.dat; write counterpart of 004445c0; unported
0x00444a80,,club_history_find_player_record,club_history,NOT_YET_PORTED,,,NO,SIMULATION_RELEVANT,PARTIAL,decompile,locates a player's current appearance record within the club squad/reserves; unported
0x005dbf60,,history_his_exists_probe,history,NOT_YET_PORTED,,,NO,PLAYER_VISIBLE,PARTIAL,grep-uncited,game-mode-gated '%s.his' open+close existence probe; history.rs ports parser+scan_dir enumeration but not this gated per-key probe
0x005dc5e0,,history_screen_entry,history,UI_GDI_DOMAIN,,,NO,UI_RENDERING,STRUCTURALLY_VERIFIED,cited-unported-handler,registers FUN_005dc660 draw + 5 param sets; sidebar_dispatcher.rs marks UnportedHandler('FUN_005dc5e0(1)')
0x005dc660,,history_screen_draw,history,UI_GDI_DOMAIN,,,INDIRECT,UI_RENDERING,PARTIAL,cited-comment,"History screen widget builder; .his enum+sort ported behaviorally in cm-domain/history.rs scan_dir, widget build is cm-render domain"
0x00576d20,,fifa_match_result_feed,fifa_rankings,NOT_YET_PORTED,,,NO,SIMULATION_RELEVANT,PARTIAL,decompile+grep-uncited,"per-international-match FIFA update: strength tiers via 00577f40, records result via 00577c50; fifa_rankings.rs notes match/monthly evolution not yet ported"
0x005774c0,,fifa_history_window_count,fifa_rankings,NOT_YET_PORTED,,,NO,IMPLEMENTATION_ONLY,PARTIAL,decompile,counts ranking-history entries within a date window; helper for the unported evolution engine
0x00577550,fifa_rankings.rs,fifa_rankings_dat_read,fifa_rankings,REPLACED_BY_RUST,crates/cm-domain/src/fifa_rankings.rs,compute,NO,PERSISTENCE_RELEVANT,PARTIAL,grep+decompile,deserializes fifa_rankings.dat table; Rust reconstructs the table from nation coefficients (compute = FUN_00577b00) rather than reading the .dat
0x00577890,fifa_rankings.rs,fifa_rankings_dat_write,fifa_rankings,REPLACED_BY_RUST,crates/cm-domain/src/fifa_rankings.rs,NationRanking,NO,PERSISTENCE_RELEVANT,PARTIAL,grep+decompile,serializes fifa_rankings.dat; write counterpart replaced by serde NationRanking model in Rust
0x00577c50,,fifa_record_match_result,fifa_rankings,NOT_YET_PORTED,,,NO,SIMULATION_RELEVANT,PARTIAL,decompile,"appends a match-result entry to a nation's 5-byte-stride ranking history (grows array, stamps date); part of unported match feed"
0x00577f40,,fifa_nation_strength_tier,fifa_rankings,NOT_YET_PORTED,,,NO,IMPLEMENTATION_ONLY,PARTIAL,decompile,classifies nation ranking tier (1-4) from ranking points +0x8e and games; helper for 00576d20; unported
0x006bd2e0,,match_commentary_queue_advance,match_events,OUT_OF_SCOPE,,,NO,UI_RENDERING,PARTIAL,decompile,12-slot commentary ring-buffer advance + template fetch from DAT_00b4e300; live match text presentation replaced by simplified token model
0x006bd530,,match_commentary_format_a,match_events,OUT_OF_SCOPE,,,NO,UI_RENDERING,PARTIAL,decompile,"match commentary token formatter (<C>/<F>/<T>/<P>/<R> substitution, player/team names, ratings); presentation replaced by token model"
0x006be690,,match_event_timer_expire,match_events,OUT_OF_SCOPE,,,NO,IMPLEMENTATION_ONLY,PARTIAL,decompile,"expires timed match events and stops sounds (FUN_007ea7d0/007ea820); real-time presentation, out of scope"
0x006be730,,match_commentary_format_b,match_events,OUT_OF_SCOPE,,,NO,UI_RENDERING,PARTIAL,decompile,second commentary token formatter writing DAT_00b4da10 buffer; presentation replaced by token model
0x006bf2d0,,match_event_log_write,match_events,OUT_OF_SCOPE,,,NO,PERSISTENCE_RELEVANT,PARTIAL,decompile,writes match-event stream to computer/human_events*.tmp; commentary-feed persistence for the replaced presentation layer
0x006bf660,,match_event_log_read,match_events,OUT_OF_SCOPE,,,NO,PERSISTENCE_RELEVANT,PARTIAL,decompile,reads back match-event stream from *_events*.tmp; read counterpart of 006bf2d0
0x006bf870,,match_events_cfg_load,match_events,OUT_OF_SCOPE,,,NO,IMPLEMENTATION_ONLY,PARTIAL,decompile,parses events_XXX.cfg into DAT_00b4e300 event-template registry; commentary config for the replaced presentation layer
0x006c0ce0,,match_commentary_name_format,match_events,OUT_OF_SCOPE,,,NO,UI_RENDERING,PARTIAL,decompile,formats player name with duplicate-surname disambiguation for commentary (FUN_00527c90); out of scope
0x0080fac0,,hall_of_fame_screen,setup,UI_GDI_DOMAIN,,,NO,UI_RENDERING,STRUCTURALLY_VERIFIED,cited-unported-handler,Hall of Fame screen setup (registers FUN_0080fb10 draw); dispatcher marks UnportedHandler('FUN_0080fac0')
0x008224b0,,count_network_waiting_players,setup,NOT_YET_PORTED,,,NO,SIMULATION_RELEVANT,PARTIAL,cited-TODO,counts human managers awaiting their network turn (DAT_00acd5c4 +0x5f flag); cm-render/dispatcher.rs has TODO to port (cmd 0x3fc)
0x005f8970,,French/German/Dutch league name to global-pointer registrar,condition-fitness,NON_USEFUL,,,NO,IMPLEMENTATION_ONLY,STRUCTURALLY_VERIFIED,decompile 0x005f8970,strcmpi name to DAT_ global binding table; not injury logic (file-misattributed); DB-driven design keys entities by id
0x005fae70,,award name to global-pointer registrar (footballer-of-year set),condition-fitness,NON_USEFUL,,,NO,IMPLEMENTATION_ONLY,STRUCTURALLY_VERIFIED,decompile 0x005fae70,strcmpi name to DAT_ global binding table; DB-driven design keys awards by id
0x005fde10,,club/all-star name to global-pointer registrar,condition-fitness,NON_USEFUL,,,NO,IMPLEMENTATION_ONLY,STRUCTURALLY_VERIFIED,decompile 0x005fde10,strcmpi name to DAT_ global binding table; DB-driven design keys clubs by id
0x00600ee0,,injury category lookup by game-type,condition-fitness,NOT_YET_PORTED,,,NO,SIMULATION_RELEVANT,STRUCTURALLY_VERIFIED,decompile 0x00600ee0,small switch keyed on FUN_006547b0 game-type; part of injury engine
0x00601930,,injury-engine large fn (no decompile available),condition-fitness,UNKNOWN,,,NO,IMPLEMENTATION_ONLY,UNVERIFIED,decompile 0x00601930 missing,"NO_DECOMPILE: 74922B giant, decompiled/00601930.c absent; sits in registrar/injury address cluster"
0x00613de0,,injury engine ctor: CD check + load injury_history.tmp + seed,condition-fitness,NOT_YET_PORTED,,,NO,SIMULATION_RELEVANT,STRUCTURALLY_VERIFIED,decompile 0x00613de0,"builds injury pool, calls loader 006141e0 / seeder 00616650; injury only duration-modelled in Rust"
0x00614000,,injury engine destructor (frees pools),condition-fitness,NON_USEFUL,,,NO,IMPLEMENTATION_ONLY,STRUCTURALLY_VERIFIED,decompile 0x00614000,frees param_1 pointer members via free thunks; dtor plumbing
0x006141e0,,load injury.dat into runtime injury pool,condition-fitness,NOT_YET_PORTED,,,NO,PERSISTENCE_RELEVANT,STRUCTURALLY_VERIFIED,decompile 0x006141e0,manual deserialization of injury.dat records; runtime injury pool not implemented
0x006149b0,,save injury.dat from runtime injury pool,condition-fitness,NOT_YET_PORTED,,,NO,PERSISTENCE_RELEVANT,STRUCTURALLY_VERIFIED,decompile 0x006149b0,manual serialization of injury.dat; counterpart to loader 006141e0
0x006154e0,,add/merge injury-history list entry,condition-fitness,NOT_YET_PORTED,,,NO,SIMULATION_RELEVANT,STRUCTURALLY_VERIFIED,decompile 0x006154e0,accumulates severity into per-player injury-history list
0x00615640,,injury-history list lookup by id,condition-fitness,NON_USEFUL,,,NO,IMPLEMENTATION_ONLY,STRUCTURALLY_VERIFIED,decompile 0x00615640,iterates list via FUN_00672400 matching id; container search helper
0x00615680,,reset player injury slot + purge history entry,condition-fitness,NOT_YET_PORTED,,,NO,SIMULATION_RELEVANT,STRUCTURALLY_VERIFIED,decompile 0x00615680,resets 0x1f-byte condition record to defaults (condition 10000) and clears history
0x00615760,,daily squad match-fitness/injury processing loop,condition-fitness,NOT_YET_PORTED,,,NO,SIMULATION_RELEVANT,STRUCTURALLY_VERIFIED,decompile 0x00615760,"walks squad slots, computes condition delta, emits injury outcomes via 00616820/00616930"
0x00615d60,,per-player daily condition/fatigue + injury recovery update,condition-fitness,NOT_YET_PORTED,,,NO,SIMULATION_RELEVANT,STRUCTURALLY_VERIFIED,decompile 0x00615d60; memory:match-engine-gap-audit,"core condition recovery/injury-progress math; only referenced in main.rs frontier doc-comment, not ported"
0x00616650,,boot-seed injuries for all players (recurring/starting),condition-fitness,NOT_YET_PORTED,,,NO,SIMULATION_RELEVANT,STRUCTURALLY_VERIFIED,decompile 0x00616650,allocates condition records for whole world and seeds initial injuries via RNG
0x00617380,,build injury news item (fills news fields),condition-fitness,NOT_YET_PORTED,,,NO,PLAYER_VISIBLE,STRUCTURALLY_VERIFIED,decompile 0x00617380,populates news record via FUN_0076d730 field setters for an injury story
0x00617de0,,clear/end a player active injury record,condition-fitness,NOT_YET_PORTED,,,NO,SIMULATION_RELEVANT,STRUCTURALLY_VERIFIED,decompile 0x00617de0,"marks injury slot free, optionally notifies via 0061a5c0"
0x006182e0,,injury body-part table getter,condition-fitness,NON_USEFUL,,,NO,IMPLEMENTATION_ONLY,STRUCTURALLY_VERIFIED,decompile 0x006182e0,single-line indexed read of DAT_009d3dd9 table
0x00618300,,compute injury duration (date diff),condition-fitness,NOT_YET_PORTED,,,NO,SIMULATION_RELEVANT,STRUCTURALLY_VERIFIED,decompile 0x00618300,returns date-diff of injury start/end via FUN_00578ec0
0x006183c0,,player availability/status check,condition-fitness,NOT_YET_PORTED,,,NO,SIMULATION_RELEVANT,STRUCTURALLY_VERIFIED,decompile 0x006183c0,reads condition-record availability bytes (+0x12/+0x13) to return status code
0x00618510,,format injury description for player,condition-fitness,NOT_YET_PORTED,,,NO,PLAYER_VISIBLE,STRUCTURALLY_VERIFIED,decompile 0x00618510,emits None-no-injury or body-part text via 00618610
0x00619dc0,,injury to position/category mapping by game-type,condition-fitness,NOT_YET_PORTED,,,NO,SIMULATION_RELEVANT,STRUCTURALLY_VERIFIED,decompile 0x00619dc0,large switch keyed on game-type (9/3/5) mapping injury code to category
0x0061a1d0,,compute injury return-date text,condition-fitness,NOT_YET_PORTED,,,NO,PLAYER_VISIBLE,STRUCTURALLY_VERIFIED,decompile 0x0061a1d0,projects expected-return date from injury record and formats via 007cd7f0
0x0061a330,,injury body-part name string lookup,condition-fitness,NOT_YET_PORTED,,,NO,PLAYER_VISIBLE,STRUCTURALLY_VERIFIED,decompile 0x0061a330,switch returning internal/foot/shin/knee injury strings
0x0061a5c0,,apply match-incident injury/knock outcome to player,condition-fitness,NOT_YET_PORTED,,,NO,SIMULATION_RELEVANT,STRUCTURALLY_VERIFIED,decompile 0x0061a5c0,RNG-driven knock/injury severity applied to condition + morale; emits news
0x0061ac60,,build injury/return news article (template selector),condition-fitness,NOT_YET_PORTED,,,NO,PLAYER_VISIBLE,STRUCTURALLY_VERIFIED,decompile 0x0061ac60,selects among many injury/recovery news templates by type/severity
0x0061b4a0,,build injured-in-match news item,condition-fitness,NOT_YET_PORTED,,,NO,PLAYER_VISIBLE,STRUCTURALLY_VERIFIED,decompile 0x0061b4a0,formats match-injury story with team names/score and competition
0x0078ac30,,physio recovery-time estimate calc,condition-fitness,NOT_YET_PORTED,,,NO,SIMULATION_RELEVANT,STRUCTURALLY_VERIFIED,decompile 0x0078ac30,computes expected recovery days from physio rating + player fields
0x0078ade0,,Request Physio Report screen builder,condition-fitness,NOT_YET_PORTED,,,NO,UI_RENDERING,STRUCTURALLY_VERIFIED,decompile 0x0078ade0,widget-pool screen setup via FUN_00549580; not among cited ported builders
0x0078b310,,physio screen command dispatcher,condition-fitness,NOT_YET_PORTED,,,NO,UI_RENDERING,STRUCTURALLY_VERIFIED,decompile 0x0078b310,"routes physio-screen actions, returns nav codes, falls through to sidebar dispatcher 007491e0"
0x0078b540,,event-type name to flag-bitmask parser,condition-fitness,NOT_YET_PORTED,,,NO,SIMULATION_RELEVANT,STRUCTURALLY_VERIFIED,decompile 0x0078b540,maps INJURY/RETIREMENT/FUTURE_TRANSFER/DRUGS tokens to bit flags
0x0078b6e0,,injury-type name to code mapping (config),condition-fitness,NOT_YET_PORTED,,,NO,SIMULATION_RELEVANT,STRUCTURALLY_VERIFIED,decompile 0x0078b6e0,strncmp of ~90 injury names (TWISTED_ANKLE etc) to internal codes
0x0078be10,,parse physio/injury config record,condition-fitness,NOT_YET_PORTED,,,NO,SIMULATION_RELEVANT,STRUCTURALLY_VERIFIED,decompile 0x0078be10,parses a physio config line using token scanner 0078d430 and name mappers
0x0078d430,,quoted-token string scanner,condition-fitness,NON_USEFUL,,,NO,IMPLEMENTATION_ONLY,STRUCTURALLY_VERIFIED,decompile 0x0078d430,generic quoted-field tokenizer; parse helper
0x0078d490,,staff/club lookup by name,condition-fitness,NOT_YET_PORTED,,,NO,SIMULATION_RELEVANT,STRUCTURALLY_VERIFIED,decompile 0x0078d490,linear search of staff/club pools matching first/second/common name
0x00911cd0,,weather subsystem init: load weather.cfg + seed,match,NOT_YET_PORTED,,,NO,SIMULATION_RELEVANT,STRUCTURALLY_VERIFIED,decompile 0x00911cd0,reads weather.cfg records and RNG-seeds per-nation weather state
0x00912100,,parse weather region record,match,NOT_YET_PORTED,,,NO,SIMULATION_RELEVANT,STRUCTURALLY_VERIFIED,decompile 0x00912100,scanf-style parse of one weather-region config entry
0x009121e0,,parse weather season thresholds record,match,NOT_YET_PORTED,,,NO,SIMULATION_RELEVANT,STRUCTURALLY_VERIFIED,decompile 0x009121e0,parses 19-field seasonal temperature/precip threshold row
0x009124d0,,compute match weather (wind/precip/pitch),match,NOT_YET_PORTED,,,NO,SIMULATION_RELEVANT,STRUCTURALLY_VERIFIED,decompile 0x009124d0,derives wind/precip/pitch codes from temperature thresholds for a fixture
0x00912780,,weather magnitude RNG helper,match,NOT_YET_PORTED,,,NO,SIMULATION_RELEVANT,STRUCTURALLY_VERIFIED,decompile 0x00912780,date-seeded wind/precip magnitude computation
0x00912860,,build weather description string,match,NOT_YET_PORTED,,,NO,PLAYER_VISIBLE,STRUCTURALLY_VERIFIED,decompile 0x00912860,composes Breezy/Gusty/Drizzle/Snow display text
0x00912af0,,weather-driven match postponement/abandon decision,match,NOT_YET_PORTED,,,NO,SIMULATION_RELEVANT,STRUCTURALLY_VERIFIED,decompile 0x00912af0,RNG+pitch/attendance gated postponement/abandonment result codes
0x00913020,,pitch-condition name string,match,NOT_YET_PORTED,,,NO,PLAYER_VISIBLE,STRUCTURALLY_VERIFIED,decompile 0x00913020,switch returning Normal/Muddy/Waterlogged/Frozen/Snowy/Hard
0x00913290,,build match-postponed news item,match,NOT_YET_PORTED,,,NO,PLAYER_VISIBLE,STRUCTURALLY_VERIFIED,decompile 0x00913290,formats postponement story with club/league names
0x00913620,,build match-postponed news item (variant),match,NOT_YET_PORTED,,,NO,PLAYER_VISIBLE,STRUCTURALLY_VERIFIED,decompile 0x00913620,second postponement news template variant
0x0069aff0,,match-day kickoff/postponement state machine,match,NOT_YET_PORTED,,,NO,SIMULATION_RELEVANT,STRUCTURALLY_VERIFIED,decompile 0x0069aff0,"advances live-match clock/state, sets postponed/abandoned flags, gates on weather/pitch"
0x0069b3d0,,check club participates in match fixture,match,NOT_YET_PORTED,,,NO,SIMULATION_RELEVANT,STRUCTURALLY_VERIFIED,decompile 0x0069b3d0,scans fixture list (0x69 stride) for a club id
0x0069b710,,run match to result + alloc result struct,match,NOT_YET_PORTED,,,NO,SIMULATION_RELEVANT,STRUCTURALLY_VERIFIED,decompile 0x0069b710,"drives FUN_0069f2f0 until result (0x02/0x08), allocates 0xd7a result block"
0x0069bfa0,,competition-code to small-int mapping,match,NOT_YET_PORTED,,,NO,SIMULATION_RELEVANT,STRUCTURALLY_VERIFIED,decompile 0x0069bfa0,maps comp codes (0x3de/0x483/0x528) to indices by leg param
0x0069c3a0,,background-group match completion driver,match,NOT_YET_PORTED,,,NO,SIMULATION_RELEVANT,STRUCTURALLY_VERIFIED,decompile 0x0069c3a0,checks group readiness then runs an AI/background match to result
0x0069ced0,,post-match event effects to world state,match,NOT_YET_PORTED,,,NO,SIMULATION_RELEVANT,STRUCTURALLY_VERIFIED,decompile 0x0069ced0,applies goals/red-cards/injuries/aggression events (0x82/0x13/0x1e) to players/clubs
0x0069d3d0,,in-match substitution/injury-replacement AI,match,NOT_YET_PORTED,,,NO,SIMULATION_RELEVANT,STRUCTURALLY_VERIFIED,decompile 0x0069d3d0,selects replacement/sub players and applies rating logic mid-match
0x0069d720,,determine team win/loss from score,match,NOT_YET_PORTED,,,NO,SIMULATION_RELEVANT,STRUCTURALLY_VERIFIED,decompile 0x0069d720,compares goal/penalty fields to decide home/away result
0x006d0170,,referee positional/advantage decision (in-match),officials,NOT_YET_PORTED,,,NO,SIMULATION_RELEVANT,STRUCTURALLY_VERIFIED,decompile 0x006d0170,RNG-driven referee/player selection using position markers; match-official mechanics
0x006d0570,,referee card decision (book/send-off),officials,NOT_YET_PORTED,,,NO,SIMULATION_RELEVANT,STRUCTURALLY_VERIFIED,decompile 0x006d0570,"aggression+foul-type gated card issuance, applies rating penalty and card fields"
0x006d6040,,end-of-match referee booking finalization,officials,NOT_YET_PORTED,,,NO,SIMULATION_RELEVANT,STRUCTURALLY_VERIFIED,decompile 0x006d6040,records bookings/aggression and updates referee + suspension counters
0x006d6370,,reset match-official decision state,officials,NON_USEFUL,,,NO,IMPLEMENTATION_ONLY,STRUCTURALLY_VERIFIED,decompile 0x006d6370,trivial clear of pending-decision fields
0x00672e40,,CD-presence check (find cm0102.exe on CD drives / Insert CD prompt),manager-ai,OUT_OF_SCOPE,,,NO,IMPLEMENTATION_ONLY,STRUCTURALLY_VERIFIED,decompile 0x00672e40,copy-protection CD scan via GetLogicalDriveStrings/GetDriveType; deliberately not replicated in port
0x00673330,,manager-confidence pool destructor (frees 5 sub-arrays),manager-ai,NON_USEFUL,,,NO,IMPLEMENTATION_ONLY,STRUCTURALLY_VERIFIED,decompile 0x00673330,dtor freeing param_1[1..5] via FUN_00933d24
0x006733d0,,save man_conf.dat (board-confidence save section writer),manager-ai,NOT_YET_PORTED,,,NO,PERSISTENCE_RELEVANT,STRUCTURALLY_VERIFIED,decompile 0x006733d0,writes 0x49-byte confidence records through FUN_00921770 container; no Rust equivalent
0x00673b70,,load man_conf.dat (board-confidence save section reader),manager-ai,NOT_YET_PORTED,,,NO,PERSISTENCE_RELEVANT,STRUCTURALLY_VERIFIED,decompile 0x00673b70,reads man_conf.dat v0x16 via FUN_00921770; no Rust equivalent
0x00674380,,rebuild manager->club job links across person pool,manager-ai,NOT_YET_PORTED,,,NO,SIMULATION_RELEVANT,STRUCTURALLY_VERIFIED,decompile 0x00674380,"post-load relink: walks person pool, sets club+0xcf and job-status fixups"
0x00675dc0,,classify board job-security field (+6) into 0..5 band,manager-ai,NOT_YET_PORTED,,,NO,SIMULATION_RELEVANT,STRUCTURALLY_VERIFIED,decompile 0x00675dc0,threshold banding of club board-relationship value at slot+6
0x00675e20,,classify board confidence field (+0x12) into 0..5 band,manager-ai,NOT_YET_PORTED,,,NO,SIMULATION_RELEVANT,STRUCTURALLY_VERIFIED,decompile 0x00675e20,threshold banding of confidence value at slot+0x12
0x00675e80,,derive board expectation type+value from league position vs targets,manager-ai,NOT_YET_PORTED,,,NO,SIMULATION_RELEVANT,STRUCTURALLY_VERIFIED,decompile 0x00675e80,reads comp table via FUN_004ab310 to set expectation code (1..5) and value
0x00675fd0,,build board-confidence description text (banded 'The board are...'),manager-ai,NOT_YET_PORTED,,,NO,PLAYER_VISIBLE,STRUCTURALLY_VERIFIED,decompile 0x00675fd0,maps confidence band to descriptive news string
0x00678aa0,,evaluate manager job target / build candidate reaction,manager-ai,NOT_YET_PORTED,,,NO,SIMULATION_RELEVANT,STRUCTURALLY_VERIFIED,decompile 0x00678aa0,job-application AI over confidence/reputation gates
0x00679690,,build club expectations text from expectation bitfield,manager-ai,NOT_YET_PORTED,,,NO,PLAYER_VISIBLE,STRUCTURALLY_VERIFIED,decompile 0x00679690,formats club season-expectation string
0x00679ed0,,initialise/randomise board confidence on manager appointment,manager-ai,NOT_YET_PORTED,,,NO,SIMULATION_RELEVANT,STRUCTURALLY_VERIFIED,decompile 0x00679ed0,seeds slot+6/+8 confidence via RNG FUN_008fc4f0 and reputation
0x0067a490,,manager reaction to match result (confidence adjust),manager-ai,NOT_YET_PORTED,,,NO,SIMULATION_RELEVANT,STRUCTURALLY_VERIFIED,decompile 0x0067a490,adjusts board-relationship fields from match outcome
0x0067b7c0,,compute board/manager satisfaction flag bitfields,manager-ai,NOT_YET_PORTED,,,NO,SIMULATION_RELEVANT,STRUCTURALLY_VERIFIED,decompile 0x0067b7c0,derives satisfaction flags (param_3/param_4) from finances and results
0x0067bb90,,adjust board confidence fields after transfer decision,manager-ai,NOT_YET_PORTED,,,NO,SIMULATION_RELEVANT,STRUCTURALLY_VERIFIED,decompile 0x0067bb90,decrements slot+6/+0x14/+0x16 confidence values
0x0067bd60,,manager reaction decision returning action codes,manager-ai,NOT_YET_PORTED,,,NO,SIMULATION_RELEVANT,STRUCTURALLY_VERIFIED,decompile 0x0067bd60,returns 0x800/0x2000 outcome from squad/staff evaluation
0x0067c490,,manager reaction to board/transfer (returns reaction code),manager-ai,NOT_YET_PORTED,,,NO,SIMULATION_RELEVANT,STRUCTURALLY_VERIFIED,decompile 0x0067c490,decides reaction 0x400/0x800 and emits news via FUN_00685c00
0x0067c680,,apply board-confidence deltas from FUN_0067c490 reaction,manager-ai,NOT_YET_PORTED,,,NO,SIMULATION_RELEVANT,STRUCTURALLY_VERIFIED,decompile 0x0067c680,mutates confidence slot fields with clamping
0x0067cb40,,apply board-confidence deltas from satisfaction flags,manager-ai,NOT_YET_PORTED,,,NO,SIMULATION_RELEVANT,STRUCTURALLY_VERIFIED,decompile 0x0067cb40,consumes FUN_0067b7c0 flags to add/subtract confidence with clamps
0x00681920,,news formatter: club-name board memo variants,manager-ai,NOT_YET_PORTED,,,NO,PLAYER_VISIBLE,STRUCTURALLY_VERIFIED,decompile 0x00681920,formats board memo text and links via FUN_004b5360
0x00681a50,,news event emit type 0x1390 (board/manager),manager-ai,NOT_YET_PORTED,,,NO,PLAYER_VISIBLE,STRUCTURALLY_VERIFIED,decompile 0x00681a50,queues news via FUN_00763b90/0076d730
0x00681b80,,news formatter: memo from board of directors,manager-ai,NOT_YET_PORTED,,,NO,PLAYER_VISIBLE,STRUCTURALLY_VERIFIED,decompile 0x00681b80,three board-memo string variants
0x00681c70,,manager job-poaching decision AI,manager-ai,NOT_YET_PORTED,,,NO,SIMULATION_RELEVANT,STRUCTURALLY_VERIFIED,decompile 0x00681c70,RNG-gated interest in poaching a rival's manager
0x00684a30,,set four board-relationship fields to one value,manager-ai,NON_USEFUL,,,NO,IMPLEMENTATION_ONLY,STRUCTURALLY_VERIFIED,decompile 0x00684a30,trivial bulk setter of slot +6/+8/+0xa/+0xc
0x00684a80,,manager would-accept/want-job decision AI,manager-ai,NOT_YET_PORTED,,,NO,SIMULATION_RELEVANT,STRUCTURALLY_VERIFIED,decompile 0x00684a80,complex float comparisons via FUN_0082dab0 for job acceptance
0x00685160,,news formatter: manager appointment/approach,manager-ai,NOT_YET_PORTED,,,NO,PLAYER_VISIBLE,STRUCTURALLY_VERIFIED,decompile 0x00685160,staff-name/club-name news string variants
0x00685900,,news formatter: manager transfer between clubs,manager-ai,NOT_YET_PORTED,,,NO,PLAYER_VISIBLE,STRUCTURALLY_VERIFIED,decompile 0x00685900,club-to-club move news with job-status branches
0x00685c00,,news event emit type 0x1778,manager-ai,NOT_YET_PORTED,,,NO,PLAYER_VISIBLE,STRUCTURALLY_VERIFIED,decompile 0x00685c00,date-gated news queue for manager event
0x00685d40,,news formatter: board reaction to staff release,manager-ai,NOT_YET_PORTED,,,NO,PLAYER_VISIBLE,STRUCTURALLY_VERIFIED,decompile 0x00685d40,board upset/shocked/block release string variants
0x006860e0,,news event emit type 0x1777 (board confidence reaction),manager-ai,NOT_YET_PORTED,,,NO,PLAYER_VISIBLE,STRUCTURALLY_VERIFIED,decompile 0x006860e0,computes confidence-delta code then queues news
0x00686400,,news formatter: manager job offer (multi-buffer),manager-ai,NOT_YET_PORTED,,,NO,PLAYER_VISIBLE,STRUCTURALLY_VERIFIED,decompile 0x00686400,formats job-offer news across 4 string buffers
0x00686d70,,news event emit type 6000 (manager approach),manager-ai,NOT_YET_PORTED,,,NO,PLAYER_VISIBLE,STRUCTURALLY_VERIFIED,decompile 0x00686d70,date-gated approach news via FUN_0076e720
0x00686fd0,,news formatter: manager approach/offer (large),manager-ai,NOT_YET_PORTED,,,NO,PLAYER_VISIBLE,STRUCTURALLY_VERIFIED,decompile 0x00686fd0,many string variants for manager job news
0x006882d0,,news formatter: job offer to manager,manager-ai,NOT_YET_PORTED,,,NO,PLAYER_VISIBLE,STRUCTURALLY_VERIFIED,decompile 0x006882d0,formats offer text with staff-name substitution
0x006889e0,,recompute board confidence (weekly tick core),manager-ai,NOT_YET_PORTED,,,NO,SIMULATION_RELEVANT,STRUCTURALLY_VERIFIED,decompile 0x006889e0,rewrites confidence slot +0xe/+0x2c/+0x30/+0x38 with reputation-squared weighting
0x00689710,,news event emit type 0x177e,manager-ai,NOT_YET_PORTED,,,NO,PLAYER_VISIBLE,STRUCTURALLY_VERIFIED,decompile 0x00689710,queues news via FUN_00763b90
0x00689c90,,news event emit type 0x1771 (date-gated),manager-ai,NOT_YET_PORTED,,,NO,PLAYER_VISIBLE,STRUCTURALLY_VERIFIED,decompile 0x00689c90,queues news when current date within window
0x00689d50,,news formatter: board announce season expectations,manager-ai,NOT_YET_PORTED,,,NO,PLAYER_VISIBLE,STRUCTURALLY_VERIFIED,decompile 0x00689d50,selects expectation string from bitfield
0x006897c0,,news formatter: FA announce expectations (case switch),manager-ai,NOT_YET_PORTED,,,NO,PLAYER_VISIBLE,STRUCTURALLY_VERIFIED,decompile 0x006897c0,FA/national-body expectation strings keyed by expectation code
0x00689fb0,,news formatter: manager job-offer candidate list,manager-ai,NOT_YET_PORTED,,,NO,PLAYER_VISIBLE,STRUCTURALLY_VERIFIED,decompile 0x00689fb0,builds offer list via FUN_00675fd0/00678aa0
0x0068a390,,news formatter: manager job approach,manager-ai,NOT_YET_PORTED,,,NO,PLAYER_VISIBLE,STRUCTURALLY_VERIFIED,decompile 0x0068a390,approach text with reputation-scaled branches
0x0068a880,,manager reaction to competition state (confidence + news),manager-ai,NOT_YET_PORTED,,,NO,SIMULATION_RELEVANT,STRUCTURALLY_VERIFIED,decompile 0x0068a880,vtable comp query drives confidence change and FUN_00672320/0068acd0
0x0068acd0,,news event emit type 0x1781 (date-gated),manager-ai,NOT_YET_PORTED,,,NO,PLAYER_VISIBLE,STRUCTURALLY_VERIFIED,decompile 0x0068acd0,queues news
0x0068adb0,,news formatter: manager appointment (nationality variants),manager-ai,NOT_YET_PORTED,,,NO,PLAYER_VISIBLE,STRUCTURALLY_VERIFIED,decompile 0x0068adb0,appointment string keyed by relation code
0x0068af80,,news event emit type 0x1782 (date-gated),manager-ai,NOT_YET_PORTED,,,NO,PLAYER_VISIBLE,STRUCTURALLY_VERIFIED,decompile 0x0068af80,queues news using club+0xcf board members
0x0068b0a0,,news formatter: supporter protest,manager-ai,NOT_YET_PORTED,,,NO,PLAYER_VISIBLE,STRUCTURALLY_VERIFIED,decompile 0x0068b0a0,formats protest news + links
0x0068b210,,news event emit type 0x138c (with FUN_00690150 params),manager-ai,NOT_YET_PORTED,,,NO,PLAYER_VISIBLE,STRUCTURALLY_VERIFIED,decompile 0x0068b210,queues 18-param manager news event
0x0068b580,,news formatter: manager board interaction,manager-ai,NOT_YET_PORTED,,,NO,PLAYER_VISIBLE,STRUCTURALLY_VERIFIED,decompile 0x0068b580,builds board news with linked entities
0x0068bc30,,build board-string news text (large switch),manager-ai,NOT_YET_PORTED,,,NO,PLAYER_VISIBLE,STRUCTURALLY_VERIFIED,decompile 0x0068bc30,giant switch over board-relationship codes to news strings
0x0068d9e0,,news formatter: board-request options (expand stadium etc),manager-ai,NOT_YET_PORTED,,,NO,PLAYER_VISIBLE,STRUCTURALLY_VERIFIED,decompile 0x0068d9e0,labels for 6 chairman-request types
0x0068e5c0,,news event emit type 0x1786 (finance-gated),manager-ai,NOT_YET_PORTED,,,NO,PLAYER_VISIBLE,STRUCTURALLY_VERIFIED,decompile 0x0068e5c0,queues news with affordability flag from FUN_0058a490
0x0068e6e0,,news formatter: board reaction to chairman requests,manager-ai,NOT_YET_PORTED,,,NO,PLAYER_VISIBLE,STRUCTURALLY_VERIFIED,decompile 0x0068e6e0,switch over 6 request types to reaction strings
0x0068f090,,news formatter: complain about referee / request postponement,manager-ai,NOT_YET_PORTED,,,NO,PLAYER_VISIBLE,STRUCTURALLY_VERIFIED,decompile 0x0068f090,two request-label strings via FUN_006547c0
0x0068f0d0,,weekly board confidence tick (RNG + news),manager-ai,NOT_YET_PORTED,,,NO,SIMULATION_RELEVANT,STRUCTURALLY_VERIFIED,decompile 0x0068f0d0,large per-week confidence evolution with news emission
0x0068fa40,,news event emit type 0x29 (date-gated),manager-ai,NOT_YET_PORTED,,,NO,PLAYER_VISIBLE,STRUCTURALLY_VERIFIED,decompile 0x0068fa40,queues news for two linked entities
0x0068fb80,,news formatter: match rescheduled after appeal,manager-ai,NOT_YET_PORTED,,,NO,PLAYER_VISIBLE,STRUCTURALLY_VERIFIED,decompile 0x0068fb80,reschedule news with club/nation names
0x0068fd00,,news event emit type 0x1789,manager-ai,NOT_YET_PORTED,,,NO,PLAYER_VISIBLE,STRUCTURALLY_VERIFIED,decompile 0x0068fd00,queues news using club+0x53 chairman
0x0068fde0,,news formatter: FA reaction to complaint/request,manager-ai,NOT_YET_PORTED,,,NO,PLAYER_VISIBLE,STRUCTURALLY_VERIFIED,decompile 0x0068fde0,FA-reaction string variants by outcome code
0x00690020,,news formatter: FA react to ref complaint,manager-ai,NOT_YET_PORTED,,,NO,PLAYER_VISIBLE,STRUCTURALLY_VERIFIED,decompile 0x00690020,formats FA reaction with nationality substitution
0x00690150,,compute manager reaction params + confidence delta,manager-ai,NOT_YET_PORTED,,,NO,SIMULATION_RELEVANT,STRUCTURALLY_VERIFIED,decompile 0x00690150,RNG-gated helper filling news params and adjusting slot+6 confidence
0x00690540,,build board reasoning text (staff-name driven),manager-ai,NOT_YET_PORTED,,,NO,PLAYER_VISIBLE,STRUCTURALLY_VERIFIED,decompile 0x00690540,assembles 'we felt that...' board justification strings
0x006908e0,,predicate: does person manage a club within pools,manager-ai,NOT_YET_PORTED,,,NO,SIMULATION_RELEVANT,STRUCTURALLY_VERIFIED,decompile 0x006908e0,scans 2 club pools for matching person and returns job-status band
0x00690a70,,build manager news event / state (FUN_00672320),manager-ai,NOT_YET_PORTED,,,NO,SIMULATION_RELEVANT,STRUCTURALLY_VERIFIED,decompile 0x00690a70,assembles 0x19-byte news-event record and dispatches
0x006912d0,,news event emit type 0x178a,manager-ai,NOT_YET_PORTED,,,NO,PLAYER_VISIBLE,STRUCTURALLY_VERIFIED,decompile 0x006912d0,queues news using club+0x39 chairman
0x00691400,,news formatter: FA ban appeal outcome,manager-ai,NOT_YET_PORTED,,,NO,PLAYER_VISIBLE,STRUCTURALLY_VERIFIED,decompile 0x00691400,dismiss/revoke/reduce ban news strings
0x00691970,,news event emit type 0x178d,manager-ai,NOT_YET_PORTED,,,NO,PLAYER_VISIBLE,STRUCTURALLY_VERIFIED,decompile 0x00691970,queues news branching on reputation threshold
0x00691af0,,news formatter: loan/transfer approach,manager-ai,NOT_YET_PORTED,,,NO,PLAYER_VISIBLE,STRUCTURALLY_VERIFIED,decompile 0x00691af0,formats club-to-club approach news
0x00691cc0,,manager news event build (type 0x5a0b) + state flag,manager-ai,NOT_YET_PORTED,,,NO,SIMULATION_RELEVANT,STRUCTURALLY_VERIFIED,decompile 0x00691cc0,builds news event and sets club+9 state to 3
0x00692880,,manager confidence recompute vs rivals (clamp 1..10000),manager-ai,NOT_YET_PORTED,,,NO,SIMULATION_RELEVANT,STRUCTURALLY_VERIFIED,decompile 0x00692880,rival-comparison confidence adjust with clamping
0x00692ba0,,news event emit type 0x178f (contract/confidence calc),manager-ai,NOT_YET_PORTED,,,NO,PLAYER_VISIBLE,STRUCTURALLY_VERIFIED,decompile 0x00692ba0,computes affordability + expectation flags then queues news
0x00692de0,,news formatter: manager multi-outcome offer,manager-ai,NOT_YET_PORTED,,,NO,PLAYER_VISIBLE,STRUCTURALLY_VERIFIED,decompile 0x00692de0,many club-name news string branches
0x006933f0,,predicate: manager availability gate (type 2 vs rep 0x14),manager-ai,NOT_YET_PORTED,,,NO,SIMULATION_RELEVANT,STRUCTURALLY_VERIFIED,decompile 0x006933f0,returns 0 when type==2 and person+0x7f==20
0x00693510,,manager-confidence screen event handler,manager-ai,NOT_YET_PORTED,,,NO,UI_RENDERING,STRUCTURALLY_VERIFIED,decompile 0x00693510,screen dispatch using FUN_007e6b60/005d75b0
0x006959d0,,copy-assignment of manager-offer struct,manager-ai,NON_USEFUL,,,NO,IMPLEMENTATION_ONLY,STRUCTURALLY_VERIFIED,decompile 0x006959d0,field-by-field struct copy operator
0x005e51b0,,human-manager pool constructor,manager-model,NON_USEFUL,,,NO,IMPLEMENTATION_ONLY,STRUCTURALLY_VERIFIED,decompile 0x005e51b0,array-construct 5 sub-records via FUN_0093543f (ctor plumbing)
0x005e5240,,human-slot sub-object constructor,manager-model,NON_USEFUL,,,NO,IMPLEMENTATION_ONLY,STRUCTURALLY_VERIFIED,decompile 0x005e5240,tiny ctor delegating to FUN_0059cad0
0x005e5250,,human-manager pool destructor (frees runtime ptrs + dyn records),manager-model,NON_USEFUL,,,NO,IMPLEMENTATION_ONLY,STRUCTURALLY_VERIFIED,decompile 0x005e5250,frees slot +0x9a59/+0x9a5d/+0xa6e3 then array; Rust models state not this dtor
0x005e6680,,find/insert name in search/training/tactic name-history,manager-model,NOT_YET_PORTED,,,NO,PLAYER_VISIBLE,STRUCTURALLY_VERIFIED,decompile 0x005e6680,strcmpi over history slots then shift+insert; Rust ports the name offsets but not this MRU logic
0x005e7470,,getter: pointer to slot packed block (+0x9a09),manager-model,NON_USEFUL,,,NO,IMPLEMENTATION_ONLY,STRUCTURALLY_VERIFIED,decompile 0x005e7470,per-human index resolve then return field pointer (accessor)
0x005e7670,,getter: pointer to slot runtime_ptr_b (+0x9a5d),manager-model,NON_USEFUL,,,NO,IMPLEMENTATION_ONLY,STRUCTURALLY_VERIFIED,decompile 0x005e7670,accessor returning internal field pointer
0x005e7a80,,getter: pointer to slot array_B (+0x9a9c),manager-model,NON_USEFUL,,,NO,IMPLEMENTATION_ONLY,STRUCTURALLY_VERIFIED,decompile 0x005e7a80,accessor returning internal field pointer
0x005e7c80,,set current managed club id (+0x9ace) with counter maintenance,manager-model,PORTED_PARTIAL,crates/cm-domain/src/human_manager.rs,HumanSlot::set_current_managed_club_id,YES,SIMULATION_RELEVANT,PARTIAL,rust:crates/cm-domain/src/human_manager.rs,field write ported; exe counter mgr[2] +/-1 and UI refresh side-effect not reproduced
0x005e86a0,,set comp_mode[idx] (+0x9b23) with comp_cache populate side-effect,manager-model,PORTED_PARTIAL,crates/cm-domain/src/human_manager.rs,HumanSlot::set_comp_mode,YES,SIMULATION_RELEVANT,PARTIAL,rust:crates/cm-domain/src/human_manager.rs,byte write ported; comp_cache FUN_008815a0 populate for idx==3 explicitly deferred in Rust
0x005e9a70,,remove a 0x1e-byte dyn-record by id across all slots,manager-model,NOT_YET_PORTED,,,NO,PERSISTENCE_RELEVANT,STRUCTURALLY_VERIFIED,decompile 0x005e9a70,array-shift removal of personal dyn-record; Rust dyn_records ops deferred
0x005eabd0,,set ref_id_list[idx] = value on active sub-record,manager-model,PORTED_BEHAVIOURAL,crates/cm-domain/src/human_manager.rs,HumanSlot::set_ref_id_at,YES,PLAYER_VISIBLE,BEHAVIOURALLY_EXACT,rust:crates/cm-domain/src/human_manager.rs,writes sub+0x1e05+idx*4 with selector 1->0 alias; matches Rust set_ref_id_at exactly
0x005ead90,,remove player id from ref_id_list by value (set to -1),manager-model,NOT_YET_PORTED,,,NO,PLAYER_VISIBLE,STRUCTURALLY_VERIFIED,decompile 0x005ead90,linear search-and-clear over 50-entry list; no dedicated Rust symbol
0x005eaf30,,clear ref_id_list[idx] = -1 on active sub-record,manager-model,PORTED_BEHAVIOURAL,crates/cm-domain/src/human_manager.rs,HumanSlot::set_ref_id_at,YES,PLAYER_VISIBLE,BEHAVIOURALLY_EXACT,rust:crates/cm-domain/src/human_manager.rs,"writes -1 at sub+0x1e05+idx*4 with selector alias; equals Rust set_ref_id_at(idx,-1)"
0x005eb0b0,,swap two ref_id_list entries,manager-model,NOT_YET_PORTED,,,NO,PLAYER_VISIBLE,STRUCTURALLY_VERIFIED,decompile 0x005eb0b0,swaps sub+0x1e05 entries idx a/b; no dedicated Rust swap symbol
0x005f5440,,generated global-pointer setter dispatch table,manager-model,NON_USEFUL,,,NO,IMPLEMENTATION_ONLY,STRUCTURALLY_VERIFIED,decompile 0x005f5440,huge if-chain mapping a pointer to one of ~400 DAT_ globals and assigning it (compiler-generated plumbing)
0x007968c0,,PlayerSearch set staff-index field,search,NON_USEFUL,,,NO,IMPLEMENTATION_ONLY,STRUCTURALLY_VERIFIED,decompile 0x007968c0,trivial bounds-checked setter into +0x0
0x00796990,,PlayerSearch set search-type field,search,NON_USEFUL,,,NO,IMPLEMENTATION_ONLY,STRUCTURALLY_VERIFIED,decompile 0x00796990,setter char [0..9] into +4
0x00796a30,,PlayerSearch set mode field,search,NON_USEFUL,,,NO,IMPLEMENTATION_ONLY,STRUCTURALLY_VERIFIED,decompile 0x00796a30,setter char in {1..4} into +0xa
0x00796ad0,,PlayerSearch copy staff name into field,search,NON_USEFUL,,,NO,IMPLEMENTATION_ONLY,STRUCTURALLY_VERIFIED,decompile 0x00796ad0,strcpy staff name via FUN_005276f0
0x00796b20,,PlayerSearch copy label string into field,search,NON_USEFUL,,,NO,IMPLEMENTATION_ONLY,STRUCTURALLY_VERIFIED,decompile 0x00796b20,copies string from FUN_005e7980 into +0x139
0x00796bf0,,PlayerSearch set next-opposition club field,search,NON_USEFUL,,,NO,IMPLEMENTATION_ONLY,STRUCTURALLY_VERIFIED,decompile 0x00796bf0,small state setter with re-resolve
0x00796ca0,,PlayerSearch resolve stored opposition ptr,search,NON_USEFUL,,,NO,IMPLEMENTATION_ONLY,STRUCTURALLY_VERIFIED,decompile 0x00796ca0,getter resolving staff record via stored date
0x00796d10,,PlayerSearch configure target label and params,search,NOT_YET_PORTED,,,NO,PLAYER_VISIBLE,STRUCTURALLY_VERIFIED,decompile 0x00796d10,builds nationality/competition/region/youth/opposition target then runs search
0x007971d0,,PlayerSearch reset filter state,search,NON_USEFUL,,,NO,IMPLEMENTATION_ONLY,STRUCTURALLY_VERIFIED,decompile 0x007971d0,clears search params and frees result list
0x00797320,,PlayerSearch read out 6 search params,search,NON_USEFUL,,,NO,IMPLEMENTATION_ONLY,STRUCTURALLY_VERIFIED,decompile 0x00797320,getter copying params to output pointers
0x00797950,,PlayerSearch result-set membership check,search,NOT_YET_PORTED,,,NO,SIMULATION_RELEVANT,STRUCTURALLY_VERIFIED,decompile 0x00797950,tests if staff already in results via FUN_009354f4
0x00797bc0,,PlayerSearch add player to results,search,NOT_YET_PORTED,,,NO,PLAYER_VISIBLE,STRUCTURALLY_VERIFIED,decompile 0x00797bc0,append staff to results with growth and note attach
0x00797dc0,,PlayerSearch build related-players list,search,NOT_YET_PORTED,,,NO,PLAYER_VISIBLE,STRUCTURALLY_VERIFIED,decompile 0x00797dc0,scans staff pool building squad/transfer candidate results
0x007983a0,,PlayerSearch core execution,search,NOT_YET_PORTED,,,NO,PLAYER_VISIBLE,STRUCTURALLY_VERIFIED,decompile 0x007983a0,scans pool applies filter FUN_007eef30 ranks and fills results
0x007995b0,,PlayerSearch remove entry from results,search,NOT_YET_PORTED,,,NO,SIMULATION_RELEVANT,STRUCTURALLY_VERIFIED,decompile 0x007995b0,swap-remove keyed entry from results collection
0x007997f0,,PlayerSearch clear results and free list,search,NON_USEFUL,,,NO,IMPLEMENTATION_ONLY,STRUCTURALLY_VERIFIED,decompile 0x007997f0,frees results array and note list
0x00799870,,PlayerSearch prune stale results,search,NOT_YET_PORTED,,,NO,SIMULATION_RELEVANT,STRUCTURALLY_VERIFIED,decompile 0x00799870,re-resolves entries and drops invalid ones
0x00799b30,,PlayerSearch deserialize from save,search,NOT_YET_PORTED,,,NO,PERSISTENCE_RELEVANT,STRUCTURALLY_VERIFIED,decompile 0x00799b30,reads PlayerSearch object fields via FUN_00921cc0
0x0079a6b0,,PlayerSearch serialize to save,search,NOT_YET_PORTED,,,NO,PERSISTENCE_RELEVANT,STRUCTURALLY_VERIFIED,decompile 0x0079a6b0,writes PlayerSearch object fields via FUN_00921ea0
0x0079b9b0,,PlayerSearch load saved query file,search,NOT_YET_PORTED,,,NO,PERSISTENCE_RELEVANT,STRUCTURALLY_VERIFIED,decompile 0x0079b9b0,loads saved search filter from DAT_009946ac file
0x0079c170,,PlayerSearch compute player suitability scores,search,NOT_YET_PORTED,,,NO,SIMULATION_RELEVANT,PARTIAL,decompile 0x0079c170,large float scoring over candidates; role clear from head
0x0079df30,,PlayerSearch evaluate player vs criteria,search,NOT_YET_PORTED,,,NO,SIMULATION_RELEVANT,PARTIAL,decompile 0x0079df30,per-player evaluation using many staff fields
0x0079e5f0,,PlayerSearch player scoring/formatting,search,NOT_YET_PORTED,,,NO,SIMULATION_RELEVANT,PARTIAL,decompile 0x0079e5f0,large evaluation routine with double math
0x0079f7e0,,PlayerSearch player-matches-target predicate,search,NOT_YET_PORTED,,,NO,PLAYER_VISIBLE,STRUCTURALLY_VERIFIED,decompile 0x0079f7e0,checks player against nationality/competition/club target
0x0079f9e0,,PlayerSearch copy/clone object,search,NON_USEFUL,,,NO,IMPLEMENTATION_ONLY,STRUCTURALLY_VERIFIED,decompile 0x0079f9e0,copy-ctor: memcpy plus deep-copy of results and sub-object
0x0079fb90,,Scout search-started news message,search,NOT_YET_PORTED,,,NO,PLAYER_VISIBLE,STRUCTURALLY_VERIFIED,decompile 0x0079fb90,builds scout search-started text (region/nation/comp/youth)
0x007a0540,,Scout search-completed news messages,search,NOT_YET_PORTED,,,NO,PLAYER_VISIBLE,STRUCTURALLY_VERIFIED,decompile 0x007a0540,builds scout completed/found/not-found messages
0x007a1910,,Friendly scout report text builder,search,NOT_YET_PORTED,,,NO,PLAYER_VISIBLE,STRUCTURALLY_VERIFIED,decompile 0x007a1910,very large friendly scout-report prose generator
0x007a4dd0,,Player value/price estimate,search,NOT_YET_PORTED,,,NO,SIMULATION_RELEVANT,STRUCTURALLY_VERIFIED,decompile 0x007a4dd0,computes weighted transfer value with wage/rep clamps
0x007a5220,,Load/validate saved search file,search,NOT_YET_PORTED,,,NO,PERSISTENCE_RELEVANT,STRUCTURALLY_VERIFIED,decompile 0x007a5220,"reads file header, checks magic 0x24a9e and version"
0x007a5650,,Populate team recent-results grid,search,NOT_YET_PORTED,,,NO,SIMULATION_RELEVANT,STRUCTURALLY_VERIFIED,decompile 0x007a5650,fills per-club match record ring buffers for comparison
0x007a5a40,,Find-or-insert results-grid slot,search,NON_USEFUL,,,NO,IMPLEMENTATION_ONLY,STRUCTURALLY_VERIFIED,decompile 0x007a5a40,fixed-array find-or-allocate slot by club id
0x007a5b70,,Get nth results-ring entry pointer,search,NON_USEFUL,,,NO,IMPLEMENTATION_ONLY,STRUCTURALLY_VERIFIED,decompile 0x007a5b70,ring-buffer index accessor
0x007a5bb0,,Sum results-ring field +0x16,search,NON_USEFUL,,,NO,IMPLEMENTATION_ONLY,STRUCTURALLY_VERIFIED,decompile 0x007a5bb0,trivial aggregate over ring buffer
0x007a5c00,,Sum results-ring field +0x17,search,NON_USEFUL,,,NO,IMPLEMENTATION_ONLY,STRUCTURALLY_VERIFIED,decompile 0x007a5c00,trivial aggregate over ring buffer
0x007a5c50,,Sum results-ring field +0x18,search,NON_USEFUL,,,NO,IMPLEMENTATION_ONLY,STRUCTURALLY_VERIFIED,decompile 0x007a5c50,trivial aggregate over ring buffer
0x007a5ca0,,Average results-ring field +0x1b,search,NON_USEFUL,,,NO,IMPLEMENTATION_ONLY,STRUCTURALLY_VERIFIED,decompile 0x007a5ca0,trivial average over ring buffer
0x007a5d10,,Player attribute-comparison flag builder,search,NOT_YET_PORTED,,,NO,PLAYER_VISIBLE,STRUCTURALLY_VERIFIED,decompile 0x007a5d10,sets better/worse attribute bitflags via FUN_007a60b0
0x007a60b0,,Attribute/reputation compare predicate,search,NOT_YET_PORTED,,,NO,SIMULATION_RELEVANT,STRUCTURALLY_VERIFIED,decompile 0x007a60b0,compares two players' attribute vs reputation/wage
0x007a6220,,Player descriptive-text builder,search,NOT_YET_PORTED,,,NO,PLAYER_VISIBLE,STRUCTURALLY_VERIFIED,decompile 0x007a6220,assembles player position/quality prose from flag bits
0x007a6980,,qsort comparator (id pair),search,NON_USEFUL,,,NO,IMPLEMENTATION_ONLY,STRUCTURALLY_VERIFIED,decompile 0x007a6980,3-way compare of two int pairs
0x007a69b0,,Scout player-report prose builder,search,NOT_YET_PORTED,,,NO,PLAYER_VISIBLE,STRUCTURALLY_VERIFIED,decompile 0x007a69b0,large scouting report describing a player
0x007a7f10,,Collect players by list-flag 0x400,search,NOT_YET_PORTED,,,NO,SIMULATION_RELEVANT,STRUCTURALLY_VERIFIED,decompile 0x007a7f10,copies staff records where flag 0x400 set (category list)
0x007a7f90,,Collect players by list-flag 0x100,search,NOT_YET_PORTED,,,NO,SIMULATION_RELEVANT,STRUCTURALLY_VERIFIED,decompile 0x007a7f90,copies staff records where flag 0x100 set
0x007a8010,,Collect players by list-flag 0x200,search,NOT_YET_PORTED,,,NO,SIMULATION_RELEVANT,STRUCTURALLY_VERIFIED,decompile 0x007a8010,copies staff records where flag 0x200 set
0x007ecab0,,Search-engine result array destructor,search,NON_USEFUL,,,NO,IMPLEMENTATION_ONLY,STRUCTURALLY_VERIFIED,decompile 0x007ecab0,frees results array at +0x34
0x007ecac0,,Staff text search collect,search,NOT_YET_PORTED,,,NO,PLAYER_VISIBLE,STRUCTURALLY_VERIFIED,decompile 0x007ecac0,"scans staff pool matching text via FUN_007edd40, fills+sorts results"
0x007ecdf0,,Player search with keyword filters,search,NOT_YET_PORTED,,,NO,PLAYER_VISIBLE,STRUCTURALLY_VERIFIED,decompile 0x007ecdf0,special keywords (No Club/Retired/big club/contract) plus name match
0x007ed9f0,,Name-match helper (person subfields A),search,NOT_YET_PORTED,,,NO,PLAYER_VISIBLE,STRUCTURALLY_VERIFIED,decompile 0x007ed9f0,substring match across 5 name-record offsets
0x007eda90,,Name-match helper (subfields B),search,NOT_YET_PORTED,,,NO,PLAYER_VISIBLE,STRUCTURALLY_VERIFIED,decompile 0x007eda90,substring match across 4 offsets
0x007edb10,,Name-match helper (2 fields),search,NOT_YET_PORTED,,,NO,PLAYER_VISIBLE,STRUCTURALLY_VERIFIED,decompile 0x007edb10,substring match first+common name
0x007edb60,,Name-variant match helper,search,NOT_YET_PORTED,,,NO,PLAYER_VISIBLE,STRUCTURALLY_VERIFIED,decompile 0x007edb60,matches text against 7 name-language variants
0x007edcd0,,Name-match helper (3 fields),search,NOT_YET_PORTED,,,NO,PLAYER_VISIBLE,STRUCTURALLY_VERIFIED,decompile 0x007edcd0,substring match across 3 offsets
0x007edd40,,Core substring/word matcher,search,NOT_YET_PORTED,,,NO,PLAYER_VISIBLE,STRUCTURALLY_VERIFIED,decompile 0x007edd40,case/word-split substring search primitive
0x007edf30,,Init default search-filter struct,search,NON_USEFUL,,,NO,IMPLEMENTATION_ONLY,STRUCTURALLY_VERIFIED,decompile 0x007edf30,ctor setting default filter magic and 1..20 ranges
0x007eef30,,Multi-criteria staff filter predicate,search,NOT_YET_PORTED,,,NO,SIMULATION_RELEVANT,STRUCTURALLY_VERIFIED,decompile 0x007eef30,full bitmask filter: nation/club/age/attr/reputation/value ranges
0x007efc70,,Get filter attribute min/max,search,NON_USEFUL,,,NO,IMPLEMENTATION_ONLY,STRUCTURALLY_VERIFIED,decompile 0x007efc70,bounds-checked getter into filter attr arrays
0x005d8d50,,Nation to HoF index dispatch + insert,records,NOT_YET_PORTED,,,NO,SIMULATION_RELEVANT,STRUCTURALLY_VERIFIED,decompile 0x005d8d50,maps nation id to HoF table index then inserts record
0x005d8fe0,,Hall-of-fame record insert/dedup,records,NOT_YET_PORTED,,,NO,SIMULATION_RELEVANT,STRUCTURALLY_VERIFIED,decompile 0x005d8fe0,"builds name/club strings, dedups, stores and re-sorts HoF entry"
0x005d9370,,HoF candidate compare and insert,records,NOT_YET_PORTED,,,NO,SIMULATION_RELEVANT,STRUCTURALLY_VERIFIED,decompile 0x005d9370,dedup by record then threshold-insert into HoF table
0x005d94a0,,Load hall_of_fame.bin,records,NOT_YET_PORTED,,,NO,PERSISTENCE_RELEVANT,STRUCTURALLY_VERIFIED,decompile 0x005d94a0,reads hall_of_fame.bin (magic 0x3abfb2 v1)
0x005d9750,,Load and rebuild hall_of_fame.bin,records,NOT_YET_PORTED,,,NO,PERSISTENCE_RELEVANT,STRUCTURALLY_VERIFIED,decompile 0x005d9750,loads HoF file and reinserts all entries
0x005d9e30,,Export Hall of Fame to text file,records,NOT_YET_PORTED,,,NO,PLAYER_VISIBLE,STRUCTURALLY_VERIFIED,decompile 0x005d9e30,writes formatted Hall of Fame report per nation
0x005da020,,qsort comparator for HoF entries,records,NON_USEFUL,,,NO,IMPLEMENTATION_ONLY,STRUCTURALLY_VERIFIED,decompile 0x005da020,orders HoF entries by value then count
0x005da1c0,,HoF category label lookup,records,NOT_YET_PORTED,,,NO,PLAYER_VISIBLE,STRUCTURALLY_VERIFIED,decompile 0x005da1c0,switch mapping HoF index to league/nation label strings
0x005daa70,,Init HoF nation index array,records,NON_USEFUL,,,NO,IMPLEMENTATION_ONLY,STRUCTURALLY_VERIFIED,decompile 0x005daa70,fills identity index 0..0x1b and sorts
0x0077cc00,,Load notes.dat,notes,NOT_YET_PORTED,,,NO,PERSISTENCE_RELEVANT,STRUCTURALLY_VERIFIED,decompile 0x0077cc00,deserializes 16 note-list slots from notes.dat
0x0077cf20,,Save notes.dat,notes,NOT_YET_PORTED,,,NO,PERSISTENCE_RELEVANT,STRUCTURALLY_VERIFIED,decompile 0x0077cf20,serializes note lists to notes.dat
0x0077d3f0,,Add manager note entry,notes,NOT_YET_PORTED,,,NO,PLAYER_VISIBLE,STRUCTURALLY_VERIFIED,decompile 0x0077d3f0,creates note struct (text/date/reminder) and pushes to list
0x0077d570,,Add note entry with explicit date,notes,NOT_YET_PORTED,,,NO,PLAYER_VISIBLE,STRUCTURALLY_VERIFIED,decompile 0x0077d570,note-add variant taking date/reminder params
0x0077d680,,Remove note by id from list,notes,NOT_YET_PORTED,,,NO,SIMULATION_RELEVANT,STRUCTURALLY_VERIFIED,decompile 0x0077d680,finds and deletes note matching id
0x0077d6f0,,Upsert note (remove then add),notes,NOT_YET_PORTED,,,NO,SIMULATION_RELEVANT,STRUCTURALLY_VERIFIED,decompile 0x0077d6f0,replaces existing note then adds new
0x0077d730,,Upsert note variant (remove then add),notes,NOT_YET_PORTED,,,NO,SIMULATION_RELEVANT,STRUCTURALLY_VERIFIED,decompile 0x0077d730,replace+add note with explicit date
0x0077d7d0,,Format note into display string,notes,NOT_YET_PORTED,,,NO,PLAYER_VISIBLE,STRUCTURALLY_VERIFIED,decompile 0x0077d7d0,builds reminder+date+text display line
0x0077dab0,,Reminder-interval label lookup,notes,NOT_YET_PORTED,,,NO,PLAYER_VISIBLE,STRUCTURALLY_VERIFIED,decompile 0x0077dab0,maps 0/1/2 to No Reminder/One Week/One Month
0x0077dbb0,,Note-category label lookup,notes,NOT_YET_PORTED,,,NO,PLAYER_VISIBLE,STRUCTURALLY_VERIFIED,decompile 0x0077dbb0,maps note category to reminder/category label strings
0x0077de40,,Populate note-edit screen state,notes,NOT_YET_PORTED,,,NO,PLAYER_VISIBLE,STRUCTURALLY_VERIFIED,decompile 0x0077de40,stores note fields into edit-screen scratch via FUN_0076d730
0x0077df70,,Generate secretary note message,notes,NOT_YET_PORTED,,,NO,PLAYER_VISIBLE,STRUCTURALLY_VERIFIED,decompile 0x0077df70,builds club-secretary-made-an-entry news text
0x0077e120,,Note-category applicability predicate,notes,NOT_YET_PORTED,,,NO,SIMULATION_RELEVANT,STRUCTURALLY_VERIFIED,decompile 0x0077e120,tests whether a note category applies to a staff
0x0077e360,,Build Create/Edit Staff Note screen,notes,NOT_YET_PORTED,,,NO,UI_RENDERING,STRUCTURALLY_VERIFIED,decompile 0x0077e360,widget-pool builder for the staff-note edit screen
0x0077ecb0,,Notes screen click dispatcher,notes,NOT_YET_PORTED,,,NO,PLAYER_VISIBLE,STRUCTURALLY_VERIFIED,decompile 0x0077ecb0,handles create/edit/delete/confirm actions on notes screen
0x0050e9d0,,DB person-link relationship index build at load,player-relationships,NOT_YET_PORTED,,,NO,SIMULATION_RELEVANT,PARTIAL,decompile 0x0050e9d0,large loader building cross-record link arrays via operator_new; head-read only
0x00510420,,person relationship link array builder,player-relationships,NOT_YET_PORTED,,,NO,SIMULATION_RELEVANT,PARTIAL,decompile 0x00510420,operator_new link array build over person pool
0x00510ea0,,club-manager link validation scan,player-relationships,NOT_YET_PORTED,,,NO,SIMULATION_RELEVANT,STRUCTURALLY_VERIFIED,decompile 0x00510ea0,scans persons checking +0x39/+0x19f manager link array of 5
0x00511b80,,free name-pool buffer,player-relationships,NON_USEFUL,,,NO,IMPLEMENTATION_ONLY,STRUCTURALLY_VERIFIED,decompile 0x00511b80,GlobalFree of DAT_00acd5ec then null
0x00511bc0,,grow person-link pool 0x1a records,player-relationships,NON_USEFUL,,,NO,IMPLEMENTATION_ONLY,STRUCTURALLY_VERIFIED,decompile 0x00511bc0,realloc + zero-init container growth plumbing
0x00511ce0,,free multiple DB buffers teardown,player-relationships,NON_USEFUL,,,NO,IMPLEMENTATION_ONLY,STRUCTURALLY_VERIFIED,decompile 0x00511ce0,GlobalFree of several DB globals
0x0051c970,,assign favourite/disliked personnel names,player-relationships,NOT_YET_PORTED,,,NO,SIMULATION_RELEVANT,STRUCTURALLY_VERIFIED,decompile 0x0051c970,calls 005237b0/00523d00 pickers and stores name pointers per person
0x0051cbf0,,setup temp record for relationship gen,player-relationships,NOT_YET_PORTED,,,NO,SIMULATION_RELEVANT,PARTIAL,decompile 0x0051cbf0,builds local struct consumed by 0051c970
0x0051d160,,person record copy-assign,player-relationships,NON_USEFUL,,,NO,IMPLEMENTATION_ONLY,STRUCTURALLY_VERIFIED,decompile 0x0051d160,field-by-field copy of ~0x6e byte record
0x0051d280,,generate player friendships/rivalries by attr similarity,player-relationships,NOT_YET_PORTED,,,NO,SIMULATION_RELEVANT,STRUCTURALLY_VERIFIED,decompile 0x0051d280,random pairs compared on reputation/age then flags set
0x0051d510,,bulk relationship/preference generation,player-relationships,NOT_YET_PORTED,,,NO,SIMULATION_RELEVANT,PARTIAL,decompile 0x0051d510,large gen routine; head-read only
0x0051f480,,getter data-version/language global,player-relationships,NON_USEFUL,,,NO,IMPLEMENTATION_ONLY,STRUCTURALLY_VERIFIED,decompile 0x0051f480,returns DAT_009a2054
0x00522710,,per-player attribute-bar computation,player-relationships,NOT_YET_PORTED,,,NO,SIMULATION_RELEVANT,PARTIAL,decompile 0x00522710,uses +0x61 attr record via FUN_00524160
0x00522a10,,per-player attribute computation,player-relationships,NOT_YET_PORTED,,,NO,SIMULATION_RELEVANT,PARTIAL,decompile 0x00522a10,similar to 00522710 variant
0x00522fe0,,per-staff attribute computation,player-relationships,NOT_YET_PORTED,,,NO,SIMULATION_RELEVANT,PARTIAL,decompile 0x00522fe0,uses +0x69 staff record via FUN_00524400
0x005232a0,,build per-person pref index table 0x24 records,player-relationships,NOT_YET_PORTED,,,NO,SIMULATION_RELEVANT,PARTIAL,decompile 0x005232a0,malloc + init sentinel then populate cache feeding pref pickers
0x00523630,,compact person-link pool keeping selected clubs,player-relationships,NON_USEFUL,,,NO,IMPLEMENTATION_ONLY,STRUCTURALLY_VERIFIED,decompile 0x00523630,in-place compaction+realloc of 0x1a records
0x005236e0,,weighted-random favourite personnel pick,player-relationships,NOT_YET_PORTED,,,NO,SIMULATION_RELEVANT,STRUCTURALLY_VERIFIED,decompile 0x005236e0,3-sample max over pool DAT_00acd5f8 0x3c records
0x005237b0,,weighted-random favourite personnel pick,player-relationships,NOT_YET_PORTED,,,NO,SIMULATION_RELEVANT,PARTIAL,decompile 0x005237b0,20-sample max over pool 5f8
0x00523c30,,weighted-random disliked personnel pick,player-relationships,NOT_YET_PORTED,,,NO,SIMULATION_RELEVANT,STRUCTURALLY_VERIFIED,decompile 0x00523c30,3-sample max over pool DAT_00acd5fc
0x00523d00,,weighted-random disliked personnel pick,player-relationships,NOT_YET_PORTED,,,NO,SIMULATION_RELEVANT,PARTIAL,decompile 0x00523d00,20-sample max over pool 5fc
0x00524790,,staff job-code to role label,player-relationships,NOT_YET_PORTED,,,NO,PLAYER_VISIBLE,STRUCTURALLY_VERIFIED,decompile 0x00524790,switch returns Manager/Assistant Manager/Coach strings
0x005254f0,,relationship link accessor by type,player-relationships,NOT_YET_PORTED,,,NO,SIMULATION_RELEVANT,STRUCTURALLY_VERIFIED,decompile 0x005254f0,switch param_2 reads person link offsets
0x00525860,,add person relationship link,player-relationships,NOT_YET_PORTED,,,NO,SIMULATION_RELEVANT,PARTIAL,decompile 0x00525860,writes link by relationship type
0x00525ce0,,add person relationship link variant,player-relationships,NOT_YET_PORTED,,,NO,SIMULATION_RELEVANT,STRUCTURALLY_VERIFIED,decompile 0x00525ce0,type-gated link write
0x005260e0,,iterate squad relationships,player-relationships,NOT_YET_PORTED,,,NO,SIMULATION_RELEVANT,PARTIAL,decompile 0x005260e0,scans +0xd7 squad via FUN_0052a5a0/004d5b00
0x00526500,,count person relationships,player-relationships,NOT_YET_PORTED,,,NO,SIMULATION_RELEVANT,STRUCTURALLY_VERIFIED,decompile 0x00526500,counts non-null links at +0x1cf plus club links
0x00526780,,copy 5 favourite links out,player-relationships,NOT_YET_PORTED,,,NO,SIMULATION_RELEVANT,STRUCTURALLY_VERIFIED,decompile 0x00526780,reads +0x19f link array
0x005268b0,,copy 7 disliked links out,player-relationships,NOT_YET_PORTED,,,NO,SIMULATION_RELEVANT,STRUCTURALLY_VERIFIED,decompile 0x005268b0,reads +0x1b3 link array
0x00526a30,,language-code to language name label,player-relationships,NOT_YET_PORTED,,,NO,PLAYER_VISIBLE,STRUCTURALLY_VERIFIED,decompile 0x00526a30,switch maps code to language string
0x00527320,,predicate on person contract flag,player-relationships,NOT_YET_PORTED,,,NO,SIMULATION_RELEVANT,STRUCTURALLY_VERIFIED,decompile 0x00527320,checks +0x53 then +0x7f==2
0x00527450,,competition-membership predicate set 1,player-relationships,NOT_YET_PORTED,,,NO,SIMULATION_RELEVANT,STRUCTURALLY_VERIFIED,decompile 0x00527450,tests comp id against 5 DAT globals
0x00527490,,competition-membership predicate set 2,player-relationships,NOT_YET_PORTED,,,NO,SIMULATION_RELEVANT,STRUCTURALLY_VERIFIED,decompile 0x00527490,tests comp id against 5 DAT globals
0x00527e30,,person name string formatter,player-relationships,NOT_YET_PORTED,,,NO,PLAYER_VISIBLE,PARTIAL,decompile 0x00527e30,builds formatted name by mode switch; head-read
0x00528600,,person name string formatter variant,player-relationships,NOT_YET_PORTED,,,NO,PLAYER_VISIBLE,PARTIAL,decompile 0x00528600,formats name from person record; head-read
0x00529bd0,,name sort comparator,player-relationships,NOT_YET_PORTED,,,NO,PLAYER_VISIBLE,STRUCTURALLY_VERIFIED,decompile 0x00529bd0,copies names to buffers for comparison
0x00529c80,,person comparator by DOB,player-relationships,NOT_YET_PORTED,,,NO,SIMULATION_RELEVANT,STRUCTURALLY_VERIFIED,decompile 0x00529c80,compares +0x10 date fields returns -1/0/1
0x00529dc0,,localized name comparator,player-relationships,NOT_YET_PORTED,,,NO,PLAYER_VISIBLE,STRUCTURALLY_VERIFIED,decompile 0x00529dc0,builds localized name strings via 005276f0 then compares
0x0052a070,,competition to language/region code map,player-relationships,NOT_YET_PORTED,,,NO,SIMULATION_RELEVANT,STRUCTURALLY_VERIFIED,decompile 0x0052a070,maps comp id to small region/language code
0x0052a2d0,,sort comparator by fields +4/+8,player-relationships,NOT_YET_PORTED,,,NO,SIMULATION_RELEVANT,STRUCTURALLY_VERIFIED,decompile 0x0052a2d0,qsort comparator on two record fields
0x0052b9b0,,set has-contract flag and squad experience analysis,player-relationships,NOT_YET_PORTED,,,NO,SIMULATION_RELEVANT,PARTIAL,decompile 0x0052b9b0,sets +0x244 and counts experienced squad members
0x0052bc50,,relationship add/query with type switch,player-relationships,NOT_YET_PORTED,,,NO,SIMULATION_RELEVANT,PARTIAL,decompile 0x0052bc50,multi-mode relationship read/write
0x0052cf90,,player interaction dispatch,player-relationships,NOT_YET_PORTED,,,NO,SIMULATION_RELEVANT,STRUCTURALLY_VERIFIED,decompile 0x0052cf90,dispatches to 0052d090/0052cdd0 relationship handlers
0x0052d660,,coaching-attribute name label 1..12,player-relationships,NOT_YET_PORTED,,,NO,PLAYER_VISIBLE,STRUCTURALLY_VERIFIED,decompile 0x0052d660,switch returns Adaptability/Coaching labels
0x0052db20,,coaching-category rating value getter,player-relationships,NOT_YET_PORTED,,,NO,SIMULATION_RELEVANT,STRUCTURALLY_VERIFIED,decompile 0x0052db20,switch computes coaching value per category 1..12
0x0052e220,,competition-membership predicate set 3,player-relationships,NOT_YET_PORTED,,,NO,SIMULATION_RELEVANT,STRUCTURALLY_VERIFIED,decompile 0x0052e220,tests comp id against 5 DAT globals
0x0052e410,,free-agent predicate,player-relationships,NOT_YET_PORTED,,,NO,SIMULATION_RELEVANT,STRUCTURALLY_VERIFIED,decompile 0x0052e410,true when person has no club link via 0052a5a0
0x0052e4c0,,prune squad relationship links to limit,player-relationships,NOT_YET_PORTED,,,NO,SIMULATION_RELEVANT,STRUCTURALLY_VERIFIED,decompile 0x0052e4c0,caps squad links at 0x32 removing excess via 00525ce0
0x0052e7c0,,gather related staff persons into array,player-relationships,NOT_YET_PORTED,,,NO,SIMULATION_RELEVANT,STRUCTURALLY_VERIFIED,decompile 0x0052e7c0,collects links from +0xbf/+0xc3/+0xcf/+0xd3
0x0052ea80,,free 8 buffers dtor-like,player-relationships,NON_USEFUL,,,NO,IMPLEMENTATION_ONLY,STRUCTURALLY_VERIFIED,decompile 0x0052ea80,frees pointers at +0x20..+0x3c
0x0052eb10,,load eng.lng collation table,player-relationships,NON_USEFUL,,,NO,IMPLEMENTATION_ONLY,STRUCTURALLY_VERIFIED,decompile 0x0052eb10,reads locale weighting file and byte-swaps
0x0052ef40,,locale collation-key accessor,player-relationships,NON_USEFUL,,,NO,IMPLEMENTATION_ONLY,STRUCTURALLY_VERIFIED,decompile 0x0052ef40,lazy-inits 0x40 collation object returns key ptr
0x0052f1f0,,locale collation-key accessor,player-relationships,NON_USEFUL,,,NO,IMPLEMENTATION_ONLY,STRUCTURALLY_VERIFIED,decompile 0x0052f1f0,lazy-init collation object variant
0x0052f2c0,,locale collation-key accessor,player-relationships,NON_USEFUL,,,NO,IMPLEMENTATION_ONLY,STRUCTURALLY_VERIFIED,decompile 0x0052f2c0,lazy-init collation object offset 0xe
0x0052f4e0,,locale collation-key accessor,player-relationships,NON_USEFUL,,,NO,IMPLEMENTATION_ONLY,STRUCTURALLY_VERIFIED,decompile 0x0052f4e0,lazy-init collation object variant
0x0052f910,,build and sort position-priority index,player-relationships,NOT_YET_PORTED,,,NO,SIMULATION_RELEVANT,STRUCTURALLY_VERIFIED,decompile 0x0052f910,init 1..14 then sort via callback keyed by param
0x0052f9e0,,compute reputation/value from contract and cache,player-relationships,NOT_YET_PORTED,,,NO,SIMULATION_RELEVANT,PARTIAL,decompile 0x0052f9e0,derives value from +0x57 link and league cache
0x0052fd90,,build player position abbreviation string,player-relationships,NOT_YET_PORTED,,,NO,PLAYER_VISIBLE,PARTIAL,decompile 0x0052fd90,concatenates goalkeeper/sweeper etc by position bitmask
0x00530180,,player descriptor label,player-relationships,NOT_YET_PORTED,,,NO,PLAYER_VISIBLE,PARTIAL,decompile 0x00530180,emits veteran and similar descriptors by flags
0x00530690,,compute position aptitude bitfield,player-relationships,NOT_YET_PORTED,,,NO,SIMULATION_RELEVANT,STRUCTURALLY_VERIFIED,decompile 0x00530690,derives position mask from attr record at +0x61
0x00530cb0,,compute position aptitude score,player-relationships,NOT_YET_PORTED,,,NO,SIMULATION_RELEVANT,PARTIAL,decompile 0x00530cb0,scores positions from attributes; head-read
0x00531c70,,gather up to 3 links from +0x65,player-relationships,NOT_YET_PORTED,,,NO,SIMULATION_RELEVANT,STRUCTURALLY_VERIFIED,decompile 0x00531c70,collects related record links into array
0x00531d30,,count squad players matching category,player-relationships,NOT_YET_PORTED,,,NO,SIMULATION_RELEVANT,STRUCTURALLY_VERIFIED,decompile 0x00531d30,scans +0xd7 comparing FUN_00531d80 result to param
0x00531ed0,,build positional role descriptive label,player-relationships,NOT_YET_PORTED,,,NO,PLAYER_VISIBLE,PARTIAL,decompile 0x00531ed0,maps position bitmask to descriptive role text
0x005323b0,,predicate on person club-type +0x53,player-relationships,NOT_YET_PORTED,,,NO,SIMULATION_RELEVANT,STRUCTURALLY_VERIFIED,decompile 0x005323b0,tests +0x53 head against 3 DAT globals
0x005323f0,,player mentoring/interaction eligibility,player-relationships,NOT_YET_PORTED,,,NO,SIMULATION_RELEVANT,PARTIAL,decompile 0x005323f0,eligibility gate via 00536990/004d5a20
0x00532980,,find best mentor/partner in squad,player-relationships,NOT_YET_PORTED,,,NO,SIMULATION_RELEVANT,PARTIAL,decompile 0x00532980,scans +0xd7 squad scoring candidates
0x00532ce0,,squad-need predicate fitness gated,player-relationships,NOT_YET_PORTED,,,NO,SIMULATION_RELEVANT,STRUCTURALLY_VERIFIED,decompile 0x00532ce0,counts squad members over reputation threshold
0x00532de0,,squad-need predicate attackers,player-relationships,NOT_YET_PORTED,,,NO,SIMULATION_RELEVANT,STRUCTURALLY_VERIFIED,decompile 0x00532de0,true when more than 2 attacking players
0x00532ea0,,squad-need predicate,player-relationships,NOT_YET_PORTED,,,NO,SIMULATION_RELEVANT,STRUCTURALLY_VERIFIED,decompile 0x00532ea0,fitness-gated squad reputation count
0x00532fa0,,squad-need predicate,player-relationships,NOT_YET_PORTED,,,NO,SIMULATION_RELEVANT,STRUCTURALLY_VERIFIED,decompile 0x00532fa0,true when more than 4 qualifying members
0x00533050,,squad-has natural-fitness player predicate,player-relationships,NOT_YET_PORTED,,,NO,SIMULATION_RELEVANT,STRUCTURALLY_VERIFIED,decompile 0x00533050,scans squad for attr +0xf==0x14
0x005330b0,,squad-count predicate attr 0x15,player-relationships,NOT_YET_PORTED,,,NO,SIMULATION_RELEVANT,STRUCTURALLY_VERIFIED,decompile 0x005330b0,counts members over reputation+attr thresholds
0x00533190,,squad-count predicate attr 0x11,player-relationships,NOT_YET_PORTED,,,NO,SIMULATION_RELEVANT,STRUCTURALLY_VERIFIED,decompile 0x00533190,counts members over reputation+attr thresholds
0x00533270,,squad-count predicate attr 0x11/0x36,player-relationships,NOT_YET_PORTED,,,NO,SIMULATION_RELEVANT,STRUCTURALLY_VERIFIED,decompile 0x00533270,counts members over reputation+attr thresholds
0x00533350,,squad-count predicate attr 0x15/0x36,player-relationships,NOT_YET_PORTED,,,NO,SIMULATION_RELEVANT,STRUCTURALLY_VERIFIED,decompile 0x00533350,counts members over reputation+attr thresholds
0x00533430,,squad-count predicate attacking attrs,player-relationships,NOT_YET_PORTED,,,NO,SIMULATION_RELEVANT,STRUCTURALLY_VERIFIED,decompile 0x00533430,counts members meeting attacking attribute gates
0x00533520,,squad-count predicate attacking attrs,player-relationships,NOT_YET_PORTED,,,NO,SIMULATION_RELEVANT,STRUCTURALLY_VERIFIED,decompile 0x00533520,counts members meeting attacking attribute gates
0x00533610,,rank squad players quality metric,player-relationships,NOT_YET_PORTED,,,NO,SIMULATION_RELEVANT,PARTIAL,decompile 0x00533610,builds sorted squad list and derives a metric
0x005338d0,,add manager-staff relationship link,player-relationships,NOT_YET_PORTED,,,NO,SIMULATION_RELEVANT,STRUCTURALLY_VERIFIED,decompile 0x005338d0,writes into 0x4f-record link table DAT_00acdf0c
0x00533940,,remove relationship link,player-relationships,NOT_YET_PORTED,,,NO,SIMULATION_RELEVANT,STRUCTURALLY_VERIFIED,decompile 0x00533940,clears matching entry in 0x4f link table
0x005339b0,,get related person record,player-relationships,NOT_YET_PORTED,,,NO,SIMULATION_RELEVANT,STRUCTURALLY_VERIFIED,decompile 0x005339b0,resolves linked person from 0x4f table to 0x6e record
0x00533a80,,competition-membership predicate set 4,player-relationships,NOT_YET_PORTED,,,NO,SIMULATION_RELEVANT,STRUCTURALLY_VERIFIED,decompile 0x00533a80,tests comp id against 6 DAT globals
0x004cdef0,,staff/contract weekly renewal frontier,contracts,PORTED_PARTIAL,crates/cm-domain/src/lib.rs,plan_transfer_contract_formula_mutations,YES,SIMULATION_RELEVANT,PARTIAL,rust:crates/cm-domain/src/lib.rs,9073B renewal frontier; only date-window ladder + status=(s&0xc1)|1 subset reproduced as formula mutations
0x004d0390,,contract decision-list append (growable 0x15-byte array),contracts,NOT_YET_PORTED,,,NO,SIMULATION_RELEVANT,STRUCTURALLY_VERIFIED,decompile 0x004d0390,manual vector growth of decision records; not ported
0x004d05f0,,contract decision-list remove/compact,contracts,NOT_YET_PORTED,,,NO,SIMULATION_RELEVANT,STRUCTURALLY_VERIFIED,decompile 0x004d05f0,removes matching decision rows and compacts
0x004d1d90,,contract-active predicate (state 1-4 with club set),contracts,NOT_YET_PORTED,,,NO,SIMULATION_RELEVANT,STRUCTURALLY_VERIFIED,decompile 0x004d1d90,returns 0 when +0x3d in {1..4} and +0x39!=0
0x004d1f50,,contract-type classifier (transfer/loan status set),contracts,NOT_YET_PORTED,,,NO,SIMULATION_RELEVANT,STRUCTURALLY_VERIFIED,decompile 0x004d1f50,membership test over contract-type codes
0x004d2150,,contract offer register/deregister across clubs,contracts,NOT_YET_PORTED,,,NO,SIMULATION_RELEVANT,STRUCTURALLY_VERIFIED,decompile 0x004d2150,squad reg/dereg via 0x00881910 + status bit 0x40 flips
0x004d24e0,,offer-approach wrapper (contract type 1/3),contracts,NOT_YET_PORTED,,,NO,SIMULATION_RELEVANT,STRUCTURALLY_VERIFIED,decompile 0x004d24e0,thin dispatch to 0x004d2150
0x004d2520,,offer-approach wrapper (contract type 2/4),contracts,NOT_YET_PORTED,,,NO,SIMULATION_RELEVANT,STRUCTURALLY_VERIFIED,decompile 0x004d2520,thin dispatch to 0x004d2150
0x004d2700,,staff morale getter (+0x61 +0x45),contracts,NON_USEFUL,,,NO,IMPLEMENTATION_ONLY,STRUCTURALLY_VERIFIED,decompile 0x004d2700,trivial byte getter
0x004d27d0,,staff morale-diff comparison label formatter,contracts,NOT_YET_PORTED,,,NO,PLAYER_VISIBLE,STRUCTURALLY_VERIFIED,decompile 0x004d27d0,Better/Marginal/Same/Superior morale text
0x004d2d60,,player-interest list check + reputation gate,contracts,NOT_YET_PORTED,,,NO,SIMULATION_RELEVANT,STRUCTURALLY_VERIFIED,decompile 0x004d2d60,sets +0x62 flag; calls 0x004d3660; reputation compare
0x004d30d0,,contract event status update + news trigger,contracts,NOT_YET_PORTED,,,NO,SIMULATION_RELEVANT,STRUCTURALLY_VERIFIED,decompile 0x004d30d0,status=(s&0xc7)|7; dispatches 0x004e11f0 news
0x004d3660,,contract morale/decision date update (random),contracts,NOT_YET_PORTED,,,NO,SIMULATION_RELEVANT,STRUCTURALLY_VERIFIED,decompile 0x004d3660,random-driven decision date/morale adjust
0x004d3b00,,contract decision push w/ probability + array growth,contracts,NOT_YET_PORTED,,,NO,SIMULATION_RELEVANT,STRUCTURALLY_VERIFIED,decompile 0x004d3b00,probability-weighted decision record append
0x004d3df0,,expire stale contract decisions,contracts,NOT_YET_PORTED,,,NO,SIMULATION_RELEVANT,STRUCTURALLY_VERIFIED,decompile 0x004d3df0,iterates decisions; calls 0x004d4910
0x004d4910,,contract decision financial/wage evaluation (x87),contracts,NOT_YET_PORTED,,,NO,SIMULATION_RELEVANT,PARTIAL,decompile 0x004d4910,double/float10 contract-value math (read decl+body head)
0x004d5990,,remove club-list node by id,contracts,NON_USEFUL,,,NO,IMPLEMENTATION_ONLY,STRUCTURALLY_VERIFIED,decompile 0x004d5990,linked-list erase plumbing
0x004d5b50,,contract record write-back into 0x50-byte pool (offer accept),contracts,NOT_YET_PORTED,,,NO,SIMULATION_RELEVANT,STRUCTURALLY_VERIFIED,decompile 0x004d5b50,0x50-byte record copy + status merge + pool growth
0x004d6610,,contract transfer completion register into new club,contracts,NOT_YET_PORTED,,,NO,SIMULATION_RELEVANT,STRUCTURALLY_VERIFIED,decompile 0x004d6610,moves player record into destination club pool
0x004d6c10,,contract cancel / free-transfer teardown,contracts,NOT_YET_PORTED,,,NO,SIMULATION_RELEVANT,STRUCTURALLY_VERIFIED,decompile 0x004d6c10,dereg + reassign contract holder club
0x004d7000,,clear side-state contract index (+4),contracts,NON_USEFUL,,,NO,IMPLEMENTATION_ONLY,STRUCTURALLY_VERIFIED,decompile 0x004d7000,trivial index reset to -1
0x004da500,,player valuation cap wrapper (base/deep/midpoint by class),contracts,PORTED_BEHAVIOURAL,crates/cm-domain/src/lib.rs,plan_transfer_contract_formula_mutations,YES,SIMULATION_RELEVANT,BEHAVIOURALLY_EXACT,rust:crates/cm-domain/src/lib.rs,player_value_cap_wrapper mutation; release-cap clamp + class-nibble select reproduced
0x004da890,,should-offer-new-contract predicate,contracts,NOT_YET_PORTED,,,NO,SIMULATION_RELEVANT,STRUCTURALLY_VERIFIED,decompile 0x004da890,flag/age/reputation gate returns 0/1
0x004daa60,,contract wage re-estimate loop (0x0084f7e0),contracts,NOT_YET_PORTED,,,NO,SIMULATION_RELEVANT,STRUCTURALLY_VERIFIED,decompile 0x004daa60,iterates wage estimate to target ratio band
0x004db1e0,,contract offer/negotiation main evaluator,contracts,NOT_YET_PORTED,,,NO,SIMULATION_RELEVANT,PARTIAL,decompile 0x004db1e0,5357B negotiation logic (decl read; large)
0x004dc6d0,,contract news item build (type 0xbc4),contracts,NOT_YET_PORTED,,,NO,PLAYER_VISIBLE,STRUCTURALLY_VERIFIED,decompile 0x004dc6d0,news builder via 0x00763b90/0x0076d730/0x0076e180
0x004dc7b0,,contract news formatter,contracts,NOT_YET_PORTED,,,NO,PLAYER_VISIBLE,STRUCTURALLY_VERIFIED,decompile 0x004dc7b0,reads news fields via 0x0076d7d0; formats string
0x004dcbf0,,contract news formatter (approach variants),contracts,NOT_YET_PORTED,,,NO,PLAYER_VISIBLE,STRUCTURALLY_VERIFIED,decompile 0x004dcbf0,multi-variant approach news text
0x004dd0d0,,contract news formatter (join/leave club),contracts,NOT_YET_PORTED,,,NO,PLAYER_VISIBLE,STRUCTURALLY_VERIFIED,decompile 0x004dd0d0,join/leave club news text
0x004dd3a0,,contract decision date/eligibility logic,contracts,NOT_YET_PORTED,,,NO,SIMULATION_RELEVANT,PARTIAL,decompile 0x004dd3a0,date-math contract logic (decl+head read)
0x004dd960,,contract news formatter (large),contracts,NOT_YET_PORTED,,,NO,PLAYER_VISIBLE,PARTIAL,decompile 0x004dd960,string-building news formatter (head read)
0x004de7f0,,auto contract-renewal decision (deep-value gate),contracts,NOT_YET_PORTED,,,NO,SIMULATION_RELEVANT,STRUCTURALLY_VERIFIED,decompile 0x004de7f0,calls 0x004d79c0 valuation; dispatches news
0x004deb70,,contract news formatter,contracts,NOT_YET_PORTED,,,NO,PLAYER_VISIBLE,STRUCTURALLY_VERIFIED,decompile 0x004deb70,reads news fields via 0x0076d7d0; formats string
0x004df5a0,,contract news build (type 0xbc0),contracts,NOT_YET_PORTED,,,NO,PLAYER_VISIBLE,STRUCTURALLY_VERIFIED,decompile 0x004df5a0,news builder
0x004df720,,contract news formatter (happy/unhappy),contracts,NOT_YET_PORTED,,,NO,PLAYER_VISIBLE,STRUCTURALLY_VERIFIED,decompile 0x004df720,happiness news text
0x004df980,,contract news build (type 0xbc1),contracts,NOT_YET_PORTED,,,NO,PLAYER_VISIBLE,STRUCTURALLY_VERIFIED,decompile 0x004df980,news builder
0x004e00c0,,contract news build (type 0xbc2),contracts,NOT_YET_PORTED,,,NO,PLAYER_VISIBLE,STRUCTURALLY_VERIFIED,decompile 0x004e00c0,news builder
0x004e02d0,,contract news formatter (squad-status promise),contracts,NOT_YET_PORTED,,,NO,PLAYER_VISIBLE,STRUCTURALLY_VERIFIED,decompile 0x004e02d0,key/regular/squad-member promise news text
0x004e06d0,,contract news build/dispatch (type 0xbb9),contracts,NOT_YET_PORTED,,,NO,PLAYER_VISIBLE,STRUCTURALLY_VERIFIED,decompile 0x004e06d0,referenced only in main.rs outcomes string; not ported
0x004e0b40,,contract news formatter (staff),contracts,NOT_YET_PORTED,,,NO,PLAYER_VISIBLE,STRUCTURALLY_VERIFIED,decompile 0x004e0b40,staff contract news text
0x004e0f20,,contract news build (type 0xbbc),contracts,NOT_YET_PORTED,,,NO,PLAYER_VISIBLE,STRUCTURALLY_VERIFIED,decompile 0x004e0f20,news builder
0x004e1000,,contract news formatter,contracts,NOT_YET_PORTED,,,NO,PLAYER_VISIBLE,STRUCTURALLY_VERIFIED,decompile 0x004e1000,news text formatter
0x004e11f0,,contract news build (type 0xfb8),contracts,NOT_YET_PORTED,,,NO,PLAYER_VISIBLE,STRUCTURALLY_VERIFIED,decompile 0x004e11f0,news builder
0x004e1420,,contract news formatter (two-club transfer),contracts,NOT_YET_PORTED,,,NO,PLAYER_VISIBLE,STRUCTURALLY_VERIFIED,decompile 0x004e1420,two-club transfer news text
0x004e1700,,CONTRACT_MANAGER::load_from_disk (contract.dat),contracts,NOT_YET_PORTED,,,NO,PERSISTENCE_RELEVANT,STRUCTURALLY_VERIFIED,decompile 0x004e1700,binary contract.dat reader; Rust uses own streaming-JSON save/load
0x004e24e0,,CONTRACT_MANAGER::save_to_disk (contract.dat),contracts,NOT_YET_PORTED,,,NO,PERSISTENCE_RELEVANT,STRUCTURALLY_VERIFIED,decompile 0x004e24e0,cited in claims.json as save-format evidence (0x004e24e0-savfmt); binary writer not reimplemented
0x004e2a50,,contract decision qsort comparator,contracts,NON_USEFUL,,,NO,IMPLEMENTATION_ONLY,STRUCTURALLY_VERIFIED,decompile 0x004e2a50,sort comparator callback
0x008476b0,,staff contract-offer record initializer,contracts,NOT_YET_PORTED,,,NO,SIMULATION_RELEVANT,STRUCTURALLY_VERIFIED,decompile 0x008476b0,builds offer record; value*pct/100; sets aptitude byte +0x4f
0x008488f0,,contract flag/index setter,contracts,NON_USEFUL,,,NO,IMPLEMENTATION_ONLY,STRUCTURALLY_VERIFIED,decompile 0x008488f0,trivial field setter
0x00848920,,contract array element setter (+0x10+i*4),contracts,NON_USEFUL,,,NO,IMPLEMENTATION_ONLY,STRUCTURALLY_VERIFIED,decompile 0x00848920,trivial setter
0x00848930,,contract byte clear setter,contracts,NON_USEFUL,,,NO,IMPLEMENTATION_ONLY,STRUCTURALLY_VERIFIED,decompile 0x00848930,trivial setter
0x00848940,,contract array element reset to -1,contracts,NON_USEFUL,,,NO,IMPLEMENTATION_ONLY,STRUCTURALLY_VERIFIED,decompile 0x00848940,trivial setter
0x00848a90,,release-clause type label formatter,contracts,NOT_YET_PORTED,,,NO,PLAYER_VISIBLE,STRUCTURALLY_VERIFIED,decompile 0x00848a90,clause-type string switch
0x00848b40,,contract-expired predicate ((s&0x3f)==3),contracts,NON_USEFUL,,,NO,IMPLEMENTATION_ONLY,STRUCTURALLY_VERIFIED,decompile 0x00848b40,trivial predicate
0x00848b80,,contract status expiry/rolling/free label formatter,contracts,NOT_YET_PORTED,,,NO,PLAYER_VISIBLE,STRUCTURALLY_VERIFIED,decompile 0x00848b80,month/year + Expired/Rolling/Free text
0x0084b830,,staff release/wage value calc with min clamp 55,contracts,NOT_YET_PORTED,,,NO,SIMULATION_RELEVANT,PARTIAL,decompile 0x0084b830,calls 0x0084b870; clamps result >=0x37
0x0084f5d0,,staff approach-interest evaluator (returns 1/2/3),contracts,NOT_YET_PORTED,,,NO,SIMULATION_RELEVANT,STRUCTURALLY_VERIFIED,decompile 0x0084f5d0,wage-estimate ratio + condition gate
0x0084f7e0,,staff wage/value estimate (x87 date-scaled),contracts,NOT_YET_PORTED,,,NO,SIMULATION_RELEVANT,STRUCTURALLY_VERIFIED,decompile 0x0084f7e0,float wage estimate with age/date scaling
0x0084fe90,,reset staff contract side-state fields,contracts,NOT_YET_PORTED,,,NO,SIMULATION_RELEVANT,STRUCTURALLY_VERIFIED,decompile 0x0084fe90,clears +0x45/+0x4e; recomputes +0x4f aptitude
0x0084ff10,,staff wants-to-leave / unhappiness evaluator,contracts,NOT_YET_PORTED,,,NO,SIMULATION_RELEVANT,STRUCTURALLY_VERIFIED,decompile 0x0084ff10,large flag/attribute predicate returns 0/1
0x008501f0,,staff contract flags clear/reprocess,contracts,NOT_YET_PORTED,,,NO,SIMULATION_RELEVANT,STRUCTURALLY_VERIFIED,decompile 0x008501f0,clears +0x45 request bits recursively
0x008506b0,,staff contract status-flag set + reaction dispatch,contracts,NOT_YET_PORTED,,,NO,SIMULATION_RELEVANT,STRUCTURALLY_VERIFIED,decompile 0x008506b0,sets +0x45 bits; triggers 0x004de7f0 renewal
0x00850950,,bonus-type label formatter,contracts,NOT_YET_PORTED,,,NO,PLAYER_VISIBLE,STRUCTURALLY_VERIFIED,decompile 0x00850950,Goal/Assist/Clean Sheet Bonus text
0x008509b0,,release-clause type label formatter (non-thiscall dup),contracts,NOT_YET_PORTED,,,NO,PLAYER_VISIBLE,STRUCTURALLY_VERIFIED,decompile 0x008509b0,clause-type string switch
0x00850a50,,clause applicability predicate (staff/player role),contracts,NON_USEFUL,,,NO,IMPLEMENTATION_ONLY,STRUCTURALLY_VERIFIED,decompile 0x00850a50,trivial predicate on +0x61 +0xf
0x00850a80,,clause-eligibility predicate (vtable-based),contracts,NOT_YET_PORTED,,,NO,SIMULATION_RELEVANT,STRUCTURALLY_VERIFIED,decompile 0x00850a80,switch over clause types via vtable calls
0x00850b20,,clause value scale by game-mode (0x0043ff30),contracts,NOT_YET_PORTED,,,NO,SIMULATION_RELEVANT,STRUCTURALLY_VERIFIED,decompile 0x00850b20,difficulty-flag scaling of value +0xc
0x00850c00,,clause value scale by game-mode (0x0043ffd0),contracts,NOT_YET_PORTED,,,NO,SIMULATION_RELEVANT,STRUCTURALLY_VERIFIED,decompile 0x00850c00,difficulty-flag scaling of value +0xc
0x008d2750,,transfer offer-list load (stream deserialize + enqueue),transfer,NOT_YET_PORTED,,,NO,PERSISTENCE_RELEVANT,STRUCTURALLY_VERIFIED,decompile 0x008d2750,documented in transfer_contract_formula_lift_map (lib.rs) but no behavioural reproduction; binary loader
0x008d2af0,,transfer offer-list save (stream serialize),transfer,NOT_YET_PORTED,,,NO,PERSISTENCE_RELEVANT,STRUCTURALLY_VERIFIED,decompile 0x008d2af0,binary writer; Rust uses own streaming-JSON save/load
0x008d47d0,,transfer offer object initializer,transfer,NON_USEFUL,,,NO,IMPLEMENTATION_ONLY,STRUCTURALLY_VERIFIED,decompile 0x008d47d0,ctor: default offer fields
0x008d4eb0,,offer total getter (+0x35 + +0x3a),transfer,NON_USEFUL,,,NO,IMPLEMENTATION_ONLY,STRUCTURALLY_VERIFIED,decompile 0x008d4eb0,trivial sum getter
0x008d4ed0,,offer status lookup by id in list,transfer,NON_USEFUL,,,NO,IMPLEMENTATION_ONLY,STRUCTURALLY_VERIFIED,decompile 0x008d4ed0,list accessor returning status byte
0x008d4f30,,transfer offer terms equality compare,transfer,NOT_YET_PORTED,,,NO,SIMULATION_RELEVANT,STRUCTURALLY_VERIFIED,decompile 0x008d4f30,offer-diff comparison over fee/wage/clauses
0x008d5160,,remove player from offer list + adjust value,transfer,NOT_YET_PORTED,,,NO,SIMULATION_RELEVANT,STRUCTURALLY_VERIFIED,decompile 0x008d5160,erase node; recompute value via 0x004d7090; decrement counter
0x008d52b0,,offer node lookup by id,transfer,NON_USEFUL,,,NO,IMPLEMENTATION_ONLY,STRUCTURALLY_VERIFIED,decompile 0x008d52b0,list accessor
0x008d5460,,offer/negotiation object initializer,transfer,NON_USEFUL,,,NO,IMPLEMENTATION_ONLY,STRUCTURALLY_VERIFIED,decompile 0x008d5460,ctor sets vtable + defaults
0x008d5500,,offer object destructor,transfer,NON_USEFUL,,,NO,IMPLEMENTATION_ONLY,STRUCTURALLY_VERIFIED,decompile 0x008d5500,dtor
0x008d5520,,transfer squad-depth eligibility check (position count),transfer,NOT_YET_PORTED,,,NO,SIMULATION_RELEVANT,STRUCTURALLY_VERIFIED,decompile 0x008d5520,counts eligible players vs limit; returns 0x14/0x15/9
0x008d57c0,,transfer squad-depth check variant,transfer,NOT_YET_PORTED,,,NO,SIMULATION_RELEVANT,STRUCTURALLY_VERIFIED,decompile 0x008d57c0,counts position-eligible players before allowing sale
0x008d5a20,,transfer eligibility/reason resolver (loan/contract/nation),transfer,NOT_YET_PORTED,,,NO,SIMULATION_RELEVANT,STRUCTURALLY_VERIFIED,decompile 0x008d5a20,returns reason codes 0/3/0xa/0xb
0x008d5b90,,contract expiry month/year for offer display,transfer,NOT_YET_PORTED,,,NO,SIMULATION_RELEVANT,STRUCTURALLY_VERIFIED,decompile 0x008d5b90,date calc via 0x004da820
0x008d5c00,,offer date-window membership test,transfer,NOT_YET_PORTED,,,NO,SIMULATION_RELEVANT,STRUCTURALLY_VERIFIED,decompile 0x008d5c00,compares current date vs window bounds
0x008d5e10,,offer window scan (any active window),transfer,NOT_YET_PORTED,,,NO,SIMULATION_RELEVANT,STRUCTURALLY_VERIFIED,decompile 0x008d5e10,loops 0x008d5c00 over terms
0x008d5e90,,offer next-window date resolver,transfer,NOT_YET_PORTED,,,NO,SIMULATION_RELEVANT,PARTIAL,decompile 0x008d5e90,date computation over windows
0x008d6040,,transfer offer news item build,transfer,NOT_YET_PORTED,,,NO,PLAYER_VISIBLE,STRUCTURALLY_VERIFIED,decompile 0x008d6040,news type 0xfb2 build
0x008d6170,,transfer deadline message formatter,transfer,NOT_YET_PORTED,,,NO,PLAYER_VISIBLE,STRUCTURALLY_VERIFIED,decompile 0x008d6170,deadline today/one-week/lifted text
0x008fcd90,,squad deregister overflow players on completion,transfer,NOT_YET_PORTED,,,NO,SIMULATION_RELEVANT,STRUCTURALLY_VERIFIED,decompile 0x008fcd90,0x00881910 dereg; clears squad slots
0x008fce20,,squad position-count + deregister ineligible,transfer,NOT_YET_PORTED,,,NO,SIMULATION_RELEVANT,STRUCTURALLY_VERIFIED,decompile 0x008fce20,builds per-position count array
0x008fd010,,virtual-player squad-fill generator,transfer,NOT_YET_PORTED,,,NO,SIMULATION_RELEVANT,STRUCTURALLY_VERIFIED,decompile 0x008fd010,fills squad gaps by creating players via 0x008fd5d0
0x008fd550,,player position-group classifier from attributes,transfer,NOT_YET_PORTED,,,NO,SIMULATION_RELEVANT,STRUCTURALLY_VERIFIED,decompile 0x008fd550,returns position index 0-7 / 0xff from attribute bytes
0x008fd5d0,,virtual player record creation (attrs/wage/dates),transfer,NOT_YET_PORTED,,,NO,SIMULATION_RELEVANT,STRUCTURALLY_VERIFIED,decompile 0x008fd5d0,fills type10 + 0x46-byte record via RNG
0x008fdc90,,virtual-staff registration date-range calc,transfer,NOT_YET_PORTED,,,NO,SIMULATION_RELEVANT,STRUCTURALLY_VERIFIED,decompile 0x008fdc90,computes deadline window dates
0x008fded0,,register virtual players into squad slots,transfer,NOT_YET_PORTED,,,NO,SIMULATION_RELEVANT,STRUCTURALLY_VERIFIED,decompile 0x008fded0,copies records into staff/player pools; 0x00881910 reg
0x005d6810,,Greek season-structure rule table ctor,transfer-rules,PORTED_EXACT,crates/cm-domain/src/euro_nations.rs,greece (euro_full_set!),YES,SIMULATION_RELEVANT,STRUCTURALLY_VERIFIED,rust:crates/cm-domain/src/euro_nations.rs,"rule rows 0x0b,0,0,0x16,4,1 etc ported verbatim into greece euro_full_set!"
0x005d6af0,,comparison/graph draw helper,transfer-rules,NOT_YET_PORTED,,,NO,UI_RENDERING,PARTIAL,decompile 0x005d6af0,generic draw routine (0x00549790/0x004b55b0); not rules logic; not ported
0x00822e30,,ShortlistManager ctor: alloc per-club shortlist pool and init entries,scouting,NON_USEFUL,,,NO,IMPLEMENTATION_ONLY,STRUCTURALLY_VERIFIED,decompile 0x00822e30,ctor with malloc(DAT_00acd564*9) per-club pool + 0x5c8 entry init; allocation/init plumbing
0x00823140,,ShortlistManager dtor: free per-club pools and arrays,scouting,NON_USEFUL,,,NO,IMPLEMENTATION_ONLY,STRUCTURALLY_VERIFIED,decompile 0x00823140,frees pool via FUN_0093435a; destructor plumbing
0x00823560,,Build all club shortlists (Assessing Club Squads / Creating Shortlists),scouting,NOT_YET_PORTED,,,NO,SIMULATION_RELEVANT,STRUCTURALLY_VERIFIED,decompile 0x00823560,AI: per-club squad assessment + shortlist creation with reputation-gated valuation; no Rust impl
0x00823d20,,Deserialize ShortlistManager from save stream,scouting,NOT_YET_PORTED,,,NO,PERSISTENCE_RELEVANT,STRUCTURALLY_VERIFIED,decompile 0x00823d20,binary fread (FUN_00921cc0) of shortlist pools; Rust ScoutBook types exist but shortlist pool not persisted
0x008246b0,,Callback wrapper forwarding to FUN_00533cf0,scouting,NON_USEFUL,,,NO,IMPLEMENTATION_ONLY,STRUCTURALLY_VERIFIED,decompile 0x008246b0,15-byte thunk used as ctor-callback for array init helper
0x008246c0,,Verify/skip-load shortlist section from save stream,scouting,NOT_YET_PORTED,,,NO,PERSISTENCE_RELEVANT,STRUCTURALLY_VERIFIED,decompile 0x008246c0,"read-verify pass over shortlist pools (FUN_00921ea0); persistence, no Rust impl"
0x00824a30,,Distribute club budget/wage across shortlist squad slots,scouting,NOT_YET_PORTED,,,NO,SIMULATION_RELEVANT,STRUCTURALLY_VERIFIED,decompile 0x00824a30,per-position wage/budget apportioning over 0x28 shortlist slots; no Rust impl
0x00825290,,Set shortlist player asking-value/rating field (clamped),scouting,NOT_YET_PORTED,,,NO,SIMULATION_RELEVANT,STRUCTURALLY_VERIFIED,decompile 0x00825290,"computes and clamps player value at slot+5 to [+0x20,10000]; no Rust impl"
0x008253e0,,Set positional-aptitude template flags for shortlist entry,scouting,NOT_YET_PORTED,,,NO,SIMULATION_RELEVANT,STRUCTURALLY_VERIFIED,decompile 0x008253e0,writes formation/position aptitude codes across 0x28 slots by switch on layout; no Rust impl
0x00825e90,,Process one club squad: squad-status assignment + transfer listing + valuation,scouting,NOT_YET_PORTED,,,NO,SIMULATION_RELEVANT,STRUCTURALLY_VERIFIED,decompile 0x00825e90,"10KB core AI: assigns squad status, lists/values players, sets asking prices; not ported (transfer.rs SquadStatus enum is separate)"
0x0082b410,,Erase all shortlist entries matching a player id,scouting,NON_USEFUL,,,NO,IMPLEMENTATION_ONLY,STRUCTURALLY_VERIFIED,decompile 0x0082b410,linear list erase (FUN_00672320) of 8-byte tuples; container plumbing
0x0082b650,,Transfer-list player then trigger shortlist scan,scouting,NOT_YET_PORTED,,,NO,SIMULATION_RELEVANT,STRUCTURALLY_VERIFIED,decompile 0x0082b650,sets transfer flags +0x4e/+0x4f and invokes FUN_0082bf30 offer-out; no Rust impl
0x0082b720,,Add player to shortlist with interest-counter bookkeeping,scouting,NOT_YET_PORTED,,,NO,SIMULATION_RELEVANT,STRUCTURALLY_VERIFIED,decompile 0x0082b720,appends to 2 growable arrays + bumps per-player interest nibble at DAT_00acdf0c; no Rust impl
0x0082ba70,,AI compose transfer bid for a shortlisted player,scouting,NOT_YET_PORTED,,,NO,SIMULATION_RELEVANT,STRUCTURALLY_VERIFIED,decompile 0x0082ba70,"valuation via FUN_0082fc50 + wage/window gates, builds offer (FUN_008abdc0); no Rust impl"
0x0082bf30,,Iterate all clubs to offer a player out / find buyers,scouting,NOT_YET_PORTED,,,NO,SIMULATION_RELEVANT,STRUCTURALLY_VERIFIED,decompile 0x0082bf30,"loops DAT_00acdf1c clubs calling FUN_0082c140 bid eval, capped at 4 buyers; no Rust impl"
0x0082c140,,AI evaluate and make bid for a player (main path),scouting,NOT_YET_PORTED,,,NO,SIMULATION_RELEVANT,STRUCTURALLY_VERIFIED,decompile 0x0082c140,"full bid decision: value/wage/squad-fit gates, fee composer, executes via FUN_0082b720; no Rust impl"
0x0082cb30,,AI evaluate and make loan/free bid variant,scouting,NOT_YET_PORTED,,,NO,SIMULATION_RELEVANT,STRUCTURALLY_VERIFIED,decompile 0x0082cb30,parallel bid path for loan/free with FUN_0082fc50 valuation threshold; no Rust impl
0x0082d140,,Remove player from shortlist / set transfer-negotiation status (multi-mode),scouting,NOT_YET_PORTED,,,NO,SIMULATION_RELEVANT,STRUCTURALLY_VERIFIED,decompile 0x0082d140,5-mode dispatcher updating interest tuples and per-slot negotiation state; no Rust impl
0x0082d5b0,,Clear player shortlist flag bit (+0x4e &~1),scouting,NON_USEFUL,,,NO,IMPLEMENTATION_ONLY,STRUCTURALLY_VERIFIED,decompile 0x0082d5b0,trivial flag setter via FUN_004d59d0
0x0082d5e0,,Set player shortlist flag bit (+0x4e |2),scouting,NON_USEFUL,,,NO,IMPLEMENTATION_ONLY,STRUCTURALLY_VERIFIED,decompile 0x0082d5e0,trivial flag setter
0x0082d600,,Clear player shortlist flag bit (+0x4e &~2),scouting,NON_USEFUL,,,NO,IMPLEMENTATION_ONLY,STRUCTURALLY_VERIFIED,decompile 0x0082d600,trivial flag setter
0x0082d990,,Purge shortlist interests referencing a club across a squad,scouting,NOT_YET_PORTED,,,NO,SIMULATION_RELEVANT,STRUCTURALLY_VERIFIED,decompile 0x0082d990,iterates 0x28 slots calling FUN_0082d140 to drop stale interests; no Rust impl
0x00832f50,,Squad-status classifier (returns tier code 1-5) by CA/reputation ratio,scouting,NOT_YET_PORTED,,,NO,SIMULATION_RELEVANT,STRUCTURALLY_VERIFIED,decompile 0x00832f50,float ratio of player value to squad reputation -> status code; no Rust impl
0x00833d80,,Remove player shortlist/interest entries on transfer,scouting,NOT_YET_PORTED,,,NO,SIMULATION_RELEVANT,STRUCTURALLY_VERIFIED,decompile 0x00833d80,calls FUN_0082d990 + FUN_0082b410 to clear all interest in a moved player; no Rust impl
0x008340a0,,Offer accept/reject decision (returns 0/1/2 code),scouting,NOT_YET_PORTED,,,NO,SIMULATION_RELEVANT,STRUCTURALLY_VERIFIED,decompile 0x008340a0,compares bid fee to computed value/wage thresholds -> reject(2)/counter(1)/no(0); no Rust impl
0x00834390,,Position-mask wrapper forwarding to shortlist matcher,scouting,NON_USEFUL,,,NO,IMPLEMENTATION_ONLY,STRUCTURALLY_VERIFIED,decompile 0x00834390,extracts player position bitfield (FUN_005a2030) and forwards to FUN_008343d0; thin wrapper
0x008344d0,,Format squad-status description string (indispensable..on-trial),scouting,NOT_YET_PORTED,,,NO,PLAYER_VISIBLE,STRUCTURALLY_VERIFIED,decompile 0x008344d0,switch over status code -> localized text; transfer.rs SquadStatus enum exists but this formatter not ported
0x007de900,,ScoutManager ctor: CD-check + alloc 0xa0 ScoutTask array + init scouts,scouting,NON_USEFUL,,,NO,IMPLEMENTATION_ONLY,STRUCTURALLY_VERIFIED,decompile 0x007de900,GetLogicalDriveStringsA CD gate then new(0x1ae04) 16x10 0x2b0 tasks; ctor/allocation plumbing
0x007dec40,,ScoutManager dtor: free ScoutTask array,scouting,NON_USEFUL,,,NO,IMPLEMENTATION_ONLY,STRUCTURALLY_VERIFIED,decompile 0x007dec40,destructor plumbing
0x007ded80,,Accessor: get scout slot-table entry for a nation,scouting,NON_USEFUL,,,NO,IMPLEMENTATION_ONLY,STRUCTURALLY_VERIFIED,decompile 0x007ded80,bounds-checked read of param_1+0xc+idx*4; getter
0x007dee70,,"Accessor: compute ScoutTask record address by (slot,nation)",scouting,NON_USEFUL,,,NO,IMPLEMENTATION_ONLY,STRUCTURALLY_VERIFIED,decompile 0x007dee70,index math into 0x2b0-stride array; getter
0x007defd0,,Getter: scout enable byte at +0x5c,scouting,NON_USEFUL,,,NO,IMPLEMENTATION_ONLY,STRUCTURALLY_VERIFIED,decompile 0x007defd0,bounds-checked byte getter
0x007df0c0,,Setter: scout enable byte at +0x5c,scouting,NON_USEFUL,,,NO,IMPLEMENTATION_ONLY,STRUCTURALLY_VERIFIED,decompile 0x007df0c0,bounds-checked byte setter
0x007df410,,Reassign scouts across slots when watched player leaves,scouting,NOT_YET_PORTED,,,NO,SIMULATION_RELEVANT,STRUCTURALLY_VERIFIED,decompile 0x007df410,rebalances the 10 scout slots + 7 club-scouts on target departure; no Rust impl
0x007df920,,Set scout watch target (primary/secondary slot swap),scouting,NOT_YET_PORTED,,,NO,SIMULATION_RELEVANT,STRUCTURALLY_VERIFIED,decompile 0x007df920,manages 2 target slots at +0x68/+0xa8 with promote/swap modes; no Rust impl (ScoutBook.assign cites 00799190)
0x007dfbc0,,Scout coverage query then trigger player search,scouting,NOT_YET_PORTED,,,NO,SIMULATION_RELEVANT,STRUCTURALLY_VERIFIED,decompile 0x007dfbc0,checks slot coverage and dispatches FUN_007995b0/FUN_007ec150 search; no Rust impl
0x007dfd50,,Deserialize scout_manager.dat from save stream,scouting,NOT_YET_PORTED,,,NO,PERSISTENCE_RELEVANT,STRUCTURALLY_VERIFIED,decompile 0x007dfd50,"opens scout_manager.dat, reads 0x2b0 task + 0x11 result records; not persisted in Rust"
0x007e01c0,,Serialize scout_manager.dat to save stream,scouting,NOT_YET_PORTED,,,NO,PERSISTENCE_RELEVANT,STRUCTURALLY_VERIFIED,decompile 0x007e01c0,writes scout_manager.dat via FUN_00921ea0; not persisted in Rust
0x007e07b0,,Scout-found-target check then recommend player,scouting,NOT_YET_PORTED,,,NO,SIMULATION_RELEVANT,STRUCTURALLY_VERIFIED,decompile 0x007e07b0,"scans scout slots for club match, fires recommendation FUN_007a5a40; no Rust impl"
0x007e08f0,,Weekly scout tick: evaluate watched players and emit reports,scouting,NOT_YET_PORTED,,,NO,SIMULATION_RELEVANT,STRUCTURALLY_VERIFIED,decompile 0x007e08f0,"per-scout weekly pass generating reports (FUN_0079e5f0); the real tick, distinct from scouting.rs weekly_tick placeholder"
0x007e1080,,Remove entry from scout results list (compaction),scouting,NON_USEFUL,,,NO,IMPLEMENTATION_ONLY,STRUCTURALLY_VERIFIED,decompile 0x007e1080,memmove-based erase of 0x11-byte results row; container plumbing
0x007e1276,,Scout evaluation predicate (returns coverage/interest code),scouting,NOT_YET_PORTED,,,NO,SIMULATION_RELEVANT,PARTIAL,decompile 0x007e1276,"tail-merged decompile (unaff regs) counting scout coverage then FUN_007e1330 gate; role clear, exact args uncertain; no Rust impl"
0x007e1330,,Scout worth-recommending gate (value/reputation/position),scouting,NOT_YET_PORTED,,,NO,SIMULATION_RELEVANT,STRUCTURALLY_VERIFIED,decompile 0x007e1330,rejects if value<1M and rep<5000 and position mismatch; no Rust impl
0x007e1430,,Add entry to scout results list (grow + append),scouting,NON_USEFUL,,,NO,IMPLEMENTATION_ONLY,STRUCTURALLY_VERIFIED,decompile 0x007e1430,realloc+push of 0x11-byte results row; container plumbing
0x007e16c0,,Increment scout-report interest counter for an entry,scouting,NON_USEFUL,,,NO,IMPLEMENTATION_ONLY,STRUCTURALLY_VERIFIED,decompile 0x007e16c0,finds entry and bumps byte +0x10 with a date write; container update plumbing
0x007e1830,,Scan scout results for a player and flush cache,scouting,NON_USEFUL,,,NO,IMPLEMENTATION_ONLY,STRUCTURALLY_VERIFIED,decompile 0x007e1830,linear scan returning bool + optional FUN_00672320 flush; list-search helper
0x007e1a30,,Compile and sort scout reports then group into news,scouting,NOT_YET_PORTED,,,NO,PLAYER_VISIBLE,STRUCTURALLY_VERIFIED,decompile 0x007e1a30,"sorts 0x67-byte reports, groups by (club,scout), emits via FUN_007e1c00; no Rust impl"
0x007e1c00,,Build scout-recommendation news item,scouting,NOT_YET_PORTED,,,NO,PLAYER_VISIBLE,STRUCTURALLY_VERIFIED,decompile 0x007e1c00,writes news record fields (FUN_00763b90/FUN_0076d730) for a scout report; no Rust impl
0x007e1eb0,,Process scout-impression-during-match news content,scouting,NOT_YET_PORTED,,,NO,PLAYER_VISIBLE,STRUCTURALLY_VERIFIED,decompile 0x007e1eb0,9KB news reader/formatter for player-impressed-scout item (memory: FUN_007e1eb0 not fired); no Rust impl
0x007e42f0,,Format scout-slot label (Short List/Player Search/Staff Search/Scout n),scouting,NOT_YET_PORTED,,,NO,UI_RENDERING,STRUCTURALLY_VERIFIED,decompile 0x007e42f0,slot-index -> localized label; scouting.rs documents slot names in comments but this formatter not ported
0x007e4410,,qsort comparator for scout targets (key1 then key0),scouting,NON_USEFUL,,,NO,IMPLEMENTATION_ONLY,STRUCTURALLY_VERIFIED,decompile 0x007e4410,trivial comparator plumbing
0x007e4440,,qsort comparator for scout reports (club/player/rank),scouting,NON_USEFUL,,,NO,IMPLEMENTATION_ONLY,STRUCTURALLY_VERIFIED,decompile 0x007e4440,trivial comparator plumbing
0x007e44b0,,Reset search flags across a nation's 10 scout slots,scouting,NON_USEFUL,,,NO,IMPLEMENTATION_ONLY,STRUCTURALLY_VERIFIED,decompile 0x007e44b0,loop calling FUN_007997f0(1) on each slot; reset helper
0x007e4920,,Thunk forwarding to FUN_007628e0,scouting,NON_USEFUL,,,NO,IMPLEMENTATION_ONLY,STRUCTURALLY_VERIFIED,decompile 0x007e4920,19-byte tail-call thunk
0x0059a150,,Deserialize fog.dat player-knowledge cache (16 manager slots),scouting,NOT_YET_PORTED,,,NO,PERSISTENCE_RELEVANT,STRUCTURALLY_VERIFIED,decompile 0x0059a150,"reads fog.dat records per manager (FUN_00921ea0); Rust fog_of_war.rs only ports the 0x3e036 magic, not this"
0x0059a380,,Clear a player's fog-knowledge byte across all manager slots,scouting,NOT_YET_PORTED,,,NO,SIMULATION_RELEVANT,STRUCTURALLY_VERIFIED,decompile 0x0059a380,zeroes knowledge at player*9 across 16 slots (e.g. on transfer); no Rust impl
0x0059a3f0,,Allocate and init one manager's fog slot,scouting,NON_USEFUL,,,NO,IMPLEMENTATION_ONLY,STRUCTURALLY_VERIFIED,decompile 0x0059a3f0,operator_new(8) then FUN_0059a580 init; allocation plumbing
0x0059a580,,Initialise per-player fog knowledge array at game start,scouting,NOT_YET_PORTED,,,NO,SIMULATION_RELEVANT,STRUCTURALLY_VERIFIED,decompile 0x0059a580,malloc(players*9) then FUN_0059aa60 per player (Initialising game data); no Rust impl
0x0059a690,,Deserialize one fog knowledge record,scouting,NOT_YET_PORTED,,,NO,PERSISTENCE_RELEVANT,STRUCTURALLY_VERIFIED,decompile 0x0059a690,reads owner nation + per-player 9-byte block (FUN_00921cc0); not persisted in Rust
0x0059a7f0,,Serialize one fog knowledge record,scouting,NOT_YET_PORTED,,,NO,PERSISTENCE_RELEVANT,STRUCTURALLY_VERIFIED,decompile 0x0059a7f0,writes owner + per-player block (FUN_00921ea0); not persisted in Rust
0x0059a8e0,,Weekly fog decay/update tick over all players,scouting,NOT_YET_PORTED,,,NO,SIMULATION_RELEVANT,STRUCTURALLY_VERIFIED,decompile 0x0059a8e0,"decays knowledge after ~0x21c days then recomputes floor via FUN_0059ad60; the real fog tick, not scouting.rs placeholder"
0x0059aa60,,Compute initial fog knowledge level 0-3 (manager vs player),scouting,NOT_YET_PORTED,,,NO,SIMULATION_RELEVANT,STRUCTURALLY_VERIFIED,decompile 0x0059aa60,"nation/club/league-relationship + reputation formula returning 0-3 knowledge; core fog level, no Rust impl"
0x0059ad60,,Compute ongoing fog knowledge level 0-3 (variant),scouting,NOT_YET_PORTED,,,NO,SIMULATION_RELEVANT,STRUCTURALLY_VERIFIED,decompile 0x0059ad60,relationship/reputation formula returning 0-3 used by weekly tick; no Rust impl
0x0059b050,,Progress a player's fog knowledge level (0->1->2->3),scouting,NOT_YET_PORTED,,,NO,SIMULATION_RELEVANT,STRUCTURALLY_VERIFIED,decompile 0x0059b050,"chance-based increment of reveal level toward 3; scouting.rs reveal cascade is an admitted placeholder, not this"
0x0059b1b0,,Font object free thunk,scouting,NON_USEFUL,,,NO,IMPLEMENTATION_ONLY,STRUCTURALLY_VERIFIED,decompile 0x0059b1b0,wrapper calling FUN_0059bf70 free + FUN_00933d24; destructor plumbing (font cluster misfiled in fog_of_war.cpp)
0x0059b1d0,,Load t2k/ttf font asset (medium/large/small/symbol),scouting,OUT_OF_SCOPE,,,NO,UI_RENDERING,STRUCTURALLY_VERIFIED,decompile 0x0059b1d0,DirectDraw-build font-file loader from SI_DATA; GDI renderer port uses its own text path
0x0059b3a0,,Render a text string glyph-by-glyph (RGB565/555 blit),scouting,OUT_OF_SCOPE,,,NO,UI_RENDERING,STRUCTURALLY_VERIFIED,decompile 0x0059b3a0,software glyph blitter with color/shadow flags; DirectDraw text renderer replaced by cm-render GDI path
0x0059bf70,,Free font object internal buffers,scouting,NON_USEFUL,,,NO,IMPLEMENTATION_ONLY,STRUCTURALLY_VERIFIED,decompile 0x0059bf70,frees glyph list + FreeType-style handles; destructor plumbing
0x0059c1d0,,Glyph cache lookup/load with LRU (up to 0x100 glyphs),scouting,OUT_OF_SCOPE,,,NO,UI_RENDERING,STRUCTURALLY_VERIFIED,decompile 0x0059c1d0,per-char glyph cache used by the DirectDraw text renderer; not required by GDI renderer path
0x0059c570,,Select font mode by typeface name,scouting,OUT_OF_SCOPE,,,NO,UI_RENDERING,STRUCTURALLY_VERIFIED,decompile 0x0059c570,"string-compares against loaded typeface table, sets DAT_009b88f8; font-rendering config, replaced"
0x0059c630,,Getter: loaded-font count,scouting,NON_USEFUL,,,NO,IMPLEMENTATION_ONLY,STRUCTURALLY_VERIFIED,decompile 0x0059c630,returns _DAT_00acde70&0xffff; trivial getter
0x0059c640,,Get font display name by index (via TTF name-table parse),scouting,OUT_OF_SCOPE,,,NO,UI_RENDERING,STRUCTURALLY_VERIFIED,decompile 0x0059c640,"resolves font name through FUN_0059c840 TTF parse; font-rendering helper, replaced"
0x0059c6b0,,Getter: font pointer by index,scouting,NON_USEFUL,,,NO,IMPLEMENTATION_ONLY,STRUCTURALLY_VERIFIED,decompile 0x0059c6b0,bounds-checked pointer getter into DAT_00acde6c table
0x0059c6e0,,Compare whether current font matches name,scouting,OUT_OF_SCOPE,,,NO,UI_RENDERING,STRUCTURALLY_VERIFIED,decompile 0x0059c6e0,typeface name comparison helper for font selection; replaced
0x0059c750,,Enumerate .ttf files in SI_DATA font directory,scouting,OUT_OF_SCOPE,,,NO,UI_RENDERING,STRUCTURALLY_VERIFIED,decompile 0x0059c750,"FindFirst/Next builds font table (DAT_00acde6c); font-asset discovery, replaced"
0x0059c840,,Parse TTF 'name' table to extract font name,scouting,OUT_OF_SCOPE,,,NO,UI_RENDERING,STRUCTURALLY_VERIFIED,decompile 0x0059c840,"reads TrueType name record (tag 0x6e616d65); font-file parsing, replaced by cm-render"
0x0088a720,,tactic screen scratch-lock getter,tactics,NON_USEFUL,,,NO,IMPLEMENTATION_ONLY,STRUCTURALLY_VERIFIED,decompile 0x0088a720,trivial getter returns *(this+0xe40)
0x0088a730,,tactic screen field getter +0x2731,tactics,NON_USEFUL,,,NO,IMPLEMENTATION_ONLY,STRUCTURALLY_VERIFIED,decompile 0x0088a730,trivial getter
0x0088a740,,tactic screen side-select getter,tactics,NON_USEFUL,,,NO,IMPLEMENTATION_ONLY,STRUCTURALLY_VERIFIED,decompile 0x0088a740,trivial getter picks +0x272d or +0x2729
0x0088a770,,thunk to FUN_0059cdf0,tactics,NON_USEFUL,,,NO,IMPLEMENTATION_ONLY,STRUCTURALLY_VERIFIED,decompile 0x0088a770,forwarding shim to formation helper
0x0088a790,,thunk to FUN_0059d190,tactics,NON_USEFUL,,,NO,IMPLEMENTATION_ONLY,STRUCTURALLY_VERIFIED,decompile 0x0088a790,forwarding shim
0x0088a7d0,,thunk to FUN_0059d220,tactics,NON_USEFUL,,,NO,IMPLEMENTATION_ONLY,STRUCTURALLY_VERIFIED,decompile 0x0088a7d0,forwarding shim
0x0088a7f0,,thunk to FUN_0059d770,tactics,NON_USEFUL,,,NO,IMPLEMENTATION_ONLY,STRUCTURALLY_VERIFIED,decompile 0x0088a7f0,forwarding shim
0x0088a810,,thunk to FUN_0059f1f0,tactics,NON_USEFUL,,,NO,IMPLEMENTATION_ONLY,STRUCTURALLY_VERIFIED,decompile 0x0088a810,forwarding shim with screen-side args
0x00890b30,,tactic-screen record deep copy,tactics,NON_USEFUL,,,NO,IMPLEMENTATION_ONLY,STRUCTURALLY_VERIFIED,decompile 0x00890b30,memberwise copy/assign of 0xd7a-byte struct with per-player fixups
0x008948b0,,tactics screen title string builder,tactics,NOT_YET_PORTED,,,NO,PLAYER_VISIBLE,STRUCTURALLY_VERIFIED,decompile 0x008948b0,Tactics/Reserve Tactics/Penalty Taker heading
0x00895a50,,tactic slot position-value getter,tactics,NOT_YET_PORTED,,,NO,UI_RENDERING,STRUCTURALLY_VERIFIED,decompile 0x00895a50,screen adapter to FUN_0059df80
0x00895b50,,reserve-tactic slot position-value getter,tactics,NOT_YET_PORTED,,,NO,UI_RENDERING,STRUCTURALLY_VERIFIED,decompile 0x00895b50,screen adapter to FUN_0059df80
0x00896260,,set team-flags word slider,tactics,NOT_YET_PORTED,,,NO,SIMULATION_RELEVANT,STRUCTURALLY_VERIFIED,decompile 0x00896260,snapshot undo buffer then FUN_0059f5a0
0x008963b0,,swap slot positions,tactics,NOT_YET_PORTED,,,NO,SIMULATION_RELEVANT,STRUCTURALLY_VERIFIED,decompile 0x008963b0,snapshot then FUN_0059e8c0
0x008964d0,,set slot position,tactics,NOT_YET_PORTED,,,NO,SIMULATION_RELEVANT,STRUCTURALLY_VERIFIED,decompile 0x008964d0,snapshot then FUN_0059d870
0x008965e0,,slot position-validity check,tactics,NOT_YET_PORTED,,,NO,SIMULATION_RELEVANT,STRUCTURALLY_VERIFIED,decompile 0x008965e0,dispatches FUN_0059ed70/FUN_0059ee80
0x008966b0,,set individual player instruction,tactics,NOT_YET_PORTED,,,NO,SIMULATION_RELEVANT,STRUCTURALLY_VERIFIED,decompile 0x008966b0,snapshot then FUN_0059fae0
0x00896790,,set slot instruction,tactics,NOT_YET_PORTED,,,NO,SIMULATION_RELEVANT,STRUCTURALLY_VERIFIED,decompile 0x00896790,forwards to FUN_0059fc20
0x00896840,,slot position/eligibility label builder,tactics,NOT_YET_PORTED,,,NO,PLAYER_VISIBLE,STRUCTURALLY_VERIFIED,decompile 0x00896840,uses FUN_005a1b20 + fitness FUN_00843880
0x00896b90,,slot player-name string builder,tactics,NOT_YET_PORTED,,,NO,PLAYER_VISIBLE,STRUCTURALLY_VERIFIED,decompile 0x00896b90,name formatting via FUN_005276f0/FUN_00527c90
0x00896e70,,slot combined position+player label,tactics,NOT_YET_PORTED,,,NO,PLAYER_VISIBLE,STRUCTURALLY_VERIFIED,decompile 0x00896e70,combines FUN_00896840 + FUN_00896b90
0x008970e0,,slot empty/flag check,tactics,NOT_YET_PORTED,,,NO,SIMULATION_RELEVANT,STRUCTURALLY_VERIFIED,decompile 0x008970e0,tests slot +0x19 == -1
0x008971f0,,slot byte getter +0x24,tactics,NOT_YET_PORTED,,,NO,UI_RENDERING,STRUCTURALLY_VERIFIED,decompile 0x008971f0,validated slot attribute read
0x008972f0,,slot byte getter +0x23,tactics,NOT_YET_PORTED,,,NO,UI_RENDERING,STRUCTURALLY_VERIFIED,decompile 0x008972f0,validated slot attribute read
0x008973f0,,slot injury/sub status string builder,tactics,NOT_YET_PORTED,,,NO,PLAYER_VISIBLE,STRUCTURALLY_VERIFIED,decompile 0x008973f0,inj/off/sub/on minute labels
0x00897610,,slot player rating getter,tactics,NOT_YET_PORTED,,,NO,SIMULATION_RELEVANT,STRUCTURALLY_VERIFIED,decompile 0x00897610,via FUN_00615c70/FUN_00615ae0
0x00897790,,slot byte getter +0x1b,tactics,NOT_YET_PORTED,,,NO,UI_RENDERING,STRUCTURALLY_VERIFIED,decompile 0x00897790,validated slot attribute read
0x008978a0,,slot byte getter +0xc,tactics,NOT_YET_PORTED,,,NO,UI_RENDERING,STRUCTURALLY_VERIFIED,decompile 0x008978a0,validated slot attribute read
0x008979a0,,slot-is-captain check,tactics,NOT_YET_PORTED,,,NO,SIMULATION_RELEVANT,STRUCTURALLY_VERIFIED,decompile 0x008979a0,compares slot person to club captain +0x477a
0x00897ac0,,slot player-record resolver,tactics,NOT_YET_PORTED,,,NO,SIMULATION_RELEVANT,STRUCTURALLY_VERIFIED,decompile 0x00897ac0,returns person pointer for a tactic slot
0x00897cb0,,find slot by position code,tactics,NOT_YET_PORTED,,,NO,SIMULATION_RELEVANT,STRUCTURALLY_VERIFIED,decompile 0x00897cb0,linear scan of 20 slots
0x008980b0,,sub-slot lookup wrapper,tactics,NOT_YET_PORTED,,,NO,SIMULATION_RELEVANT,STRUCTURALLY_VERIFIED,decompile 0x008980b0,forwards to FUN_006b9d30
0x00898190,,resolve slot actual player via link,tactics,NOT_YET_PORTED,,,NO,SIMULATION_RELEVANT,STRUCTURALLY_VERIFIED,decompile 0x00898190,follows sub/link chain
0x00898340,,find slot linked to player,tactics,NOT_YET_PORTED,,,NO,SIMULATION_RELEVANT,STRUCTURALLY_VERIFIED,decompile 0x00898340,reverse lookup
0x00898470,,tactic player-list widget populate,tactics,NOT_YET_PORTED,,,NO,UI_RENDERING,STRUCTURALLY_VERIFIED,decompile 0x00898470,builds list widget; calls FUN_00881310 formation resolver
0x00898740,,swap two players on tactic,tactics,NOT_YET_PORTED,,,NO,SIMULATION_RELEVANT,STRUCTURALLY_VERIFIED,decompile 0x00898740,position swap + snapshot
0x00898a10,,move player to slot on tactic,tactics,NOT_YET_PORTED,,,NO,SIMULATION_RELEVANT,STRUCTURALLY_VERIFIED,decompile 0x00898a10,reassign + FUN_006bc8d0
0x00898c40,,tactic pitch rendering,tactics,NOT_YET_PORTED,,,NO,UI_RENDERING,STRUCTURALLY_VERIFIED,decompile 0x00898c40,draws pitch via many FUN_00549580 line primitives
0x00899dc0,,position-mask to pitch pixel coords,tactics,NOT_YET_PORTED,,,NO,UI_RENDERING,STRUCTURALLY_VERIFIED,decompile 0x00899dc0,pitch layout geometry
0x0089a1f0,,rotate pitch coordinates (trig),tactics,NOT_YET_PORTED,,,NO,UI_RENDERING,STRUCTURALLY_VERIFIED,decompile 0x0089a1f0,fpatan/fsin/fcos coord rotation
0x0089a2b0,,single-bit mask to slot index map,tactics,NOT_YET_PORTED,,,NO,SIMULATION_RELEVANT,STRUCTURALLY_VERIFIED,decompile 0x0089a2b0,pure bit->index lookup 0..0x1f plus combos
0x0089a7d0,,parse dotted IP into sockaddr,tactics,OUT_OF_SCOPE,,,NO,IMPLEMENTATION_ONLY,STRUCTURALLY_VERIFIED,decompile 0x0089a7d0,LAN/network play; AF_INET sockaddr build; not in England-first single-player scope
0x0059d190,,position-available-in-formation query,tactics,NOT_YET_PORTED,,,NO,SIMULATION_RELEVANT,STRUCTURALLY_VERIFIED,decompile 0x0059d190,uses FUN_005a16b0; checks role mask + 0x1be table
0x0059d220,,slot-index-by-role-mask lookup,tactics,NOT_YET_PORTED,,,NO,SIMULATION_RELEVANT,STRUCTURALLY_VERIFIED,decompile 0x0059d220,linear search of 11 role masks at +0x12d
0x0059d580,,formation slot depth-ordering assignment,tactics,NOT_YET_PORTED,,,NO,SIMULATION_RELEVANT,STRUCTURALLY_VERIFIED,decompile 0x0059d580,greedy depth-priority ordering of 11 slots
0x0059d770,,slot role/priority comparison,tactics,NOT_YET_PORTED,,,NO,SIMULATION_RELEVANT,STRUCTURALLY_VERIFIED,decompile 0x0059d770,compares two slots masks + +0x143 priority
0x0059df80,,position-value getter from 0x164 array,tactics,NOT_YET_PORTED,,,NO,SIMULATION_RELEVANT,STRUCTURALLY_VERIFIED,decompile 0x0059df80,reads per-slot per-side position value
0x0059e0f0,,set 11-slot position column,tactics,NOT_YET_PORTED,,,NO,SIMULATION_RELEVANT,STRUCTURALLY_VERIFIED,decompile 0x0059e0f0,loops FUN_0059d870 (ported setter) marks dirty
0x0059e430,,set all positions,tactics,NOT_YET_PORTED,,,NO,SIMULATION_RELEVANT,STRUCTURALLY_VERIFIED,decompile 0x0059e430,3x4 loop via FUN_0059d870
0x0059e720,,find slot by position value,tactics,NOT_YET_PORTED,,,NO,SIMULATION_RELEVANT,STRUCTURALLY_VERIFIED,decompile 0x0059e720,scans via FUN_0059df80
0x0059e8c0,,swap two slots position values,tactics,NOT_YET_PORTED,,,NO,SIMULATION_RELEVANT,STRUCTURALLY_VERIFIED,decompile 0x0059e8c0,uses FUN_0059df80/FUN_0059d870
0x0059ed70,,formation-dirty validation driver,tactics,NOT_YET_PORTED,,,NO,SIMULATION_RELEVANT,STRUCTURALLY_VERIFIED,decompile 0x0059ed70,iterates slots/sides via FUN_0059ee80
0x0059ee80,,slot-deviates-from-default check,tactics,NOT_YET_PORTED,,,NO,SIMULATION_RELEVANT,STRUCTURALLY_VERIFIED,decompile 0x0059ee80,compares stored vs FUN_005a2170 default
0x0059f1f0,,duplicate-position-value check,tactics,NOT_YET_PORTED,,,NO,SIMULATION_RELEVANT,STRUCTURALLY_VERIFIED,decompile 0x0059f1f0,detects two slots sharing a position value
0x0059fbf0,,slot player-record pointer getter,tactics,NOT_YET_PORTED,,,NO,SIMULATION_RELEVANT,STRUCTURALLY_VERIFIED,decompile 0x0059fbf0,reads +0x5bf slot->staff index into pool
0x005a0020,,.tct/.pct formation file loader,tactics,PORTED_BEHAVIOURAL,crates/cm-domain/src/tactic_file.rs,parse_tactic,YES,PERSISTENCE_RELEVANT,BEHAVIOURALLY_EXACT,rust:crates/cm-domain/src/tactic_file.rs,covered-but-uncited: byte-swap + de-obf 0x075BCD15 + versions 0x0098EC59..5E + 11 slots match parse_tactic
0x005a1b20,,position-mask to short label,tactics,NOT_YET_PORTED,,,NO,UI_RENDERING,STRUCTURALLY_VERIFIED,decompile 0x005a1b20,GK/SW/D/DM/M/AM/F plus side L/C/R; distinct from ported FUN_005289a0
0x005a1dc0,,position-mask to long label,tactics,NOT_YET_PORTED,,,NO,UI_RENDERING,STRUCTURALLY_VERIFIED,decompile 0x005a1dc0,Goalkeeper/Sweeper/... single-mask formatter
0x005a2170,,default position-coordinate generator,tactics,NOT_YET_PORTED,,,NO,SIMULATION_RELEVANT,STRUCTURALLY_VERIFIED,decompile 0x005a2170,role-mask+side+index to default coord; uses FUN_005a16b0
0x005a30d0,,formation-validity check,tactics,NOT_YET_PORTED,,,NO,SIMULATION_RELEVANT,STRUCTURALLY_VERIFIED,decompile 0x005a30d0,scans slots for flank/wing-back conflicts
0x00880e90,,tactic-manager destructor,tactics,NON_USEFUL,,,NO,IMPLEMENTATION_ONLY,STRUCTURALLY_VERIFIED,decompile 0x00880e90,frees +0x5f1/+0x5f9/+0x601 arrays
0x00880f40,,tactic-vs-opponent performance stats,tactics,NOT_YET_PORTED,,,NO,SIMULATION_RELEVANT,STRUCTURALLY_VERIFIED,decompile 0x00880f40,accumulates W/D/L + weighted efficacy per opponent
0x00881c90,,register/unregister opponent tactic cache,tactics,NOT_YET_PORTED,,,NO,SIMULATION_RELEVANT,STRUCTURALLY_VERIFIED,decompile 0x00881c90,16-slot per-opponent saved-tactic cache
0x00882090,,move tactic slot body between positions,tactics,NOT_YET_PORTED,,,NO,SIMULATION_RELEVANT,STRUCTURALLY_VERIFIED,decompile 0x00882090,copies 0x50-byte slot block
0x00882410,,copy slot value to +0x52 field,tactics,NOT_YET_PORTED,,,NO,SIMULATION_RELEVANT,STRUCTURALLY_VERIFIED,decompile 0x00882410,slot setter
0x00882860,,set/clear individual-instruction field,tactics,NOT_YET_PORTED,,,NO,SIMULATION_RELEVANT,STRUCTURALLY_VERIFIED,decompile 0x00882860,edits +0x5e instruction area of a slot
0x00883180,,copy whole 0x91-byte tactic slot body,tactics,NOT_YET_PORTED,,,NO,SIMULATION_RELEVANT,STRUCTURALLY_VERIFIED,decompile 0x00883180,whole-slot setter
0x00883270,,tactics.dat loader (versioned),tactics,NOT_YET_PORTED,,,NO,PERSISTENCE_RELEVANT,STRUCTURALLY_VERIFIED,decompile 0x00883270,allocs 0x18e3-byte tactic records; version branch via DAT_00dbc3e8; distinct from .tct loader
0x00884280,,tactics.dat writer,tactics,NOT_YET_PORTED,,,NO,PERSISTENCE_RELEVANT,STRUCTURALLY_VERIFIED,decompile 0x00884280,serializes tactic-manager sections via FUN_00921ea0
0x00842ce0,,squad_manager.dat config value load,squad,NOT_YET_PORTED,,,NO,SIMULATION_RELEVANT,STRUCTURALLY_VERIFIED,decompile 0x00842ce0,reads a config int from squad_manager.dat
0x00842ee0,,weekly squad-registration driver over clubs,squad,NOT_YET_PORTED,,,NO,SIMULATION_RELEVANT,STRUCTURALLY_VERIFIED,decompile 0x00842ee0,iterates clubs with flag bit 2 then FUN_00842f40
0x00843ad0,,squad-registration per-comp driver,squad,NOT_YET_PORTED,,,NO,SIMULATION_RELEVANT,STRUCTURALLY_VERIFIED,decompile 0x00843ad0,per-club over 3 comp buckets; dispatches FUN_00843c00/FUN_00844140
0x00843c00,,squad-registration eligibility marking,squad,NOT_YET_PORTED,,,NO,SIMULATION_RELEVANT,STRUCTURALLY_VERIFIED,decompile 0x00843c00,sets register flags at person +0x6d
0x00844060,,registration submission message builder,squad,NOT_YET_PORTED,,,NO,PLAYER_VISIBLE,STRUCTURALLY_VERIFIED,decompile 0x00844060,builds submitted-list message
0x00844140,,registration news item creation,squad,NOT_YET_PORTED,,,NO,PLAYER_VISIBLE,STRUCTURALLY_VERIFIED,decompile 0x00844140,FUN_00763b90 news + params
0x008442b0,,registration event news formatter,squad,NOT_YET_PORTED,,,NO,PLAYER_VISIBLE,STRUCTURALLY_VERIFIED,decompile 0x008442b0,many registration message variants
0x00844790,,CD copy-protection check,squad,OUT_OF_SCOPE,,,NO,IMPLEMENTATION_ONLY,STRUCTURALLY_VERIFIED,decompile 0x00844790,GetLogicalDriveStrings/GetDriveType CDROM cm0102.exe check; deliberately not replicated
0x00844910,,destructor (frees two pointers),squad,NON_USEFUL,,,NO,IMPLEMENTATION_ONLY,STRUCTURALLY_VERIFIED,decompile 0x00844910,cleanup
0x0078d720,,regen-manager ctor + retire/regen driver init,regen,NOT_YET_PORTED,,,NO,SIMULATION_RELEVANT,STRUCTURALLY_VERIFIED,decompile 0x0078d720,allocs buffers; runs FUN_0078dc90 retire sweep; also contains a CD check
0x0078da90,,regen-manager destructor,regen,NON_USEFUL,,,NO,IMPLEMENTATION_ONLY,STRUCTURALLY_VERIFIED,decompile 0x0078da90,frees buffers
0x0078dc90,,retire sweep driver over staff pool,regen,NOT_YET_PORTED,,,NO,SIMULATION_RELEVANT,STRUCTURALLY_VERIFIED,decompile 0x0078dc90,scans pool; FUN_0078fd10 decision then FUN_00790860 append
0x0078f1c0,,getter (+0x20 non-zero),regen,NON_USEFUL,,,NO,IMPLEMENTATION_ONLY,STRUCTURALLY_VERIFIED,decompile 0x0078f1c0,trivial getter
0x0078f1d0,,regen list-head getter,regen,NON_USEFUL,,,NO,IMPLEMENTATION_ONLY,STRUCTURALLY_VERIFIED,decompile 0x0078f1d0,reads 3 fields + FUN_00790600
0x0078f2b0,,assign regen player to club squad slot,regen,NOT_YET_PORTED,,,NO,SIMULATION_RELEVANT,STRUCTURALLY_VERIFIED,decompile 0x0078f2b0,links empty +0xd7 slot; wage FUN_004d7090; contract setup
0x0078f6b0,,retirement decision + birthdate generation,regen,NOT_YET_PORTED,,,NO,SIMULATION_RELEVANT,STRUCTURALLY_VERIFIED,decompile 0x0078f6b0,CA/age thresholds; RNG FUN_008fc4f0; distinct from ported scorer FUN_0078f4f0
0x0078fd10,,retirement decision (sweep variant),regen,NOT_YET_PORTED,,,NO,SIMULATION_RELEVANT,STRUCTURALLY_VERIFIED,decompile 0x0078fd10,called by retire sweep; birthdate generation
0x00790220,,regen list search by id,regen,NON_USEFUL,,,NO,IMPLEMENTATION_ONLY,STRUCTURALLY_VERIFIED,decompile 0x00790220,container find with filter
0x007903a0,,player-release/free-transfer decision,regen,NOT_YET_PORTED,,,NO,SIMULATION_RELEVANT,STRUCTURALLY_VERIFIED,decompile 0x007903a0,emits type-0x10 released entry
0x007904f0,,dynamic-array push (stride 0x10),regen,NON_USEFUL,,,NO,IMPLEMENTATION_ONLY,STRUCTURALLY_VERIFIED,decompile 0x007904f0,vector grow/append plumbing
0x007907c0,,dynamic-array erase,regen,NON_USEFUL,,,NO,IMPLEMENTATION_ONLY,STRUCTURALLY_VERIFIED,decompile 0x007907c0,shift-down erase plumbing
0x00790860,,dynamic-array push (stride 0x1a),regen,NON_USEFUL,,,NO,IMPLEMENTATION_ONLY,STRUCTURALLY_VERIFIED,decompile 0x00790860,retire-list grow/append plumbing
0x00790ad0,,regen entry copy-assign,regen,NON_USEFUL,,,NO,IMPLEMENTATION_ONLY,STRUCTURALLY_VERIFIED,decompile 0x00790ad0,struct copy
0x00790b20,,collect regen/retire result lists from pool,regen,NOT_YET_PORTED,,,NO,SIMULATION_RELEVANT,STRUCTURALLY_VERIFIED,decompile 0x00790b20,extracts player entries into three lists
0x00790ef0,,youth-promotion news generation,regen,NOT_YET_PORTED,,,NO,PLAYER_VISIBLE,STRUCTURALLY_VERIFIED,decompile 0x00790ef0,FUN_00763b90 0xbce; picks best youth via FUN_006ce0e0
0x00791200,,youth-promotion news formatter,regen,NOT_YET_PORTED,,,NO,PLAYER_VISIBLE,STRUCTURALLY_VERIFIED,decompile 0x00791200,reads news params; formats coach/assistant strings
0x00791630,,retirement/international news generation,regen,NOT_YET_PORTED,,,NO,PLAYER_VISIBLE,STRUCTURALLY_VERIFIED,decompile 0x00791630,FUN_00763b90 0xbba
0x007919a0,,retirement news formatter,regen,NOT_YET_PORTED,,,NO,PLAYER_VISIBLE,STRUCTURALLY_VERIFIED,decompile 0x007919a0,large retirement message switch
0x00792810,,staff-appointment news formatter,regen,NOT_YET_PORTED,,,NO,PLAYER_VISIBLE,STRUCTURALLY_VERIFIED,decompile 0x00792810,appointed manager/coach message variants
0x00793200,,unlink retiring person from all rosters,regen,NOT_YET_PORTED,,,NO,SIMULATION_RELEVANT,STRUCTURALLY_VERIFIED,decompile 0x00793200,clears club job pointers by role type +0x3d
0x00793690,,regen player attribute generation,regen,NOT_YET_PORTED,,,NO,SIMULATION_RELEVANT,STRUCTURALLY_VERIFIED,decompile 0x00793690,RNG-driven type10 attribute + reputation gen
0x00793e10,,retire-to-regen full conversion,regen,NOT_YET_PORTED,,,NO,SIMULATION_RELEVANT,STRUCTURALLY_VERIFIED,decompile 0x00793e10,nation/club link + full attribute regeneration
0x00795310,,regen-manager job-vacancy init,regen,NOT_YET_PORTED,,,NO,SIMULATION_RELEVANT,STRUCTURALLY_VERIFIED,decompile 0x00795310,per-nation array + club job registration FUN_00672320
0x00795430,,best destination-club selector for regen,regen,NOT_YET_PORTED,,,NO,SIMULATION_RELEVANT,STRUCTURALLY_VERIFIED,decompile 0x00795430,scores clubs via FUN_00795570
0x00795570,,destination-club scoring for regen,regen,NOT_YET_PORTED,,,NO,SIMULATION_RELEVANT,STRUCTURALLY_VERIFIED,decompile 0x00795570,reputation/wage fit scoring
0x007958e0,,best fallback player-from-league selector,regen,NOT_YET_PORTED,,,NO,SIMULATION_RELEVANT,STRUCTURALLY_VERIFIED,decompile 0x007958e0,scans league bucket for regen slot fill
0x00795b10,,retire.dat writer,regen,NOT_YET_PORTED,,,NO,PERSISTENCE_RELEVANT,STRUCTURALLY_VERIFIED,decompile 0x00795b10,serializes retire lists via FUN_00921ea0
0x00796020,,retire.dat loader,regen,NOT_YET_PORTED,,,NO,PERSISTENCE_RELEVANT,STRUCTURALLY_VERIFIED,decompile 0x00796020,deserializes retire lists via FUN_00921cc0
0x00796590,,qsort comparator (rating),regen,NON_USEFUL,,,NO,IMPLEMENTATION_ONLY,STRUCTURALLY_VERIFIED,decompile 0x00796590,sort comparator plumbing
0x007965f0,,qsort comparator (date),regen,NON_USEFUL,,,NO,IMPLEMENTATION_ONLY,STRUCTURALLY_VERIFIED,decompile 0x007965f0,sort comparator plumbing
0x007966a0,,regen list contains-id search,regen,NON_USEFUL,,,NO,IMPLEMENTATION_ONLY,STRUCTURALLY_VERIFIED,decompile 0x007966a0,container find plumbing
0x007966e0,,constructor (field init),regen,NON_USEFUL,,,NO,IMPLEMENTATION_ONLY,STRUCTURALLY_VERIFIED,decompile 0x007966e0,object ctor initialising many fields
0x00796840,,destructor,regen,NON_USEFUL,,,NO,IMPLEMENTATION_ONLY,STRUCTURALLY_VERIFIED,decompile 0x00796840,frees +0x1ee/+0x170
0x00667e00,,"league table build: head-to-head aggregate, sort, assign positions",competition,NOT_YET_PORTED,,,NO,SIMULATION_RELEVANT,STRUCTURALLY_VERIFIED,decompile 0x00667e00,clones participant rows and sorts via FUN_006687c0 comparator; not ported (eng_second builds only fixtures)
0x006680e0,,prize-money distribution by finishing position,competition,NOT_YET_PORTED,,,NO,SIMULATION_RELEVANT,STRUCTURALLY_VERIFIED,decompile 0x006680e0,"triangular-weighted pot split, calls finance FUN_0058a490/FUN_00492d50"
0x00668240,,geometric prize-pot accumulator helper,competition,NOT_YET_PORTED,,,NO,SIMULATION_RELEVANT,STRUCTURALLY_VERIFIED,decompile 0x00668240,sums param over participant count; prize math helper
0x006682e0,,apply cash amount to all/one participant club,competition,NOT_YET_PORTED,,,NO,SIMULATION_RELEVANT,STRUCTURALLY_VERIFIED,decompile 0x006682e0,calls finance FUN_0058a490/FUN_004933b0 per club
0x006687c0,,league-table sort comparator (pts/GD/goals/tiebreaks),competition,NOT_YET_PORTED,,,NO,SIMULATION_RELEVANT,STRUCTURALLY_VERIFIED,decompile 0x006687c0,switch over tiebreak-order table at DAT_00b4d574+0xc5
0x006691b0,,per-participant end-of-stage transfer-request plus news processing,competition,NOT_YET_PORTED,,,NO,SIMULATION_RELEVANT,STRUCTURALLY_VERIFIED,decompile 0x006691b0,"recurses into sub-divisions, calls FUN_00597560 and news 0x0d"
0x00669500,,build league news item for small competition (<=8 clubs),competition,NOT_YET_PORTED,,,NO,PLAYER_VISIBLE,STRUCTURALLY_VERIFIED,decompile 0x00669500,news type 0x15 via FUN_0076d730
0x00669910,,end-of-competition winner/champion resolution,competition,NOT_YET_PORTED,,,NO,SIMULATION_RELEVANT,STRUCTURALLY_VERIFIED,decompile 0x00669910,clears champion ptrs and resolves winner via FUN_005e4250/FUN_004b6110
0x00669a90,,"competition date-tick advance dispatcher (start/end callbacks, playoffs)",competition,NOT_YET_PORTED,,,NO,SIMULATION_RELEVANT,STRUCTURALLY_VERIFIED,decompile 0x00669a90,core per-date competition advance; distinct from eng_second fixture driver
0x0066a770,,title/relegation mathematically-decided check,competition,NOT_YET_PORTED,,,NO,SIMULATION_RELEVANT,STRUCTURALLY_VERIFIED,decompile 0x0066a770,clones table then tests unreachable positions
0x0066b000,,register club match result into competition/sub-competition,competition,NOT_YET_PORTED,,,NO,SIMULATION_RELEVANT,STRUCTURALLY_VERIFIED,decompile 0x0066b000,"dispatches to sub-comp vtable, calls FUN_0066b230"
0x0066b230,,"apply match result into standings rows (W/D/L, goals for/against)",competition,NOT_YET_PORTED,,,NO,SIMULATION_RELEVANT,STRUCTURALLY_VERIFIED,decompile 0x0066b230,updates home/away participant rows keyed on club id at +0x1c/+0x20
0x0066b940,,generate match-result news item,competition,NOT_YET_PORTED,,,NO,PLAYER_VISIBLE,STRUCTURALLY_VERIFIED,decompile 0x0066b940,news type 0x0c via FUN_00763b90/FUN_0076d730
0x0066bc10,,select table stat for display (points/goals),competition,NOT_YET_PORTED,,,NO,PLAYER_VISIBLE,STRUCTURALLY_VERIFIED,decompile 0x0066bc10,dispatch on stat code to FUN_00851c00/FUN_00852430/FUN_00853170
0x0066bc70,,record head-to-head result into mini-table cell,competition,NOT_YET_PORTED,,,NO,SIMULATION_RELEVANT,STRUCTURALLY_VERIFIED,decompile 0x0066bc70,increments W/D/L plus points/goals for a head-to-head cell
0x0066c700,,initialize participant row (head-to-head plus form arrays),competition,NOT_YET_PORTED,,,NO,SIMULATION_RELEVANT,STRUCTURALLY_VERIFIED,decompile 0x0066c700,lib.rs cites 0x0066c700 only as a storage-surface anchor; the h2h/form row init is not reproduced
0x0066c9e0,,deep-copy participant array (malloc plus memcpy incl sub-arrays),competition,NON_USEFUL,,,NO,IMPLEMENTATION_ONLY,STRUCTURALLY_VERIFIED,decompile 0x0066c9e0,clone helper used before re-sort; container/memory plumbing
0x0066cc40,,free participant arrays (sub-arrays then table),competition,NON_USEFUL,,,NO,IMPLEMENTATION_ONLY,STRUCTURALLY_VERIFIED,decompile 0x0066cc40,FUN_0093435a frees; cleanup/dtor plumbing
0x0066cde0,,serialize competition state to CM3_TEMP tmp/bak file,competition,REPLACED_BY_RUST,,,NO,PERSISTENCE_RELEVANT,PARTIAL,decompile 0x0066cde0,manual scratch-file serialization; Rust uses streaming JSON save/world persistence
0x0066ed20,,competition-complete gate then trigger end processing,competition,NOT_YET_PORTED,,,NO,SIMULATION_RELEVANT,STRUCTURALLY_VERIFIED,decompile 0x0066ed20,checks all matches played then calls prize FUN_006680e0 and FUN_00853020
0x0066f630,,estimate club form/strength for a fixture,competition,NOT_YET_PORTED,,,NO,SIMULATION_RELEVANT,STRUCTURALLY_VERIFIED,decompile 0x0066f630,derives base rating then calls FUN_0066f720 title-race adjust
0x0066f720,,title/relegation magic-number math (points to clinch or avoid),competition,NOT_YET_PORTED,,,NO,SIMULATION_RELEVANT,STRUCTURALLY_VERIFIED,decompile 0x0066f720,computes matches/points remaining vs leader/rivals
0x0066faa0,,rank clubs by strength and assign seedings,competition,NOT_YET_PORTED,,,NO,SIMULATION_RELEVANT,STRUCTURALLY_VERIFIED,decompile 0x0066faa0,FUN_004c6cf0 sort then FUN_004a9000 seed assign
0x0066fbd0,,clamp condition/cap value across participant clubs,competition,NOT_YET_PORTED,,,NO,SIMULATION_RELEVANT,STRUCTURALLY_VERIFIED,decompile 0x0066fbd0,min/max clamp of field +0x64 per participant
0x0066fcd0,,per-participant manager notification (gated by DAT flag),competition,NOT_YET_PORTED,,,NO,SIMULATION_RELEVANT,STRUCTURALLY_VERIFIED,decompile 0x0066fcd0,calls FUN_006889e0 for each club when DAT_00b4d5b8 set
0x0066fd20,,promotion/relegation zone colour flag for a club,competition,NOT_YET_PORTED,,,NO,PLAYER_VISIBLE,STRUCTURALLY_VERIFIED,decompile 0x0066fd20,returns colour code at +0xc2/+0xc3 from promoted/relegated flags
0x0066fdc0,,find participant row by club id (linear search),competition,NON_USEFUL,,,NO,IMPLEMENTATION_ONLY,STRUCTURALLY_VERIFIED,decompile 0x0066fdc0,pure lookup helper over participant array
0x00670240,,find two clubs by name string within competition,competition,NON_USEFUL,,,NO,IMPLEMENTATION_ONLY,STRUCTURALLY_VERIFIED,decompile 0x00670240,inline strcmp lookup writing results to caller struct
0x00594370,,FixtureManager ctor plus CD-check plus day-slot array alloc,fixtures,NON_USEFUL,,,NO,IMPLEMENTATION_ONLY,STRUCTURALLY_VERIFIED,decompile 0x00594370,constructor/allocation plumbing plus CD-insert loop
0x005952f0,,create/update fixture news record,fixtures,NOT_YET_PORTED,,,NO,PLAYER_VISIBLE,STRUCTURALLY_VERIFIED,decompile 0x005952f0,news type 1 via FUN_00763b90/FUN_0076d730
0x00595b90,,build/fill a fixture record (date/teams/venue),fixtures,NOT_YET_PORTED,,,NO,SIMULATION_RELEVANT,STRUCTURALLY_VERIFIED,decompile 0x00595b90,populates fixture struct fields
0x00596190,,iterate and arrange fixtures for eligible clubs,fixtures,NOT_YET_PORTED,,,NO,SIMULATION_RELEVANT,STRUCTURALLY_VERIFIED,decompile 0x00596190,calls FUN_00595b90/FUN_00594d00/FUN_005952f0 over record list
0x005966e0,,load fixtures from CM3_TEMP fixtures_N.tmp,fixtures,REPLACED_BY_RUST,,,NO,PERSISTENCE_RELEVANT,PARTIAL,decompile 0x005966e0,fread of 0x4f-byte records; Rust uses JSON save persistence
0x00596a30,,load fixtures tmp with club-pointer rebind,fixtures,REPLACED_BY_RUST,,,NO,PERSISTENCE_RELEVANT,PARTIAL,decompile 0x00596a30,deserializes and relinks club/comp pointers; Rust persistence replaces
0x00596e20,,find-or-create fixture-manager for date and match record,fixtures,NON_USEFUL,,,NO,IMPLEMENTATION_ONLY,STRUCTURALLY_VERIFIED,decompile 0x00596e20,linked-list navigation plus inline memcmp lookup; container mgmt
0x00597560,,arrange a fixture (date/venue selection) plus news,fixtures,NOT_YET_PORTED,,,NO,SIMULATION_RELEVANT,STRUCTURALLY_VERIFIED,decompile 0x00597560,large scheduler; called from league 0x006691b0
0x00597e00,,fixture date-conflict resolution,fixtures,NOT_YET_PORTED,,,NO,SIMULATION_RELEVANT,STRUCTURALLY_VERIFIED,decompile 0x00597e00,resolves clashing dates across managers
0x00598220,,process fixture result and emit news,fixtures,NOT_YET_PORTED,,,NO,SIMULATION_RELEVANT,STRUCTURALLY_VERIFIED,decompile 0x00598220,reads team ptrs at +7/+8 and builds result news
0x00598a00,,iterate a club fixtures list,fixtures,NOT_YET_PORTED,,,NO,SIMULATION_RELEVANT,STRUCTURALLY_VERIFIED,decompile 0x00598a00,walks fixture record list for a club
0x00598d50,,is-club-busy-on-date query (3 fixture slots),fixtures,NOT_YET_PORTED,,,NO,SIMULATION_RELEVANT,STRUCTURALLY_VERIFIED,decompile 0x00598d50,checks FUN_00596590 slots 0/1/2 for the date
0x00599050,,schedule a match for a club (availability gated),fixtures,NOT_YET_PORTED,,,NO,SIMULATION_RELEVANT,STRUCTURALLY_VERIFIED,decompile 0x00599050,gated by FUN_005b09e0 club availability
0x00599510,,load club_dates.tmp into DAT_00acdc5c,fixtures,REPLACED_BY_RUST,,,NO,PERSISTENCE_RELEVANT,PARTIAL,decompile 0x00599510,scratch-file load; Rust persistence replaces
0x005996c0,,save club_dates.tmp,fixtures,REPLACED_BY_RUST,,,NO,PERSISTENCE_RELEVANT,PARTIAL,decompile 0x005996c0,scratch-file write; Rust persistence replaces
0x00599a10,,load check_fixture_legs.tmp,fixtures,REPLACED_BY_RUST,,,NO,PERSISTENCE_RELEVANT,PARTIAL,decompile 0x00599a10,scratch-file load; Rust persistence replaces
0x00599b20,,save check_fixture_legs.tmp,fixtures,REPLACED_BY_RUST,,,NO,PERSISTENCE_RELEVANT,PARTIAL,decompile 0x00599b20,scratch-file write; Rust persistence replaces
0x00599cb0,,init/clear 0x10-slot day array plus prune,fixtures,NON_USEFUL,,,NO,IMPLEMENTATION_ONLY,STRUCTURALLY_VERIFIED,decompile 0x00599cb0,zero-init container plus conditional prune plumbing
0x00599d20,,free 0x10-slot day array,fixtures,NON_USEFUL,,,NO,IMPLEMENTATION_ONLY,STRUCTURALLY_VERIFIED,decompile 0x00599d20,dtor/free plumbing
0x005ac250,,FriendliesManager ctor (vtable/CD-check/pool alloc),friendly,NON_USEFUL,,,NO,IMPLEMENTATION_ONLY,STRUCTURALLY_VERIFIED,decompile 0x005ac250,friendly.rs cites 0x005ac250 only in a source-label string; ctor/alloc plumbing
0x005ac570,,scalar deleting destructor,friendly,NON_USEFUL,,,NO,IMPLEMENTATION_ONLY,STRUCTURALLY_VERIFIED,decompile 0x005ac570,dtor plus conditional free
0x005ac590,,destructor,friendly,NON_USEFUL,,,NO,IMPLEMENTATION_ONLY,STRUCTURALLY_VERIFIED,decompile 0x005ac590,trivial dtor
0x005ac5a0,,destructor (release sub-objects and free pools),friendly,NON_USEFUL,,,NO,IMPLEMENTATION_ONLY,STRUCTURALLY_VERIFIED,decompile 0x005ac5a0,frees 0x7f offer slots and arrays
0x005aca70,,build friendly opponent candidate pool,friendly,NOT_YET_PORTED,,,NO,SIMULATION_RELEVANT,STRUCTURALLY_VERIFIED,decompile 0x005aca70,"mallocs list, filters clubs via FUN_00525450, derives strength"
0x005acc80,,friendly-date acceptable predicate,friendly,NOT_YET_PORTED,,,NO,SIMULATION_RELEVANT,STRUCTURALLY_VERIFIED,decompile 0x005acc80,date-window check against manager calendar
0x005acdb0,,lookup and process a scheduled friendly by date,friendly,NOT_YET_PORTED,,,NO,SIMULATION_RELEVANT,STRUCTURALLY_VERIFIED,decompile 0x005acdb0,scans friendlies array at +0x2871 for the date
0x005ad010,,arrange/record a friendly and its result/news,friendly,NOT_YET_PORTED,,,NO,SIMULATION_RELEVANT,STRUCTURALLY_VERIFIED,decompile 0x005ad010,friendly result handling
0x005ad310,,friendly opponent scoring / arrange AI,friendly,NOT_YET_PORTED,,,NO,SIMULATION_RELEVANT,STRUCTURALLY_VERIFIED,decompile 0x005ad310,large arrange routine (14 allocs)
0x005adeb0,,friendly arrangement helper,friendly,NOT_YET_PORTED,,,NO,SIMULATION_RELEVANT,STRUCTURALLY_VERIFIED,decompile 0x005adeb0,arrange support logic
0x005ae310,,friendly offer accept/reject negotiation,friendly,NOT_YET_PORTED,,,NO,SIMULATION_RELEVANT,STRUCTURALLY_VERIFIED,decompile 0x005ae310,evaluates and responds to a friendly offer
0x005ae650,,scheduling window intersection for two clubs,friendly,NOT_YET_PORTED,,,NO,SIMULATION_RELEVANT,STRUCTURALLY_VERIFIED,decompile 0x005ae650,computes overlapping available date range
0x005ae870,,is-club-committed-on-date predicate,friendly,NOT_YET_PORTED,,,NO,SIMULATION_RELEVANT,STRUCTURALLY_VERIFIED,decompile 0x005ae870,scans club fixture list for the date
0x005ae950,,pick opponent by stadium-capacity band plus reputation,friendly,NOT_YET_PORTED,,,NO,SIMULATION_RELEVANT,STRUCTURALLY_VERIFIED,decompile 0x005ae950,capacity tiers 2k..8k plus reputation filter over all clubs
0x005aea40,,arrange a tour (multiple friendlies) AI,friendly,NOT_YET_PORTED,,,NO,SIMULATION_RELEVANT,STRUCTURALLY_VERIFIED,decompile 0x005aea40,builds a sequence of tour matches
0x005aee30,,append friendly to dynamic array (grow by 100),friendly,NON_USEFUL,,,NO,IMPLEMENTATION_ONLY,STRUCTURALLY_VERIFIED,decompile 0x005aee30,realloc plus store; container-growth plumbing
0x005aef80,,clamp strength then insert friendly by rating,friendly,NOT_YET_PORTED,,,NO,SIMULATION_RELEVANT,STRUCTURALLY_VERIFIED,decompile 0x005aef80,clamps param 1..20 then rating-ordered insert
0x005af310,,binary-search/insert friendly into sorted array,friendly,NON_USEFUL,,,NO,IMPLEMENTATION_ONLY,STRUCTURALLY_VERIFIED,decompile 0x005af310,FUN_009354f4 bsearch container helper
0x005af5a0,,stadium-capacity to tier band (1..5) getter,friendly,NOT_YET_PORTED,,,NO,SIMULATION_RELEVANT,STRUCTURALLY_VERIFIED,decompile 0x005af5a0,derived banding used in matchmaking; small but genuine rule
0x005af5e0,,lazy-init friendly list node (operator_new),friendly,NON_USEFUL,,,NO,IMPLEMENTATION_ONLY,STRUCTURALLY_VERIFIED,decompile 0x005af5e0,allocates list container node
0x005afaf0,,arrange friendly and emit news,friendly,NOT_YET_PORTED,,,NO,PLAYER_VISIBLE,STRUCTURALLY_VERIFIED,decompile 0x005afaf0,news via FUN_00763b90/FUN_0076d730
0x005b0210,,friendly result news,friendly,NOT_YET_PORTED,,,NO,PLAYER_VISIBLE,STRUCTURALLY_VERIFIED,decompile 0x005b0210,builds a friendly news item
0x005b0620,,friendly appeal/attendance computation,friendly,NOT_YET_PORTED,,,NO,SIMULATION_RELEVANT,STRUCTURALLY_VERIFIED,decompile 0x005b0620,derives draw from stadium plus opponent reputation
0x005b0a10,,friendly dedup check (already-scheduled pair),friendly,NOT_YET_PORTED,,,NO,SIMULATION_RELEVANT,STRUCTURALLY_VERIFIED,decompile 0x005b0a10,scans arranged list for matching club/date
0x005b10b0,,allocate and populate a friendly offer slot,friendly,NOT_YET_PORTED,,,NO,SIMULATION_RELEVANT,STRUCTURALLY_VERIFIED,decompile 0x005b10b0,finds free 0x50-stride slot and fills terms/dates
0x005b1490,,construct friendly negotiation object,friendly,NON_USEFUL,,,NO,IMPLEMENTATION_ONLY,STRUCTURALLY_VERIFIED,decompile 0x005b1490,operator_new 0x107 plus array init; factory plumbing
0x005b1770,,match-type code to category classifier,friendly,NON_USEFUL,,,NO,IMPLEMENTATION_ONLY,STRUCTURALLY_VERIFIED,decompile 0x005b1770,small switch returning 1/2/3
0x005b2500,,friendly news item,friendly,NOT_YET_PORTED,,,NO,PLAYER_VISIBLE,STRUCTURALLY_VERIFIED,decompile 0x005b2500,builds friendly news
0x005b2c90,,load friendlies from CM3_TEMP tmp file,friendly,REPLACED_BY_RUST,,,NO,PERSISTENCE_RELEVANT,PARTIAL,decompile 0x005b2c90,fread of friendly records; Rust persistence replaces
0x005b3860,,array-init helper (ctor),friendly,NON_USEFUL,,,NO,IMPLEMENTATION_ONLY,STRUCTURALLY_VERIFIED,decompile 0x005b3860,FUN_0093534b sub-array init
0x005b4610,,build cached national-team list and sort,friendly,NON_USEFUL,,,NO,IMPLEMENTATION_ONLY,STRUCTURALLY_VERIFIED,decompile 0x005b4610,malloc plus filter clubs with +0x71 plus sort; cache build
0x005b4720,,master friendly-arrange AI engine,friendly,NOT_YET_PORTED,,,NO,SIMULATION_RELEVANT,STRUCTURALLY_VERIFIED,decompile 0x005b4720,897-byte core arrangement routine
0x005b5be0,,6-field friendly struct setter,friendly,NON_USEFUL,,,NO,IMPLEMENTATION_ONLY,STRUCTURALLY_VERIFIED,decompile 0x005b5be0,trivial field writes
0x005b5c10,,schedule international friendlies by nation calendar flags,friendly,NOT_YET_PORTED,,,NO,SIMULATION_RELEVANT,STRUCTURALLY_VERIFIED,decompile 0x005b5c10,gated on nation +0x4d & 0x300
0x005b5d30,,arrange friendlies for the current date (tick),friendly,NOT_YET_PORTED,,,NO,SIMULATION_RELEVANT,STRUCTURALLY_VERIFIED,decompile 0x005b5d30,date-driven arrange loop
0x005b6000,,thin date-set wrapper,friendly,NON_USEFUL,,,NO,IMPLEMENTATION_ONLY,STRUCTURALLY_VERIFIED,decompile 0x005b6000,delegates to FUN_00533d10
0x005b6020,,arrange a friendly fixture with reputation logic,friendly,NOT_YET_PORTED,,,NO,SIMULATION_RELEVANT,STRUCTURALLY_VERIFIED,decompile 0x005b6020,matches two clubs and books the fixture
0x005b6500,,init friendly-config table (alloc plus globals),friendly,NON_USEFUL,,,NO,IMPLEMENTATION_ONLY,STRUCTURALLY_VERIFIED,decompile 0x005b6500,malloc 0x20 plus fill from DAT globals
0x005b6610,,friendly opponent eligibility (reputation/rival check),friendly,NOT_YET_PORTED,,,NO,SIMULATION_RELEVANT,STRUCTURALLY_VERIFIED,decompile 0x005b6610,config-table lookup plus reputation comparisons
0x005b6740,,rotate/reschedule friendly dates across season plus sort,friendly,NOT_YET_PORTED,,,NO,SIMULATION_RELEVANT,STRUCTURALLY_VERIFIED,decompile 0x005b6740,date arithmetic mod 4 then sort via LAB_005b6880
0x005b6820,,date-compare qsort comparator,friendly,NON_USEFUL,,,NO,IMPLEMENTATION_ONLY,STRUCTURALLY_VERIFIED,decompile 0x005b6820,delegates to FUN_00457080/FUN_00457050 date compare
0x005b6920,,continue trampoline (FUN_008fc5d0 plus FUN_005b6f10),friendly,NON_USEFUL,,,NO,IMPLEMENTATION_ONLY,STRUCTURALLY_VERIFIED,decompile 0x005b6920,main.rs references 0x005b6920 as an execution-model anchor only; 3-call wrapper
0x00566ab0,,"Euro qualifying competition ctor/setup (quadrennial-1 year-snap, 8-9 groups)",international-comp,NOT_YET_PORTED,,,NO,SIMULATION_RELEVANT,STRUCTURALLY_VERIFIED,decompile 0x00566ab0,UEFA Euro qualifying (England participates); group_stage.rs engine exists but not wired to this comp
0x00566d20,,scalar deleting destructor,international-comp,NON_USEFUL,,,NO,IMPLEMENTATION_ONLY,STRUCTURALLY_VERIFIED,decompile 0x00566d20,thunk to dtor 0x00566d40 + free
0x00566d40,,destructor,international-comp,NON_USEFUL,,,NO,IMPLEMENTATION_ONLY,STRUCTURALLY_VERIFIED,decompile 0x00566d40,frees group array + sub-objects
0x00567680,,group-count helper by format,international-comp,NOT_YET_PORTED,,,NO,SIMULATION_RELEVANT,STRUCTURALLY_VERIFIED,decompile 0x00567680,returns groups-per-round from format flag +0xf6
0x00567760,,qualifying draw/group seeding allocation,international-comp,NOT_YET_PORTED,,,NO,SIMULATION_RELEVANT,STRUCTURALLY_VERIFIED,decompile 0x00567760,seeds nations into qualifying groups
0x00568490,,group-stage table builder,international-comp,NOT_YET_PORTED,,,NO,SIMULATION_RELEVANT,STRUCTURALLY_VERIFIED,decompile 0x00568490,builds per-group league tables
0x005685a0,,competition config init,international-comp,NOT_YET_PORTED,,,NO,SIMULATION_RELEVANT,STRUCTURALLY_VERIFIED,decompile 0x005685a0,sets comp params + calendar getter
0x005689c0,,group round/table builder,international-comp,NOT_YET_PORTED,,,NO,SIMULATION_RELEVANT,STRUCTURALLY_VERIFIED,decompile 0x005689c0,allocates group league object via FUN_00670350
0x00568c00,,draw execution + playoff bracket,international-comp,NOT_YET_PORTED,,,NO,SIMULATION_RELEVANT,STRUCTURALLY_VERIFIED,decompile 0x00568c00,runs draw and builds playoff pairings
0x005692b0,,qualifying pool setup (host/rep counts),international-comp,NOT_YET_PORTED,,,NO,SIMULATION_RELEVANT,STRUCTURALLY_VERIFIED,decompile 0x005692b0,counts hosts and sizes qualifying pool
0x005695d0,,playoff round builder,international-comp,NOT_YET_PORTED,,,NO,SIMULATION_RELEVANT,STRUCTURALLY_VERIFIED,decompile 0x005695d0,builds two-leg playoff via FUN_00670350
0x005696c0,,fixture scheduling,international-comp,NOT_YET_PORTED,,,NO,SIMULATION_RELEVANT,STRUCTURALLY_VERIFIED,decompile 0x005696c0,schedules qualifying matchdays
0x00569a10,,tick/date advance handler,international-comp,NOT_YET_PORTED,,,NO,SIMULATION_RELEVANT,STRUCTURALLY_VERIFIED,decompile 0x00569a10,per-tick date check driving qualifying progress
0x00569cc0,,qualification-complete tick predicate,international-comp,NOT_YET_PORTED,,,NO,SIMULATION_RELEVANT,STRUCTURALLY_VERIFIED,decompile 0x00569cc0,gates finalization on completion flag +0xfb
0x00569cf0,,qualification finalization (mark qualified/withdraw),international-comp,NOT_YET_PORTED,,,NO,SIMULATION_RELEVANT,STRUCTURALLY_VERIFIED,decompile 0x00569cf0,marks qualified national teams
0x0056a830,,team-strength rating helper,international-comp,NOT_YET_PORTED,,,NO,SIMULATION_RELEVANT,STRUCTURALLY_VERIFIED,decompile 0x0056a830,seeding category from two nation attributes
0x0056a880,,hardcoded Euro-qualifying fixture generator,international-comp,NOT_YET_PORTED,,,NO,SIMULATION_RELEVANT,STRUCTURALLY_VERIFIED,decompile 0x0056a880,emits full historical Euro-qualifying schedule
0x0056cba0,,single-fixture inserter helper,international-comp,NOT_YET_PORTED,,,NO,SIMULATION_RELEVANT,STRUCTURALLY_VERIFIED,decompile 0x0056cba0,inserts one qualifying fixture with date/teams
0x0056cf30,,sub-object ctor (vtable set),international-comp,NON_USEFUL,,,NO,IMPLEMENTATION_ONLY,STRUCTURALLY_VERIFIED,decompile 0x0056cf30,forwards to FUN_008d5460 + sets vtable
0x0056cf70,,array init fill 0xff,international-comp,NON_USEFUL,,,NO,IMPLEMENTATION_ONLY,STRUCTURALLY_VERIFIED,decompile 0x0056cf70,initializes 10 dwords + short to -1
0x0056d0b0,,small object ctor (vtable set),international-comp,NON_USEFUL,,,NO,IMPLEMENTATION_ONLY,STRUCTURALLY_VERIFIED,decompile 0x0056d0b0,forwards to FUN_0074fed0 + sets vtable
0x00907700,,WC Euro-qualifying competition ctor/setup,international-comp,NOT_YET_PORTED,,,NO,SIMULATION_RELEVANT,STRUCTURALLY_VERIFIED,decompile 0x00907700,FIFA World Cup UEFA-zone qualifying (England participates); unported
0x00907990,,scalar deleting destructor,international-comp,NON_USEFUL,,,NO,IMPLEMENTATION_ONLY,STRUCTURALLY_VERIFIED,decompile 0x00907990,thunk to dtor 0x009079b0 + free
0x009079b0,,destructor,international-comp,NON_USEFUL,,,NO,IMPLEMENTATION_ONLY,STRUCTURALLY_VERIFIED,decompile 0x009079b0,frees group array + sub-objects
0x009082c0,,group-count helper by format,international-comp,NOT_YET_PORTED,,,NO,SIMULATION_RELEVANT,STRUCTURALLY_VERIFIED,decompile 0x009082c0,returns group count from format flag +0xf6
0x009083b0,,qualifying draw/group allocation,international-comp,NOT_YET_PORTED,,,NO,SIMULATION_RELEVANT,STRUCTURALLY_VERIFIED,decompile 0x009083b0,shuffles nations into qualifying groups
0x009085c0,,group-stage table builder,international-comp,NOT_YET_PORTED,,,NO,SIMULATION_RELEVANT,STRUCTURALLY_VERIFIED,decompile 0x009085c0,builds per-group league tables
0x009086d0,,competition config init,international-comp,NOT_YET_PORTED,,,NO,SIMULATION_RELEVANT,STRUCTURALLY_VERIFIED,decompile 0x009086d0,sets comp params + calendar getter
0x00908bc0,,group round/table builder,international-comp,NOT_YET_PORTED,,,NO,SIMULATION_RELEVANT,STRUCTURALLY_VERIFIED,decompile 0x00908bc0,allocates group league object via FUN_00670350
0x00908e00,,draw execution + playoff seeding,international-comp,NOT_YET_PORTED,,,NO,SIMULATION_RELEVANT,STRUCTURALLY_VERIFIED,decompile 0x00908e00,runs draw and builds playoff pairings
0x00909320,,qualifying pool setup (host reps),international-comp,NOT_YET_PORTED,,,NO,SIMULATION_RELEVANT,STRUCTURALLY_VERIFIED,decompile 0x00909320,counts hosts and sizes qualifying pool
0x00909630,,playoff round builder,international-comp,NOT_YET_PORTED,,,NO,SIMULATION_RELEVANT,STRUCTURALLY_VERIFIED,decompile 0x00909630,builds two-leg playoff via FUN_00670350
0x00909730,,fixture scheduling,international-comp,NOT_YET_PORTED,,,NO,SIMULATION_RELEVANT,STRUCTURALLY_VERIFIED,decompile 0x00909730,schedules qualifying matchdays
0x009099f0,,tick/date advance handler,international-comp,NOT_YET_PORTED,,,NO,SIMULATION_RELEVANT,STRUCTURALLY_VERIFIED,decompile 0x009099f0,per-tick date check driving qualifying progress
0x00909ca0,,qualification-complete tick predicate,international-comp,NOT_YET_PORTED,,,NO,SIMULATION_RELEVANT,STRUCTURALLY_VERIFIED,decompile 0x00909ca0,gates finalization on completion flag +0xfb
0x00909cd0,,qualification finalization (mark qualified/withdraw),international-comp,NOT_YET_PORTED,,,NO,SIMULATION_RELEVANT,STRUCTURALLY_VERIFIED,decompile 0x00909cd0,marks qualified national teams
0x0090ac00,,team-strength rating helper,international-comp,NOT_YET_PORTED,,,NO,SIMULATION_RELEVANT,STRUCTURALLY_VERIFIED,decompile 0x0090ac00,seeding category from two nation attributes
0x0090ac50,,hardcoded WC Euro-qualifying fixture generator,international-comp,NOT_YET_PORTED,,,NO,SIMULATION_RELEVANT,STRUCTURALLY_VERIFIED,decompile 0x0090ac50,emits full historical WC-qualifying schedule via FUN_0090d050
0x0090d050,,single-fixture inserter helper,international-comp,NOT_YET_PORTED,,,NO,SIMULATION_RELEVANT,STRUCTURALLY_VERIFIED,decompile 0x0090d050,inserts one qualifying fixture with date/teams
0x0090d3e0,,playoff pairing helper (team-in-group lookup),international-comp,NOT_YET_PORTED,,,NO,SIMULATION_RELEVANT,STRUCTURALLY_VERIFIED,decompile 0x0090d3e0,finds team in one group absent from another
0x0091b4c0,,"World Cup finals ctor/setup (quadrennial, 32 teams)",international-comp,NOT_YET_PORTED,,,NO,SIMULATION_RELEVANT,STRUCTURALLY_VERIFIED,decompile 0x0091b4c0,FIFA World Cup finals (England participates); no Rust build
0x0091b720,,scalar deleting destructor,international-comp,NON_USEFUL,,,NO,IMPLEMENTATION_ONLY,STRUCTURALLY_VERIFIED,decompile 0x0091b720,thunk to dtor 0x0091b740 + free
0x0091b740,,destructor,international-comp,NON_USEFUL,,,NO,IMPLEMENTATION_ONLY,STRUCTURALLY_VERIFIED,decompile 0x0091b740,frees group array + sub-objects
0x0091c660,,group registration,international-comp,NOT_YET_PORTED,,,NO,SIMULATION_RELEVANT,STRUCTURALLY_VERIFIED,decompile 0x0091c660,registers qualified teams into groups
0x0091c770,,competition config init,international-comp,NOT_YET_PORTED,,,NO,SIMULATION_RELEVANT,STRUCTURALLY_VERIFIED,decompile 0x0091c770,sets comp params + calendar getter
0x0091c880,,tick-callback thunk,international-comp,NON_USEFUL,,,NO,IMPLEMENTATION_ONLY,STRUCTURALLY_VERIFIED,decompile 0x0091c880,forwards to vtable +0x30 + FUN_0075d060
0x0091cab0,,group-stage builder,international-comp,NOT_YET_PORTED,,,NO,SIMULATION_RELEVANT,STRUCTURALLY_VERIFIED,decompile 0x0091cab0,builds a finals group via FUN_00670350
0x0091cce0,,knockout/final-stage builder,international-comp,NOT_YET_PORTED,,,NO,SIMULATION_RELEVANT,STRUCTURALLY_VERIFIED,decompile 0x0091cce0,builds 16-slot knockout via FUN_0050ca60
0x0091cfb0,,host + seed draw setup,international-comp,NOT_YET_PORTED,,,NO,SIMULATION_RELEVANT,STRUCTURALLY_VERIFIED,decompile 0x0091cfb0,places host and seeded nations into draw
0x0091dcb0,,add-team helper,international-comp,NOT_YET_PORTED,,,NO,SIMULATION_RELEVANT,STRUCTURALLY_VERIFIED,decompile 0x0091dcb0,appends a qualified team to draw slot
0x0091dd60,,group draw driver,international-comp,NOT_YET_PORTED,,,NO,SIMULATION_RELEVANT,STRUCTURALLY_VERIFIED,decompile 0x0091dd60,orchestrates seeding then 8 group builds
0x0091deb0,,pot/seeding draw,international-comp,NOT_YET_PORTED,,,NO,SIMULATION_RELEVANT,STRUCTURALLY_VERIFIED,decompile 0x0091deb0,randomized pot allocation for finals draw
0x0091e250,,tick/date handler,international-comp,NOT_YET_PORTED,,,NO,SIMULATION_RELEVANT,STRUCTURALLY_VERIFIED,decompile 0x0091e250,per-tick date check triggering draw
0x0091e2e0,,finals draw + confederation seeding,international-comp,NOT_YET_PORTED,,,NO,SIMULATION_RELEVANT,STRUCTURALLY_VERIFIED,decompile 0x0091e2e0,seeds 32 finalists by continent into pots
0x0091ebd0,,team-strength rating helper,international-comp,NOT_YET_PORTED,,,NO,SIMULATION_RELEVANT,STRUCTURALLY_VERIFIED,decompile 0x0091ebd0,seeding category from two nation attributes
0x0091eca0,,award/report sub-object ctor,international-comp,NON_USEFUL,,,NO,IMPLEMENTATION_ONLY,STRUCTURALLY_VERIFIED,decompile 0x0091eca0,vtable set + forwards to FUN_00751ec0/FUN_0091ed10
0x00787860,,Olympic football ctor/setup (quadrennial),international-comp,NOT_YET_PORTED,,,NO,SIMULATION_RELEVANT,STRUCTURALLY_VERIFIED,decompile 0x00787860,Olympic football tournament; England (GB) rarely enters but in-scope; unported
0x00787a20,,scalar deleting destructor,international-comp,NON_USEFUL,,,NO,IMPLEMENTATION_ONLY,STRUCTURALLY_VERIFIED,decompile 0x00787a20,thunk to dtor 0x00787a40 + free
0x00787a40,,destructor,international-comp,NON_USEFUL,,,NO,IMPLEMENTATION_ONLY,STRUCTURALLY_VERIFIED,decompile 0x00787a40,frees group array + sub-objects
0x00788470,,group registration,international-comp,NOT_YET_PORTED,,,NO,SIMULATION_RELEVANT,STRUCTURALLY_VERIFIED,decompile 0x00788470,registers qualified teams into groups
0x00788560,,competition config init,international-comp,NOT_YET_PORTED,,,NO,SIMULATION_RELEVANT,STRUCTURALLY_VERIFIED,decompile 0x00788560,sets comp params + calendar getter
0x00788900,,group-stage builder,international-comp,NOT_YET_PORTED,,,NO,SIMULATION_RELEVANT,STRUCTURALLY_VERIFIED,decompile 0x00788900,builds an Olympic group via FUN_00670350
0x00788af0,,knockout/medal builder,international-comp,NOT_YET_PORTED,,,NO,SIMULATION_RELEVANT,STRUCTURALLY_VERIFIED,decompile 0x00788af0,builds knockout + medal matches via FUN_0050ca60
0x00788d10,,qualification draw + confederation seeding,international-comp,NOT_YET_PORTED,,,NO,SIMULATION_RELEVANT,STRUCTURALLY_VERIFIED,decompile 0x00788d10,selects 16 nations by confederation into pots
0x007894f0,,tick/date handler + draw trigger,international-comp,NOT_YET_PORTED,,,NO,SIMULATION_RELEVANT,STRUCTURALLY_VERIFIED,decompile 0x007894f0,per-tick date check driving draw and progress
0x00789a00,,physical-memory query util,international-comp,NON_USEFUL,,,NO,IMPLEMENTATION_ONLY,STRUCTURALLY_VERIFIED,decompile 0x00789a00,GlobalMemoryStatus total-phys helper; not competition logic
0x00789a80,,CPU-speed detection util,international-comp,NON_USEFUL,,,NO,IMPLEMENTATION_ONLY,STRUCTURALLY_VERIFIED,decompile 0x00789a80,loads cpuinf32.dll to detect CPU speed; not competition logic
0x00564530,,"European Championship ctor/setup (comp 406, quadrennial)",international-comp,PORTED_BEHAVIOURAL,crates/cm-domain/src/lib.rs,build_cup_edition,YES,SIMULATION_RELEVANT,PARTIAL,rust:crates/cm-domain/src/lib.rs,cited 0x00564530; comp drawn via ACN engine as documented simplification (lib.rs ~17906)
0x00564750,,scalar deleting destructor,international-comp,NON_USEFUL,,,NO,IMPLEMENTATION_ONLY,STRUCTURALLY_VERIFIED,decompile 0x00564750,thunk to dtor 0x00564770 + free
0x00564770,,destructor,international-comp,NON_USEFUL,,,NO,IMPLEMENTATION_ONLY,STRUCTURALLY_VERIFIED,decompile 0x00564770,frees group array + sub-objects
0x005651d0,,group registration,international-comp,NOT_YET_PORTED,,,NO,SIMULATION_RELEVANT,STRUCTURALLY_VERIFIED,decompile 0x005651d0,registers selected nations into 4 groups
0x005652d0,,competition config init,international-comp,NOT_YET_PORTED,,,NO,SIMULATION_RELEVANT,STRUCTURALLY_VERIFIED,decompile 0x005652d0,sets Euro-finals comp params + calendar
0x005653d0,,tick-callback thunk,international-comp,NON_USEFUL,,,NO,IMPLEMENTATION_ONLY,STRUCTURALLY_VERIFIED,decompile 0x005653d0,forwards to vtable +0x30 + FUN_0075d060
0x005655b0,,group-stage builder,international-comp,NOT_YET_PORTED,,,NO,SIMULATION_RELEVANT,STRUCTURALLY_VERIFIED,decompile 0x005655b0,builds a finals group via FUN_00670350; not in ACN engine
0x005657e0,,knockout builder,international-comp,NOT_YET_PORTED,,,NO,SIMULATION_RELEVANT,STRUCTURALLY_VERIFIED,decompile 0x005657e0,builds knockout via FUN_0050ca60; not in ACN engine
0x00565a20,,host/qualifier seeding setup,international-comp,NOT_YET_PORTED,,,NO,SIMULATION_RELEVANT,STRUCTURALLY_VERIFIED,decompile 0x00565a20,seeds host + top nations into finals pots
0x00565dc0,,add-team helper,international-comp,NOT_YET_PORTED,,,NO,SIMULATION_RELEVANT,STRUCTURALLY_VERIFIED,decompile 0x00565dc0,appends a qualified team to finals slot
0x00565e70,,draw driver,international-comp,NOT_YET_PORTED,,,NO,SIMULATION_RELEVANT,STRUCTURALLY_VERIFIED,decompile 0x00565e70,orchestrates seed then 3 group builds; ACN engine draws differently
0x00565fc0,,pot/seeding randomizer,international-comp,NOT_YET_PORTED,,,NO,SIMULATION_RELEVANT,STRUCTURALLY_VERIFIED,decompile 0x00565fc0,randomized pot allocation for finals draw
0x005663b0,,seeded pot draw + host placement,international-comp,NOT_YET_PORTED,,,NO,SIMULATION_RELEVANT,STRUCTURALLY_VERIFIED,decompile 0x005663b0,sorts pots and pins host/seeds into positions
0x00566a20,,team-strength rating helper,international-comp,NOT_YET_PORTED,,,NO,SIMULATION_RELEVANT,STRUCTURALLY_VERIFIED,decompile 0x00566a20,seeding category from two nation attributes
0x005750c0,,"FIFA Confederations Cup ctor/setup (comp 403, biennial)",international-comp,PORTED_BEHAVIOURAL,crates/cm-domain/src/lib.rs,build_cup_edition,YES,SIMULATION_RELEVANT,PARTIAL,rust:crates/cm-domain/src/lib.rs,cited 0x005750c0; comp drawn via ACN engine as documented simplification (lib.rs ~16770)
0x00575230,,scalar deleting destructor,international-comp,NON_USEFUL,,,NO,IMPLEMENTATION_ONLY,STRUCTURALLY_VERIFIED,decompile 0x00575230,thunk to dtor 0x00575250 + free
0x00575250,,destructor,international-comp,NON_USEFUL,,,NO,IMPLEMENTATION_ONLY,STRUCTURALLY_VERIFIED,decompile 0x00575250,frees group array + sub-objects
0x00575a60,,group setup/registration,international-comp,NOT_YET_PORTED,,,NO,SIMULATION_RELEVANT,STRUCTURALLY_VERIFIED,decompile 0x00575a60,sorts + registers 8 nations into groups
0x00575b60,,competition config init,international-comp,NOT_YET_PORTED,,,NO,SIMULATION_RELEVANT,STRUCTURALLY_VERIFIED,decompile 0x00575b60,sets Confederations Cup params + calendar
0x00575da0,,end-of-edition cleanup + biennial advance,international-comp,NOT_YET_PORTED,,,NO,SIMULATION_RELEVANT,STRUCTURALLY_VERIFIED,decompile 0x00575da0,tears down edition and advances year by 2
0x00575eb0,,group-stage builder,international-comp,NOT_YET_PORTED,,,NO,SIMULATION_RELEVANT,STRUCTURALLY_VERIFIED,decompile 0x00575eb0,builds a group via FUN_00670350; not in ACN engine
0x00576080,,final/3rd-place builder,international-comp,NOT_YET_PORTED,,,NO,SIMULATION_RELEVANT,STRUCTURALLY_VERIFIED,decompile 0x00576080,builds final + third-place via FUN_0050ca60
0x00576260,,tick/date handler + draw trigger,international-comp,NOT_YET_PORTED,,,NO,SIMULATION_RELEVANT,STRUCTURALLY_VERIFIED,decompile 0x00576260,per-tick date check triggering draw/reset
0x00576460,,host + confederation-rep draw,international-comp,NOT_YET_PORTED,,,NO,SIMULATION_RELEVANT,STRUCTURALLY_VERIFIED,decompile 0x00576460,picks host + 6 confederation representatives
0x00576a60,,confederation representative selector,international-comp,NOT_YET_PORTED,,,NO,SIMULATION_RELEVANT,STRUCTURALLY_VERIFIED,decompile 0x00576a60,chooses a nation from a confederation pool
0x00576c50,,sub-object ctor,international-comp,NON_USEFUL,,,NO,IMPLEMENTATION_ONLY,STRUCTURALLY_VERIFIED,decompile 0x00576c50,vtable set + forwards to FUN_00577550/FUN_00577b00
0x00576cd0,,array-free cleanup loop,international-comp,NON_USEFUL,,,NO,IMPLEMENTATION_ONLY,STRUCTURALLY_VERIFIED,decompile 0x00576cd0,frees per-nation entries then array
0x0061c690,,Intertoto Cup ctor/setup (comp 330),international-comp,PORTED_BEHAVIOURAL,crates/cm-domain/src/intl_comps.rs,intertoto_cup_pool,YES,SIMULATION_RELEVANT,PARTIAL,rust:crates/cm-domain/src/intl_comps.rs,cited 0x0061c690; lib.rs new-game builds Intertoto via domestic_cup + intertoto_cup_pool
0x0061c890,,scalar deleting destructor,international-comp,NON_USEFUL,,,NO,IMPLEMENTATION_ONLY,STRUCTURALLY_VERIFIED,decompile 0x0061c890,thunk to dtor 0x0061c8b0 + free
0x0061c8b0,,destructor,international-comp,NON_USEFUL,,,NO,IMPLEMENTATION_ONLY,STRUCTURALLY_VERIFIED,decompile 0x0061c8b0,frees round array + sub-objects
0x0061c980,,Intertoto 5-round schedule descriptor builder,international-comp,PORTED_PARTIAL,crates/cm-domain/src/lib.rs,generate_first_round,YES,SIMULATION_RELEVANT,PARTIAL,rust:crates/cm-domain/src/lib.rs,Rust generates first round only via domestic_cup::generate_first_round; full 5-round bracket not reproduced
0x00563da0,,UEFA Super Cup ctor/setup (comp 329),international-comp,PORTED_BEHAVIOURAL,crates/cm-domain/src/intl_comps.rs,uefa_super_cup_state,YES,SIMULATION_RELEVANT,BEHAVIOURALLY_EXACT,rust:crates/cm-domain/src/euro_super_cup.rs,cited 0x00563da0; single tie CL winner vs UEFA Cup winner reproduced via super_cup engine
0x00563f70,,scalar deleting destructor,international-comp,NON_USEFUL,,,NO,IMPLEMENTATION_ONLY,STRUCTURALLY_VERIFIED,decompile 0x00563f70,thunk to dtor 0x00563f90 + free
0x00563f90,,destructor,international-comp,NON_USEFUL,,,NO,IMPLEMENTATION_ONLY,STRUCTURALLY_VERIFIED,decompile 0x00563f90,frees participant array + sub-objects
0x00564060,,single-tie schedule descriptor builder,international-comp,PORTED_BEHAVIOURAL,crates/cm-domain/src/super_cup.rs,advance,YES,SIMULATION_RELEVANT,BEHAVIOURALLY_EXACT,rust:crates/cm-domain/src/super_cup.rs,builds the one-off super-cup fixture; super_cup::advance reproduces the tie
0x005641a0,,participant/date setup helper (feeder comps),international-comp,PORTED_BEHAVIOURAL,crates/cm-domain/src/intl_comps.rs,uefa_super_cup_state,YES,SIMULATION_RELEVANT,PARTIAL,rust:crates/cm-domain/src/intl_comps.rs,selects the two feeder competition winners; Rust state encodes same participants
0x007c78b0,,FIFA ruling-body object ctor,international-comp,NON_USEFUL,,,NO,IMPLEMENTATION_ONLY,STRUCTURALLY_VERIFIED,decompile 0x007c78b0,vtable + config-byte init only
0x007c7900,,FIFA ruling-body weekly discipline processing,international-comp,NOT_YET_PORTED,,,NO,SIMULATION_RELEVANT,STRUCTURALLY_VERIFIED,decompile 0x007c7900,applies international bans/suspensions (affects English players); unported
0x007c5ad0,,UEFA ruling-body object ctor,international-comp,NON_USEFUL,,,NO,IMPLEMENTATION_ONLY,STRUCTURALLY_VERIFIED,decompile 0x007c5ad0,vtable + config-byte init only
0x007c5b20,,UEFA ruling-body discipline processing,international-comp,NOT_YET_PORTED,,,NO,SIMULATION_RELEVANT,STRUCTURALLY_VERIFIED,decompile 0x007c5b20,applies European bans/suspensions (affects English clubs); unported
0x0058f930,,fine table save/serialize,discipline,NOT_YET_PORTED,,,NO,PERSISTENCE_RELEVANT,STRUCTURALLY_VERIFIED,decompile 0x0058f930,writes fine.dat via FUN_00921ea0 fwrite loop; persistence of unported fine subsystem
0x0058fe90,,fine byte-field setter,discipline,NON_USEFUL,,,NO,IMPLEMENTATION_ONLY,STRUCTURALLY_VERIFIED,decompile 0x0058fe90,trivial setter: writes ftol result to (base+8)+player_id
0x0058fee0,,apply disciplinary fine effects,discipline,NOT_YET_PORTED,,,NO,SIMULATION_RELEVANT,STRUCTURALLY_VERIFIED,decompile 0x0058fee0,"core fine logic: morale +0x59, relationships, attr +0x44, generates news 0x1784; no Rust impl"
0x00590f10,,disciplinary action validity gate,discipline,NOT_YET_PORTED,,,NO,SIMULATION_RELEVANT,STRUCTURALLY_VERIFIED,decompile 0x00590f10,returns 0/1 whether a fine/warning of given severity is permitted; checks prior actions/injuries/awol
0x00591900,,discipline reason string formatter,discipline,NOT_YET_PORTED,,,NO,PLAYER_VISIBLE,STRUCTURALLY_VERIFIED,decompile 0x00591900,maps reason code to text (Unprofessional Behaviour/Violent Behaviour/etc)
0x00591a10,,fine news event builder,discipline,NOT_YET_PORTED,,,NO,PLAYER_VISIBLE,STRUCTURALLY_VERIFIED,decompile 0x00591a10,builds news item 0xbc6 with FUN_0076d730 fields
0x00591c40,,fine/warning news text formatter,discipline,NOT_YET_PORTED,,,NO,PLAYER_VISIBLE,STRUCTURALLY_VERIFIED,decompile 0x00591c40,reads news params via FUN_0076d7d0 and formats fine/protest strings
0x00592430,,board-concern news formatter,discipline,NOT_YET_PORTED,,,NO,PLAYER_VISIBLE,STRUCTURALLY_VERIFIED,decompile 0x00592430,formats board-concerns news text
0x005925f0,,discipline news formatter,discipline,NOT_YET_PORTED,,,NO,PLAYER_VISIBLE,STRUCTURALLY_VERIFIED,decompile 0x005925f0,news text formatter (stack-param variant) reading FUN_0076d7d0
0x00592940,,Discipline Player dialog builder,discipline,NOT_YET_PORTED,,,NO,UI_RENDERING,STRUCTURALLY_VERIFIED,decompile 0x00592940,builds the disciplinary-action screen widgets via FUN_00549580/FUN_00549790
0x004194e0,,awol table save/serialize,discipline,NOT_YET_PORTED,,,NO,PERSISTENCE_RELEVANT,STRUCTURALLY_VERIFIED,decompile 0x004194e0,writes awol.dat via FUN_00921ea0; persistence of unported AWOL subsystem
0x00419b50,,player-is-AWOL flag query,discipline,NOT_YET_PORTED,,,NO,SIMULATION_RELEVANT,STRUCTURALLY_VERIFIED,decompile 0x00419b50,reads AWOL flag bit 2 at (base+0xc)+player_id
0x00419bd0,,AWOL list membership query,discipline,NOT_YET_PORTED,,,NO,SIMULATION_RELEVANT,STRUCTURALLY_VERIFIED,decompile 0x00419bd0,iterates record list checking player-id membership
0x0041a3a0,,set player AWOL with morale/relationship hit,discipline,NOT_YET_PORTED,,,NO,SIMULATION_RELEVANT,STRUCTURALLY_VERIFIED,decompile 0x0041a3a0,"sets AWOL flag bit 1, tweaks morale +9/0xb/0xd, schedules event 0xc, calls FUN_0041a630"
0x0041a630,,AWOL news event builder,discipline,NOT_YET_PORTED,,,NO,PLAYER_VISIBLE,STRUCTURALLY_VERIFIED,decompile 0x0041a630,builds news item 0xbc5
0x0041a7c0,,AWOL news text formatter,discipline,NOT_YET_PORTED,,,NO,PLAYER_VISIBLE,STRUCTURALLY_VERIFIED,decompile 0x0041a7c0,formats player/club AWOL news strings via FUN_0076d7d0
0x0041aec0,,AWOL discipline tick/trigger,discipline,NOT_YET_PORTED,,,NO,SIMULATION_RELEVANT,STRUCTURALLY_VERIFIED,decompile 0x0041aec0,"processes low-morale players into AWOL, applies penalties, may call fine FUN_0058fee0"
0x0041b190,,AWOL news event builder,discipline,NOT_YET_PORTED,,,NO,PLAYER_VISIBLE,STRUCTURALLY_VERIFIED,decompile 0x0041b190,builds news item 0xbc9
0x0041b440,,AWOL/coach-report news formatter,discipline,NOT_YET_PORTED,,,NO,PLAYER_VISIBLE,STRUCTURALLY_VERIFIED,decompile 0x0041b440,formats AWOL and chief-coach-report news text
0x0041b930,,AWOL transfer-request event with fine,discipline,NOT_YET_PORTED,,,NO,SIMULATION_RELEVANT,STRUCTURALLY_VERIFIED,decompile 0x0041b930,generates transfer-request event 0x138f and may trigger fine FUN_0058fee0
0x0041bb90,,AWOL news formatter,discipline,NOT_YET_PORTED,,,NO,PLAYER_VISIBLE,STRUCTURALLY_VERIFIED,decompile 0x0041bb90,news text formatter (stack-param variant)
0x007cf880,,RulingBody ctor,discipline,NON_USEFUL,,,NO,IMPLEMENTATION_ONLY,STRUCTURALLY_VERIFIED,decompile 0x007cf880,"constructor: sets vtable PTR_LAB_0095cdb4, allocates, invokes load"
0x007cf980,,RulingBody dtor,discipline,NON_USEFUL,,,NO,IMPLEMENTATION_ONLY,STRUCTURALLY_VERIFIED,decompile 0x007cf980,destructor: frees member pointers
0x007cf9c0,,ruling-body suspension table load,discipline,NOT_YET_PORTED,,,NO,PERSISTENCE_RELEVANT,STRUCTURALLY_VERIFIED,decompile 0x007cf9c0,deserializes 0x70-byte suspension records via FUN_00921cc0 fread
0x007cfca0,,ruling-body suspension table save,discipline,NOT_YET_PORTED,,,NO,PERSISTENCE_RELEVANT,STRUCTURALLY_VERIFIED,decompile 0x007cfca0,serializes suspension records via FUN_00921ea0 fwrite
0x007d0110,,apply suspension across club players,discipline,NOT_YET_PORTED,,,NO,SIMULATION_RELEVANT,STRUCTURALLY_VERIFIED,decompile 0x007d0110,iterates club squads applying ban/suspension state via FUN_00540a90
0x007d0400,,find-or-create ban record entry,discipline,NOT_YET_PORTED,,,NO,SIMULATION_RELEVANT,STRUCTURALLY_VERIFIED,decompile 0x007d0400,lookup/append 0xe-byte ban record with array growth
0x007d0630,,merge/transfer ban record,discipline,NOT_YET_PORTED,,,NO,SIMULATION_RELEVANT,STRUCTURALLY_VERIFIED,decompile 0x007d0630,accumulates ban counts across records
0x007d06b0,,clear ban record slot,discipline,NOT_YET_PORTED,,,NO,SIMULATION_RELEVANT,STRUCTURALLY_VERIFIED,decompile 0x007d06b0,sets record+6 to 0xffff via FUN_007d0400 lookup
0x007d06d0,,player match-suspension eligibility check,discipline,NOT_YET_PORTED,,,NO,SIMULATION_RELEVANT,STRUCTURALLY_VERIFIED,decompile 0x007d06d0,returns whether player is banned for a match; compares ban dates/counts and same-nation card tally
0x007d09f0,,suspension description text formatter,discipline,NOT_YET_PORTED,,,NO,PLAYER_VISIBLE,STRUCTURALLY_VERIFIED,decompile 0x007d09f0,formats ban descriptions (one-card-away / N-match ban / time length)
0x007d0e80,,ban record vtable dispatch wrapper,discipline,NON_USEFUL,,,NO,IMPLEMENTATION_ONLY,STRUCTURALLY_VERIFIED,decompile 0x007d0e80,thin wrapper: FUN_007d0400 lookup then vtable+0x14 call
0x007d0f30,,ban length from offence type calc,discipline,NOT_YET_PORTED,,,NO,SIMULATION_RELEVANT,STRUCTURALLY_VERIFIED,decompile 0x007d0f30,computes match/time ban length from offence code 9-0xc scaled by severity
0x007d1170,,compact/rebuild ban record array,discipline,NOT_YET_PORTED,,,NO,SIMULATION_RELEVANT,STRUCTURALLY_VERIFIED,decompile 0x007d1170,garbage-collects -1 entries and reindexes ban store (realloc)
0x007d12a0,,reset ban flags per nation,discipline,NOT_YET_PORTED,,,NO,SIMULATION_RELEVANT,STRUCTURALLY_VERIFIED,decompile 0x007d12a0,clears record+1 flag for records matching nation
0x007d12f0,,remove ban records by key,discipline,NOT_YET_PORTED,,,NO,SIMULATION_RELEVANT,STRUCTURALLY_VERIFIED,decompile 0x007d12f0,erases list entries whose +0x1c matches param via FUN_00672440
0x00581f70,,club transfer/wage budget cap calc,finance,NOT_YET_PORTED,,,NO,SIMULATION_RELEVANT,STRUCTURALLY_VERIFIED,decompile 0x00581f70,reputation/nation-tiered budget cap using FUN_00582870 status; distinct from ported board-cash mechanisms
0x00582500,,finance available-budget setter,finance,NON_USEFUL,,,NO,IMPLEMENTATION_ONLY,STRUCTURALLY_VERIFIED,decompile 0x00582500,trivial setter writing ftol result to finance+0x14
0x00582530,,club wage-bill and budget aggregate compute,finance,NOT_YET_PORTED,,,NO,SIMULATION_RELEVANT,STRUCTURALLY_VERIFIED,decompile 0x00582530,"sums squad+staff wages, max wage, projects budget via FUN_00580a90; ledger not ported"
0x00582980,,ledger bucket accumulate,finance,NOT_YET_PORTED,,,NO,SIMULATION_RELEVANT,STRUCTURALLY_VERIFIED,decompile 0x00582980,adds amount to 0x167 ledger buckets [0x56]/[0x2e]/[0]; buckets NOT_YET_PORTED per task
0x005839c0,,ledger bucket 64-bit credit,finance,NOT_YET_PORTED,,,NO,SIMULATION_RELEVANT,STRUCTURALLY_VERIFIED,decompile 0x005839c0,64-bit add to ledger buckets [0x1e]/[0x46]/[0]
0x00583a50,,ledger bucket 64-bit debit,finance,NOT_YET_PORTED,,,NO,SIMULATION_RELEVANT,STRUCTURALLY_VERIFIED,decompile 0x00583a50,"64-bit add to [0x1c]/[0x44], subtract from balance [0]"
0x00583aa0,,ledger bucket debit,finance,NOT_YET_PORTED,,,NO,SIMULATION_RELEVANT,STRUCTURALLY_VERIFIED,decompile 0x00583aa0,"adds to buckets [0x4f]/[0x27], subtracts from balance [0]"
0x00583ae0,,ledger bucket debit,finance,NOT_YET_PORTED,,,NO,SIMULATION_RELEVANT,STRUCTURALLY_VERIFIED,decompile 0x00583ae0,"adds to [0x4c]/[0x24], subtracts balance; only a lib.rs comment string references addr, not a port"
0x00583be0,,player wage/income ledger processing,finance,NOT_YET_PORTED,,,NO,SIMULATION_RELEVANT,STRUCTURALLY_VERIFIED,decompile 0x00583be0,reputation-scaled wage/income posting into ledger buckets [0x2b]/[0x53]/[0x57]/[0x2f]
0x00584760,,FinanceBook 0x167 array dtor,finance,NON_USEFUL,,,NO,IMPLEMENTATION_ONLY,STRUCTURALLY_VERIFIED,decompile 0x00584760,vector destructor over 0x167-byte finance records via FUN_0093534b/FUN_0061d290
0x00586e70,,all-clubs finance recompute driver,finance,NOT_YET_PORTED,,,NO,SIMULATION_RELEVANT,STRUCTURALLY_VERIFIED,decompile 0x00586e70,iterates every club calling FUN_00582530 to recompute finances
0x005892e0,,transfer-budget news formatter,finance,NOT_YET_PORTED,,,NO,PLAYER_VISIBLE,STRUCTURALLY_VERIFIED,decompile 0x005892e0,formats board transfer/wage budget news via FUN_0076d7d0
0x005898c0,,health-and-safety stadium-closure news formatter,finance,NOT_YET_PORTED,,,NO,PLAYER_VISIBLE,STRUCTURALLY_VERIFIED,decompile 0x005898c0,formats terracing/stand closure news
0x00589a90,,training-ground/expansion news formatter,finance,NOT_YET_PORTED,,,NO,PLAYER_VISIBLE,STRUCTURALLY_VERIFIED,decompile 0x00589a90,formats training-ground and stadium-expansion planning news
0x00589bf0,,financial-crisis/receivers news formatter,finance,NOT_YET_PORTED,,,NO,PLAYER_VISIBLE,STRUCTURALLY_VERIFIED,decompile 0x00589bf0,formats crisis/receivers-appointed news
0x00589db0,,finance news formatter,finance,NOT_YET_PORTED,,,NO,PLAYER_VISIBLE,STRUCTURALLY_VERIFIED,decompile 0x00589db0,generic finance news text formatter via FUN_0076d7d0
0x00589f50,,stadium-works news formatter,finance,NOT_YET_PORTED,,,NO,PLAYER_VISIBLE,STRUCTURALLY_VERIFIED,decompile 0x00589f50,formats stadium purchase/sale/undersoil/training-facility news
0x0058a130,,club-relocation news formatter,finance,NOT_YET_PORTED,,,NO,PLAYER_VISIBLE,STRUCTURALLY_VERIFIED,decompile 0x0058a130,formats club relocation news
0x0058a280,,receivers-appeased news formatter,finance,NOT_YET_PORTED,,,NO,PLAYER_VISIBLE,STRUCTURALLY_VERIFIED,decompile 0x0058a280,formats receivers-appeased news
0x0058a3c0,,stadium-expansion news formatter,finance,NOT_YET_PORTED,,,NO,PLAYER_VISIBLE,STRUCTURALLY_VERIFIED,decompile 0x0058a3c0,formats stadium-expansion plans news
0x0089d7d0,,training.dat load/deserialize,training,NOT_YET_PORTED,,,NO,PERSISTENCE_RELEVANT,STRUCTURALLY_VERIFIED,decompile 0x0089d7d0,"loads per-player schedules, coach records, 0x60 schedule defs via FUN_00921cc0"
0x0089db50,,training.dat save/serialize,training,NOT_YET_PORTED,,,NO,PERSISTENCE_RELEVANT,STRUCTURALLY_VERIFIED,decompile 0x0089db50,serializes training state via FUN_00921ea0
0x0089e930,,rebuild all schedule labels driver,training,NOT_YET_PORTED,,,NO,IMPLEMENTATION_ONLY,STRUCTURALLY_VERIFIED,decompile 0x0089e930,loops 0xa7 schedules calling label builder FUN_008a1860
0x0089e950,,assign training category to player,training,NOT_YET_PORTED,,,NO,SIMULATION_RELEVANT,STRUCTURALLY_VERIFIED,decompile 0x0089e950,"sets player training category, calls ported tick FUN_0089de50 then recomputes coaches/positions"
0x0089eab0,,set player schedule and recompute coaches,training,NOT_YET_PORTED,,,NO,SIMULATION_RELEVANT,STRUCTURALLY_VERIFIED,decompile 0x0089eab0,copies schedule into slot then FUN_0089ef80 coach reallocation
0x0089eb70,,bulk auto-assign training to squads,training,NOT_YET_PORTED,,,NO,SIMULATION_RELEVANT,STRUCTURALLY_VERIFIED,decompile 0x0089eb70,assigns default categories to youth/senior groups by age threshold
0x0089ef80,,rebuild player coach assignments,training,NOT_YET_PORTED,,,NO,SIMULATION_RELEVANT,STRUCTURALLY_VERIFIED,decompile 0x0089ef80,reconciles per-category coach list against available coaches and rates them
0x0089fb80,,build club training-schedule list query,training,NOT_YET_PORTED,,,NO,SIMULATION_RELEVANT,STRUCTURALLY_VERIFIED,decompile 0x0089fb80,enumerates club players with their assigned schedule category
0x0089fd10,,copy-out player schedule getter,training,NON_USEFUL,,,NO,IMPLEMENTATION_ONLY,STRUCTURALLY_VERIFIED,decompile 0x0089fd10,trivial 0x1a-byte schedule struct copy via FUN_008a1440
0x0089fdb0,,apply/undo training preview deltas,training,NOT_YET_PORTED,,,NO,SIMULATION_RELEVANT,STRUCTURALLY_VERIFIED,decompile 0x0089fdb0,reads schedule nibble deltas and applies via ported FUN_0089f350 (preview toggle)
0x0089ff30,,training attribute-gain delta calc,training,NOT_YET_PORTED,,,NO,SIMULATION_RELEVANT,STRUCTURALLY_VERIFIED,decompile 0x0089ff30,applies FUN_0089f350 forward and reverse to return attribute delta
0x008a00a0,,schedule array index helper,training,NON_USEFUL,,,NO,IMPLEMENTATION_ONLY,STRUCTURALLY_VERIFIED,decompile 0x008a00a0,address computation into 0x9b-stride schedule array
0x008a0160,,effective training schedule query,training,NOT_YET_PORTED,,,NO,SIMULATION_RELEVANT,STRUCTURALLY_VERIFIED,decompile 0x008a0160,resolves the schedule pointer for a player accounting for loan club and youth status
0x008a03c0,,boot init training schedule array,training,NOT_YET_PORTED,,,NO,SIMULATION_RELEVANT,STRUCTURALLY_VERIFIED,decompile 0x008a03c0,allocates and default-initializes per-player schedule categories by age at boot
0x008a04b0,,precompute all schedule effectiveness driver,training,NOT_YET_PORTED,,,NO,SIMULATION_RELEVANT,STRUCTURALLY_VERIFIED,decompile 0x008a04b0,builds 0x10-week schedule effectiveness tables via ported dial FUN_008a15c0
0x008a0a40,,new position/side familiarity training,training,NOT_YET_PORTED,,,NO,SIMULATION_RELEVANT,STRUCTURALLY_VERIFIED,decompile 0x008a0a40,drives position/side retraining via FUN_008a0bc0 (unported per memory)
0x008a0ee0,,training position-rating from attributes,training,NOT_YET_PORTED,,,NO,SIMULATION_RELEVANT,STRUCTURALLY_VERIFIED,decompile 0x008a0ee0,computes per-position rating from type10 attrs by position mask for training
0x008a1120,,add player to new-position training list,training,NOT_YET_PORTED,,,NO,SIMULATION_RELEVANT,STRUCTURALLY_VERIFIED,decompile 0x008a1120,appends to new-position list with array growth and sets flag bit 0x10
0x008a1580,,init training-schedule record,training,NON_USEFUL,,,NO,IMPLEMENTATION_ONLY,STRUCTURALLY_VERIFIED,decompile 0x008a1580,initializer setting fixed default fields (magic 0x200cb)
0x008a1770,,count players on a schedule query,training,NOT_YET_PORTED,,,NO,SIMULATION_RELEVANT,STRUCTURALLY_VERIFIED,decompile 0x008a1770,sorts and counts players matching a training schedule
0x008a1860,,training schedule label builder,training,NOT_YET_PORTED,,,NO,PLAYER_VISIBLE,STRUCTURALLY_VERIFIED,decompile 0x008a1860,builds display label (Overview/Fitness/Shooting/Skill/Tactics/Gk) via strncpy
0x008a1990,,import training schedule from file,training,NOT_YET_PORTED,,,NO,PERSISTENCE_RELEVANT,STRUCTURALLY_VERIFIED,decompile 0x008a1990,"reads 0x6a-byte schedule from external file, checks magic 0x200cb"
0x008a1b40,,export training schedule to file,training,NOT_YET_PORTED,,,NO,PERSISTENCE_RELEVANT,STRUCTURALLY_VERIFIED,decompile 0x008a1b40,writes schedule record to external file
0x00652820,,per-nation season-boundary resolver,nation,NOT_YET_PORTED,,,NO,SIMULATION_RELEVANT,STRUCTURALLY_VERIFIED,decompile 0x00652820,iterates selected nations (+0x11c flag) computing season boundary dates via FUN_00533b50/FUN_00418770
0x00652930,,key-nation array teardown,nation,NON_USEFUL,,,NO,IMPLEMENTATION_ONLY,STRUCTURALLY_VERIFIED,decompile 0x00652930,frees per-nation object arrays via vtable destroy loop
0x006530b0,,nation classification group A predicate,nation,NOT_YET_PORTED,,,NO,SIMULATION_RELEVANT,STRUCTURALLY_VERIFIED,decompile 0x006530b0,returns 1 if nation id is in a fixed ~7-nation group
0x00653180,,nation classification group B predicate,nation,NOT_YET_PORTED,,,NO,SIMULATION_RELEVANT,STRUCTURALLY_VERIFIED,decompile 0x00653180,returns 1 if nation id is in a fixed ~10-nation group
0x00653b00,,keyboard-layout language detection init,nation,NON_USEFUL,,,NO,IMPLEMENTATION_ONLY,STRUCTURALLY_VERIFIED,decompile 0x00653b00,Win32 GetKeyboardLayout locale detection setting language index; platform plumbing
0x00653ca0,,language table free/teardown,nation,NON_USEFUL,,,NO,IMPLEMENTATION_ONLY,STRUCTURALLY_VERIFIED,decompile 0x00653ca0,frees DAT_00b4d568 language array
0x00653cf0,,language record element dtor,nation,NON_USEFUL,,,NO,IMPLEMENTATION_ONLY,STRUCTURALLY_VERIFIED,decompile 0x00653cf0,frees three pointer members of a language record
0x00752120,,national-teams CD-check + pool load init,national-teams,NON_USEFUL,,,NO,IMPLEMENTATION_ONLY,STRUCTURALLY_VERIFIED,decompile 0x00752120,scans logical drives for CM01/02 CD then inits pool; copy-protection + container init plumbing
0x00752350,,national-teams struct destructor (free members),national-teams,NON_USEFUL,,,NO,IMPLEMENTATION_ONLY,STRUCTURALLY_VERIFIED,decompile 0x00752350,frees param_1[0..9]+0x36 allocations; dtor plumbing
0x00752480,,national-teams selection-pool builder/init,national-teams,NOT_YET_PORTED,,,NO,SIMULATION_RELEVANT,STRUCTURALLY_VERIFIED,decompile 0x00752480,allocs per-nation 0x6e records at +4/+8/+0x36 and tallies players per nation from person pool; Rust national_teams.rs is a CA-rank proxy not this
0x00753d30,,squad-slot selected-flag setter (=1),national-teams,NON_USEFUL,,,NO,IMPLEMENTATION_ONLY,STRUCTURALLY_VERIFIED,decompile 0x00753d30,writes 1 to slot+0x44; trivial setter
0x00753d60,,national squad auto-selection engine,national-teams,NOT_YET_PORTED,,,NO,SIMULATION_RELEVANT,PARTIAL,decompile 0x00753d60,665B core squad-pick logic (person FUN_00524f20 / training FUN_00881910 / availability FUN_005ea590); Rust uses CA-rank proxy
0x00755070,,news-string field getter (bounds-checked),national-teams,NON_USEFUL,,,NO,IMPLEMENTATION_ONLY,STRUCTURALLY_VERIFIED,decompile 0x00755070,strncpy field accessor with error path; trivial getter
0x007551a0,,per-nation selection record helper,national-teams,NOT_YET_PORTED,,,NO,SIMULATION_RELEVANT,PARTIAL,decompile 0x007551a0,builds/returns per-nation selection record (rng-seeded date window); no Rust port
0x00755420,,squad-slot flag setter (=0),national-teams,NON_USEFUL,,,NO,IMPLEMENTATION_ONLY,STRUCTURALLY_VERIFIED,decompile 0x00755420,writes 0 to slot+0x45; trivial setter
0x007555f0,,call-up eligibility predicate,national-teams,NOT_YET_PORTED,,,NO,SIMULATION_RELEVANT,STRUCTURALLY_VERIFIED,decompile 0x007555f0,nationality/registration/club eligibility rules for national call-up; not modelled by CA-rank proxy
0x007556c0,,squad-type eligibility predicate (senior/u21/u23),national-teams,NOT_YET_PORTED,,,NO,SIMULATION_RELEVANT,STRUCTURALLY_VERIFIED,decompile 0x007556c0,per squad-type (param_3 0/1/2) eligibility using flags +0x5e bit8/bit4; not ported
0x00755740,,national squad add/remove with validation,national-teams,NOT_YET_PORTED,,,NO,PLAYER_VISIBLE,STRUCTURALLY_VERIFIED,decompile 0x00755740,guarded squad add/remove with cannot-add/remove/injured messages; not ported
0x00755c50,,squad-slot selected-flag getter,national-teams,NON_USEFUL,,,NO,IMPLEMENTATION_ONLY,STRUCTURALLY_VERIFIED,decompile 0x00755c50,returns char at slot+0x44; trivial getter
0x00755c80,,squad-slot record-address getter,national-teams,NON_USEFUL,,,NO,IMPLEMENTATION_ONLY,STRUCTURALLY_VERIFIED,decompile 0x00755c80,returns slot+0x3a address; trivial getter
0x00755cb0,,squad-slot status getter (injured/flag),national-teams,NON_USEFUL,,,NO,IMPLEMENTATION_ONLY,STRUCTURALLY_VERIFIED,decompile 0x00755cb0,returns injury/flag state byte; trivial getter
0x00755cf0,,call-up news item builder (grouped by nation),national-teams,NOT_YET_PORTED,,,NO,PLAYER_VISIBLE,STRUCTURALLY_VERIFIED,decompile 0x00755cf0,assembles international call-up news via FUN_0076d730 populate; news view/assembly not ported
0x00755ff0,,international news multi-line formatter,national-teams,NOT_YET_PORTED,,,NO,PLAYER_VISIBLE,STRUCTURALLY_VERIFIED,decompile 0x00755ff0,480B prose assembly (FUN_006547c0 x21 / FUN_004b5360 x14 / FUN_0076d7d0 x12); news.rs ships only representative subset
0x00756de0,,fixture/draw notification news item builder,national-teams,NOT_YET_PORTED,,,NO,PLAYER_VISIBLE,STRUCTURALLY_VERIFIED,decompile 0x00756de0,FUN_0076d730 populate + FUN_0076dce0 deliver; not ported
0x00756fb0,,requested-to-select-squad news formatter,national-teams,NOT_YET_PORTED,,,NO,PLAYER_VISIBLE,STRUCTURALLY_VERIFIED,decompile 0x00756fb0,manager squad-selection request prose; not ported
0x00757410,,international news-item generator (type 0x20),national-teams,NOT_YET_PORTED,,,NO,PLAYER_VISIBLE,STRUCTURALLY_VERIFIED,decompile 0x00757410,FUN_00763b90(0x20)+FUN_0076d730 populate; not ported
0x00757680,,international news formatter (type 0x20),national-teams,NOT_YET_PORTED,,,NO,PLAYER_VISIBLE,STRUCTURALLY_VERIFIED,decompile 0x00757680,reads item params via FUN_0076d7d0 and formats player-name templates; not ported
0x00757950,,international news-item generator (type 0x21),national-teams,NOT_YET_PORTED,,,NO,PLAYER_VISIBLE,STRUCTURALLY_VERIFIED,decompile 0x00757950,FUN_00763b90(0x21)+FUN_0076d730 populate; not ported
0x00757b80,,international news formatter (type 0x21),national-teams,NOT_YET_PORTED,,,NO,PLAYER_VISIBLE,STRUCTURALLY_VERIFIED,decompile 0x00757b80,paired formatter for 0x21 news; not ported
0x00757e30,,international news-item generator (type 0x22),national-teams,NOT_YET_PORTED,,,NO,PLAYER_VISIBLE,STRUCTURALLY_VERIFIED,decompile 0x00757e30,FUN_00763b90(0x22)+FUN_0076d730 populate; not ported
0x00758030,,international news formatter (type 0x22),national-teams,NOT_YET_PORTED,,,NO,PLAYER_VISIBLE,STRUCTURALLY_VERIFIED,decompile 0x00758030,paired formatter for 0x22 news; not ported
0x00758300,,squad-list news-item generator,national-teams,NOT_YET_PORTED,,,NO,PLAYER_VISIBLE,PARTIAL,decompile 0x00758300,FUN_0076d730 x16 populate of squad-list news; not ported
0x00758960,,international match-report formatter (Captain/MOTM),national-teams,NOT_YET_PORTED,,,NO,PLAYER_VISIBLE,STRUCTURALLY_VERIFIED,decompile 0x00758960,"16912B report assembly (Captain / Man of the match, FUN_006547c0 x81); not ported"
0x0075cb70,,national squad-list field reset (1-key),national-teams,NOT_YET_PORTED,,,NO,SIMULATION_RELEVANT,PARTIAL,decompile 0x0075cb70,walks job list FUN_00672400 resetting +0x10 for matching nation; not ported
0x0075cbd0,,national squad-list field reset (2-key),national-teams,NOT_YET_PORTED,,,NO,SIMULATION_RELEVANT,PARTIAL,decompile 0x0075cbd0,walks job list resetting +4 for matching nation+entry; not ported
0x0075cc40,,national squad slot remove + notify,national-teams,NOT_YET_PORTED,,,NO,SIMULATION_RELEVANT,STRUCTURALLY_VERIFIED,decompile 0x0075cc40,"clears slot+4, restores pending pick, notifies via FUN_006889e0; not ported"
0x0075ccb0,,clear national squad slots by competition/nation,national-teams,NOT_YET_PORTED,,,NO,SIMULATION_RELEVANT,STRUCTURALLY_VERIFIED,decompile 0x0075ccb0,iterates DAT_00acd5b0 comps clearing matching squad slots; not ported
0x0075ce60,,assign/swap player in national squad slot,national-teams,NOT_YET_PORTED,,,NO,SIMULATION_RELEVANT,STRUCTURALLY_VERIFIED,decompile 0x0075ce60,handles all-star vs regular comp codes when placing pick; not ported
0x0075d060,,clear all national squad slots for nation,national-teams,NOT_YET_PORTED,,,NO,SIMULATION_RELEVANT,STRUCTURALLY_VERIFIED,decompile 0x0075d060,walks nation roster clearing slot+4 and notifying FUN_0068a880; not ported
0x0075d160,,squad-slot flag getter (injury/type branch),national-teams,NON_USEFUL,,,NO,IMPLEMENTATION_ONLY,STRUCTURALLY_VERIFIED,decompile 0x0075d160,computes squad-type index from injury then reads slot+0x43 byte; getter
0x0075d250,,senior/Under-21/Under-23 team-name label builder,national-teams,NOT_YET_PORTED,,,NO,PLAYER_VISIBLE,STRUCTURALLY_VERIFIED,decompile 0x0075d250,picks Under 21 / Under 23 / senior team label string; not ported
0x0075d410,,international selection/retirement decision,national-teams,NOT_YET_PORTED,,,NO,SIMULATION_RELEVANT,STRUCTURALLY_VERIFIED,decompile 0x0075d410,age-range + all-star-squad checks deciding intl participation (COMMENT on international); not ported
0x0075d910,,international retirement processing,national-teams,NOT_YET_PORTED,,,NO,SIMULATION_RELEVANT,STRUCTURALLY_VERIFIED,decompile 0x0075d910,retires player from national squad (FUN_00757410 notify + FUN_0075df30 remove); not ported
0x0075dbd0,,national squad-selection notify sub-step,national-teams,NOT_YET_PORTED,,,NO,SIMULATION_RELEVANT,PARTIAL,decompile 0x0075dbd0,selection sub-step invoked from FUN_0075d910 path; not ported
0x0075de90,,add player to national squad slot array,national-teams,NOT_YET_PORTED,,,NO,SIMULATION_RELEVANT,STRUCTURALLY_VERIFIED,decompile 0x0075de90,"finds free slot in +0xd7[0x32], sets club/nation +0x24 and morale 0xb; not ported"
0x0075df30,,remove player from national squad slot array,national-teams,NOT_YET_PORTED,,,NO,SIMULATION_RELEVANT,STRUCTURALLY_VERIFIED,decompile 0x0075df30,"clears +0xd7 entry, resets +0x24/+0x28/+0x5e; not ported"
0x0075dfc0,,thin national eligibility predicate wrapper,national-teams,NON_USEFUL,,,NO,IMPLEMENTATION_ONLY,STRUCTURALLY_VERIFIED,decompile 0x0075dfc0,delegates to FUN_00531910; 12B wrapper
0x0075dff0,,national_teams.dat loader,national-teams,NOT_YET_PORTED,,,NO,PERSISTENCE_RELEVANT,STRUCTURALLY_VERIFIED,decompile 0x0075dff0,reads national_teams.dat via FUN_00921cc0; no Rust persistence (proxy recomputed not saved)
0x0075e660,,national_teams.dat saver,national-teams,NOT_YET_PORTED,,,NO,PERSISTENCE_RELEVANT,STRUCTURALLY_VERIFIED,decompile 0x0075e660,writes national_teams.dat via FUN_00921ea0; no Rust persistence
0x0075ec00,,appearance-count fatigue/eligibility check,national-teams,NOT_YET_PORTED,,,NO,SIMULATION_RELEVANT,STRUCTURALLY_VERIFIED,decompile 0x0075ec00,returns 0 if player has >2 caps in date window; not ported
0x0075f200,,national availability grid builder,national-teams,NOT_YET_PORTED,,,NO,SIMULATION_RELEVANT,STRUCTURALLY_VERIFIED,decompile 0x0075f200,allocs +0x24 grid and marks per-player availability 1/2/3 across comps; not ported
0x0075f5f0,,selection-pair container push helper,national-teams,NON_USEFUL,,,NO,IMPLEMENTATION_ONLY,STRUCTURALLY_VERIFIED,decompile 0x0075f5f0,pushes pair via FUN_00672320; container plumbing
0x0075f620,,squad-selection news item builder (CA-sorted),national-teams,NOT_YET_PORTED,,,NO,PLAYER_VISIBLE,STRUCTURALLY_VERIFIED,decompile 0x0075f620,sorts squad by CA (+0x80) and populates news item via FUN_0076d730; not ported
0x0075f8e0,,nation-selection input screen builder,national-teams,NOT_YET_PORTED,,,NO,UI_RENDERING,STRUCTURALLY_VERIFIED,decompile 0x0075f8e0,screen with eg England / eg Italy nation-picker widgets; not ported
0x008077e0,,Network Play menu screen builder,setup,NOT_YET_PORTED,,,NO,UI_RENDERING,STRUCTURALLY_VERIFIED,decompile 0x008077e0,builds Start/Quick-Start/Restore/Join Network Game menu; network multiplayer not ported
0x0080ba60,,setup screen command dispatch router,setup,NOT_YET_PORTED,,,NO,UI_RENDERING,STRUCTURALLY_VERIFIED,decompile 0x0080ba60,routes widget command code to FUN_007491e0/FUN_0074bf60 sidebar dispatch; not ported
0x0080fb10,,Hall of Fame screen builder,setup,NOT_YET_PORTED,,,NO,UI_RENDERING,STRUCTURALLY_VERIFIED,decompile 0x0080fb10,builds Hall-of-Fame view (Nations lists + Save-As-Text/Merge-In); hall_of_fame.rs ports the data container not this screen
0x00819a40,,new-game teardown: mass-free of subsystem pools,setup,NON_USEFUL,,,NO,IMPLEMENTATION_ONLY,STRUCTURALLY_VERIFIED,decompile 0x00819a40,frees ~40 global runtime pools and resets flags before load; memory teardown handled by Rust ownership
0x00821f80,,restore human-manager mailboxes after load,setup,NOT_YET_PORTED,,,NO,SIMULATION_RELEVANT,STRUCTURALLY_VERIFIED,decompile 0x00821f80,"scans person mailbox descriptors (stride 0x6e, +0x5f flag) reattaching human managers; not ported"
0x00822080,,network game create/join session setup,setup,NOT_YET_PORTED,,,NO,IMPLEMENTATION_ONLY,STRUCTURALLY_VERIFIED,decompile 0x00822080,Creating/Joining network game session setup; network multiplayer out-of-scope not ported
0x00822b10,,load fifa_transfer_rules.zip config,setup,NOT_YET_PORTED,,,NO,PERSISTENCE_RELEVANT,STRUCTURALLY_VERIFIED,decompile 0x00822b10,reads fifa_transfer_rules.zip into DAT_00acd544/DAT_00a6f250; not ported
0x00822cd0,,DB integrity fixup: ensure enough teams per nation,setup,NOT_YET_PORTED,,,NO,SIMULATION_RELEVANT,STRUCTURALLY_VERIFIED,decompile 0x00822cd0,assigns clubs to nation and logs DB ERROR Not enough teams; setup-time data fixup not ported
0x00763c30,,news multi-line assembly / placeholder formatter,news,NOT_YET_PORTED,,,NO,PLAYER_VISIBLE,STRUCTURALLY_VERIFIED,decompile 0x00763c30,28256B template-substitution engine (Player_Name etc); news.rs ships an independent representative-subset generator not a port of this
0x0076c0a0,,per-news-item screen processing/display,news,NOT_YET_PORTED,,,NO,PLAYER_VISIBLE,PARTIAL,decompile 0x0076c0a0,builds/handles a single news-item row via FUN_0076ecd0 accessors; view layer not ported
0x0076d9c0,,news-item string field getter,news,NON_USEFUL,,,NO,IMPLEMENTATION_ONLY,STRUCTURALLY_VERIFIED,decompile 0x0076d9c0,strncpy of item+5+idx*4 field with bounds/error; trivial getter
0x0076dac0,,CD-check + news index-pool init,news,NON_USEFUL,,,NO,IMPLEMENTATION_ONLY,STRUCTURALLY_VERIFIED,decompile 0x0076dac0,scans drives for CM01/02 CD then mallocs 0x10-entry index; copy-protection + container init
0x0076dca0,,news-pool destructor (free buffers),news,NON_USEFUL,,,NO,IMPLEMENTATION_ONLY,STRUCTURALLY_VERIFIED,decompile 0x0076dca0,frees param[0] and param[2]; dtor plumbing
0x0076e030,,news-item field setter dispatch (6-way),news,NON_USEFUL,,,NO,IMPLEMENTATION_ONLY,STRUCTURALLY_VERIFIED,decompile 0x0076e030,switch(param_6) to 6 field setters; setter plumbing
0x0076e4c0,,deliver news item to human-manager mailboxes,news,NOT_YET_PORTED,,,NO,SIMULATION_RELEVANT,STRUCTURALLY_VERIFIED,decompile 0x0076e4c0,routes item to up to 16 human managers matching club; person_news::push covers append behaviourally but not this club routing
0x0076e900,,collect/count unread news for person by category,news,NOT_YET_PORTED,,,NO,PLAYER_VISIBLE,STRUCTURALLY_VERIFIED,decompile 0x0076e900,walks age-bucket ring (stride 0xdf) filtering by category into buffer; news view/filter layer not ported
0x0076f0e0,,mark news item read + propagate to co-managers,news,NOT_YET_PORTED,,,NO,PLAYER_VISIBLE,STRUCTURALLY_VERIFIED,decompile 0x0076f0e0,"sets item+0xda read, decrements unread count, recurses to same-club managers; person_news is append-only (no read state)"
0x0076f5d0,,reset/clear person news mailbox ring,news,NOT_YET_PORTED,,,NO,PLAYER_VISIBLE,STRUCTURALLY_VERIFIED,decompile 0x0076f5d0,resets ring head/unread and frees linked items via FUN_0076f450; not ported
0x0076f720,,news.dat loader,news,REPLACED_BY_RUST,crates/cm-domain/src/person_news.rs,PersonNewsMailboxPool,YES,PERSISTENCE_RELEVANT,PARTIAL,rust:crates/cm-domain/src/person_news.rs,reads news.dat (count + 0xdf-byte items + 0xc-byte index); Rust serialises the mailbox pool via c15_1g_snapshot serde with same observable per-person items (DOB-bucket/ring simplified)
0x0076fbd0,,news.dat saver,news,REPLACED_BY_RUST,crates/cm-domain/src/person_news.rs,PersonNewsMailboxPool,YES,PERSISTENCE_RELEVANT,PARTIAL,rust:crates/cm-domain/src/person_news.rs,writes news.dat sections; Rust serialises person_news_mailboxes via serde snapshot with same observable result (ring/bucket simplified)
0x00750000,,nation player-of-season award compute (year-ratings top-N),awards,NOT_YET_PORTED,,,NO,SIMULATION_RELEVANT,STRUCTURALLY_VERIFIED,decompile 0x00750000,awards engine decoded not ported; blocked on player-rating system (calls year_ratings 0x00920b70); memory:deferred-awards-engine.md
0x00750360,,nation award compute via year-ratings (3-way),awards,NOT_YET_PORTED,,,NO,SIMULATION_RELEVANT,STRUCTURALLY_VERIFIED,decompile 0x00750360,calls year_ratings 0x00920de0; blocked on rating system; memory:deferred-awards-engine.md
0x00750580,,"nation award compute (competition-scoped, vtable getter)",awards,NOT_YET_PORTED,,,NO,SIMULATION_RELEVANT,STRUCTURALLY_VERIFIED,decompile 0x00750580,awards engine unported; blocked on rating system
0x00750760,,nation award compute (award-shortlist top-3),awards,NOT_YET_PORTED,,,NO,SIMULATION_RELEVANT,STRUCTURALLY_VERIFIED,decompile 0x00750760,calls award_shortlist 0x004187b0; awards engine unported
0x00750930,,nation player award selection with attribute filters,awards,NOT_YET_PORTED,,,NO,SIMULATION_RELEVANT,STRUCTURALLY_VERIFIED,decompile 0x00750930,awards engine unported; blocked on rating system
0x00750d00,,nation player award selection (form-weighted),awards,NOT_YET_PORTED,,,NO,SIMULATION_RELEVANT,STRUCTURALLY_VERIFIED,decompile 0x00750d00,awards engine unported; blocked on rating system
0x00750fc0,,nation award selection over rated player pool,awards,NOT_YET_PORTED,,,NO,SIMULATION_RELEVANT,STRUCTURALLY_VERIFIED,decompile 0x00750fc0,uses per-player rating FUN_007aa170; blocked on rating system
0x00751530,,nation team-of-year builder (fill XI via rating),awards,NOT_YET_PORTED,,,NO,SIMULATION_RELEVANT,STRUCTURALLY_VERIFIED,decompile 0x00751530,calls team_award 0x0089c140; awards engine unported
0x00751730,,nation team-of-year builder (club/international variant),awards,NOT_YET_PORTED,,,NO,SIMULATION_RELEVANT,STRUCTURALLY_VERIFIED,decompile 0x00751730,calls team_award 0x0089c140; awards engine unported
0x007518b0,,nation squad-appearance award aggregation,awards,NOT_YET_PORTED,,,NO,SIMULATION_RELEVANT,STRUCTURALLY_VERIFIED,decompile 0x007518b0,awards engine unported; blocked on rating system
0x00751ec0,,nation-awards load/deserialize (per-nation list),awards,NOT_YET_PORTED,,,NO,PERSISTENCE_RELEVANT,STRUCTURALLY_VERIFIED,decompile 0x00751ec0,awards persistence; awards engine unported
0x00751fc0,,nation-awards save/serialize (per-nation list),awards,NOT_YET_PORTED,,,NO,PERSISTENCE_RELEVANT,STRUCTURALLY_VERIFIED,decompile 0x00751fc0,awards persistence; awards engine unported
0x00417f90,,"award shortlist ctor (alloc entry array, copy header)",awards,NON_USEFUL,,,NO,IMPLEMENTATION_ONLY,STRUCTURALLY_VERIFIED,decompile 0x00417f90,"constructor: malloc entry buffer, copy fields, optional load"
0x004180e0,,award shortlist dtor (free array),awards,NON_USEFUL,,,NO,IMPLEMENTATION_ONLY,STRUCTURALLY_VERIFIED,decompile 0x004180e0,trivial destructor freeing *param_1
0x004180f0,,award shortlist deserialize from save,awards,NOT_YET_PORTED,,,NO,PERSISTENCE_RELEVANT,STRUCTURALLY_VERIFIED,decompile 0x004180f0,awards persistence read; awards engine unported
0x00418280,,award shortlist serialize to save,awards,NOT_YET_PORTED,,,NO,PERSISTENCE_RELEVANT,STRUCTURALLY_VERIFIED,decompile 0x00418280,awards persistence write; awards engine unported
0x00418400,,award shortlist append entry (player+rating+vote init),awards,NOT_YET_PORTED,,,NO,SIMULATION_RELEVANT,STRUCTURALLY_VERIFIED,decompile 0x00418400,award-specific bounded append; awards engine unported
0x00418580,,award shortlist finalize + news announcement,awards,NOT_YET_PORTED,,,NO,PLAYER_VISIBLE,STRUCTURALLY_VERIFIED,decompile 0x00418580,emits award news via FUN_00763b90; awards engine unported
0x004187b0,,award shortlist vote simulation (RNG over staff),awards,NOT_YET_PORTED,,,NO,SIMULATION_RELEVANT,STRUCTURALLY_VERIFIED,decompile 0x004187b0,RNG FUN_008fc4f0 vote tally; awards engine unported
0x00418e80,,award vote-tally array reset (memset -1),awards,NON_USEFUL,,,NO,IMPLEMENTATION_ONLY,STRUCTURALLY_VERIFIED,decompile 0x00418e80,trivial 8-slot reset helper
0x00418fa0,,award-shortlist container ctor/init (3 lists),awards,NON_USEFUL,,,NO,IMPLEMENTATION_ONLY,STRUCTURALLY_VERIFIED,decompile 0x00418fa0,constructor allocating 3 list objects
0x00419150,,award-shortlist container dtor (free 3 lists),awards,NON_USEFUL,,,NO,IMPLEMENTATION_ONLY,STRUCTURALLY_VERIFIED,decompile 0x00419150,trivial destructor freeing 3 lists
0x004191d0,,award-shortlist container load from awol.dat,awards,NOT_YET_PORTED,,,NO,PERSISTENCE_RELEVANT,STRUCTURALLY_VERIFIED,decompile 0x004191d0,deserialize award lists from awol.dat; awards engine unported
0x0089bd60,,team-of-year TEAM_AWARD load_from_disk,awards,NOT_YET_PORTED,,,NO,PERSISTENCE_RELEVANT,STRUCTURALLY_VERIFIED,decompile 0x0089bd60,TEAM_AWARD::load_from_disk; NOTE main.rs mislabels this addr as load_game - not a port; awards engine unported
0x0089c140,,team-of-year candidate insert (position-fit slots),awards,NOT_YET_PORTED,,,NO,SIMULATION_RELEVANT,STRUCTURALLY_VERIFIED,decompile 0x0089c140,awards engine unported; blocked on rating system
0x0089c490,,team-of-year slot array reset,awards,NON_USEFUL,,,NO,IMPLEMENTATION_ONLY,STRUCTURALLY_VERIFIED,decompile 0x0089c490,trivial 20-slot reset to -1
0x0089c600,,team award date-string news helper (3x),awards,NON_USEFUL,,,NO,IMPLEMENTATION_ONLY,STRUCTURALLY_VERIFIED,decompile 0x0089c600,tiny wrapper calling FUN_00418770 three times
0x0089c650,,team award announcement date helper,awards,NON_USEFUL,,,NO,IMPLEMENTATION_ONLY,STRUCTURALLY_VERIFIED,decompile 0x0089c650,tiny date-format plumbing helper
0x0089c6b0,,team-of-year finalize (apply to players + record),awards,NOT_YET_PORTED,,,NO,PLAYER_VISIBLE,STRUCTURALLY_VERIFIED,decompile 0x0089c6b0,applies award to players via FUN_00413340; awards engine unported
0x0089c7a0,,team-of-year commit to history if complete,awards,NOT_YET_PORTED,,,NO,SIMULATION_RELEVANT,STRUCTURALLY_VERIFIED,decompile 0x0089c7a0,awards engine unported
0x0089c840,,team-of-year news announcement,awards,NOT_YET_PORTED,,,NO,PLAYER_VISIBLE,STRUCTURALLY_VERIFIED,decompile 0x0089c840,emits team-of-year news via FUN_00763b90; awards engine unported
0x0089ce30,,team-of-year formation slot mask setup,awards,NOT_YET_PORTED,,,NO,SIMULATION_RELEVANT,STRUCTURALLY_VERIFIED,decompile 0x0089ce30,per-formation position bitmasks; awards engine unported
0x0089d220,,team-of-year array dtor,awards,NON_USEFUL,,,NO,IMPLEMENTATION_ONLY,STRUCTURALLY_VERIFIED,decompile 0x0089d220,trivial array destructor FUN_0093534b
0x0089d240,,team-of-year staff record populate,awards,NOT_YET_PORTED,,,NO,SIMULATION_RELEVANT,STRUCTURALLY_VERIFIED,decompile 0x0089d240,copies award records into staff structs; awards engine unported
0x00920420,,year-ratings load/deserialize array,awards,NOT_YET_PORTED,,,NO,PERSISTENCE_RELEVANT,STRUCTURALLY_VERIFIED,decompile 0x00920420,rating persistence read; blocked on rating system; memory:deferred-awards-engine.md
0x00920570,,year-ratings save/serialize array,awards,NOT_YET_PORTED,,,NO,PERSISTENCE_RELEVANT,STRUCTURALLY_VERIFIED,decompile 0x00920570,rating persistence write; blocked on rating system
0x00920660,,year-ratings squad iterate + accumulate (callback),awards,NOT_YET_PORTED,,,NO,SIMULATION_RELEVANT,STRUCTURALLY_VERIFIED,decompile 0x00920660,player rating aggregation; blocked on rating system; memory:deferred-awards-engine.md
0x00920720,,per-player year rating accumulation (goals/apps/rating),awards,NOT_YET_PORTED,,,NO,SIMULATION_RELEVANT,STRUCTURALLY_VERIFIED,decompile 0x00920720,core rating aggregation math; blocked on rating system
0x00920b70,,year-ratings top-N player selector (filters),awards,NOT_YET_PORTED,,,NO,SIMULATION_RELEVANT,STRUCTURALLY_VERIFIED,decompile 0x00920b70,selection over aggregated ratings; blocked on rating system
0x00920de0,,year-ratings top-N selector (nation/comp scoped),awards,NOT_YET_PORTED,,,NO,SIMULATION_RELEVANT,STRUCTURALLY_VERIFIED,decompile 0x00920de0,selection over aggregated ratings; blocked on rating system
0x00921590,,year-ratings sort comparator (avg rating),awards,NON_USEFUL,,,NO,IMPLEMENTATION_ONLY,STRUCTURALLY_VERIFIED,decompile 0x00921590,qsort comparator by average rating
0x004143d0,,"AWARD_MANAGER load (awards.dat, build award objects)",awards,NOT_YET_PORTED,,,NO,PERSISTENCE_RELEVANT,STRUCTURALLY_VERIFIED,decompile 0x004143d0,loads awards.dat and constructs award defs; awards engine unported
0x004146b0,,award-manager list insert thunk,awards,NON_USEFUL,,,NO,IMPLEMENTATION_ONLY,STRUCTURALLY_VERIFIED,decompile 0x004146b0,trivial forward to FUN_005780e0
0x004146d0,,award-manager list remove thunk,awards,NON_USEFUL,,,NO,IMPLEMENTATION_ONLY,STRUCTURALLY_VERIFIED,decompile 0x004146d0,trivial forward to FUN_00578ec0
0x004146f0,,award-manager list insert thunk,awards,NON_USEFUL,,,NO,IMPLEMENTATION_ONLY,STRUCTURALLY_VERIFIED,decompile 0x004146f0,trivial forward to FUN_005780e0
0x00414710,,award-manager list remove thunk,awards,NON_USEFUL,,,NO,IMPLEMENTATION_ONLY,STRUCTURALLY_VERIFIED,decompile 0x00414710,trivial forward to FUN_00578ec0
0x004147e0,,award virtual dispatch thunk,awards,NON_USEFUL,,,NO,IMPLEMENTATION_ONLY,STRUCTURALLY_VERIFIED,decompile 0x004147e0,pure vtable dispatch forwarder
0x00414810,,award vote processing from news event,awards,NOT_YET_PORTED,,,NO,PLAYER_VISIBLE,STRUCTURALLY_VERIFIED,decompile 0x00414810,handles player award vote news items; awards engine unported
0x00414be0,,award-manager vector append (growth),awards,NON_USEFUL,,,NO,IMPLEMENTATION_ONLY,STRUCTURALLY_VERIFIED,decompile 0x00414be0,generic dynamic-array push with realloc growth
0x00414cd0,,award history setter (by year index),awards,NON_USEFUL,,,NO,IMPLEMENTATION_ONLY,STRUCTURALLY_VERIFIED,decompile 0x00414cd0,trivial setter into year-indexed table
0x00414d90,,award history getter (by year index),awards,NON_USEFUL,,,NO,IMPLEMENTATION_ONLY,STRUCTURALLY_VERIFIED,decompile 0x00414d90,trivial getter from year-indexed table
0x00414eb0,,award result lookup by id across lists,awards,NON_USEFUL,,,NO,IMPLEMENTATION_ONLY,STRUCTURALLY_VERIFIED,decompile 0x00414eb0,trivial linear lookup returning stored value
0x0091f080,,YEAR_AWARD load_from_disk,awards,NOT_YET_PORTED,,,NO,PERSISTENCE_RELEVANT,STRUCTURALLY_VERIFIED,decompile 0x0091f080,YEAR_AWARD::load_from_disk deserialize; awards engine unported
0x0091f380,,year-award apply result to players/clubs,awards,NOT_YET_PORTED,,,NO,PLAYER_VISIBLE,STRUCTURALLY_VERIFIED,decompile 0x0091f380,applies year award to entities via FUN_00413340; awards engine unported
0x0091f560,,year-award dtor thunk,awards,NON_USEFUL,,,NO,IMPLEMENTATION_ONLY,STRUCTURALLY_VERIFIED,decompile 0x0091f560,trivial forward to FUN_004146d0
0x0091f580,,year-award news announcement,awards,NOT_YET_PORTED,,,NO,PLAYER_VISIBLE,STRUCTURALLY_VERIFIED,decompile 0x0091f580,emits year-award news via FUN_00763b90; awards engine unported
0x009203f0,,year-award ctor/init,awards,NON_USEFUL,,,NO,IMPLEMENTATION_ONLY,STRUCTURALLY_VERIFIED,decompile 0x009203f0,constructor zeroing fields + optional load
0x0074eb90,,MONTH_AWARD load_from_disk,awards,NOT_YET_PORTED,,,NO,PERSISTENCE_RELEVANT,STRUCTURALLY_VERIFIED,decompile 0x0074eb90,MONTH_AWARD::load_from_disk deserialize; awards engine unported
0x0074ed90,,month-award result record (winner lookup),awards,NOT_YET_PORTED,,,NO,SIMULATION_RELEVANT,STRUCTURALLY_VERIFIED,decompile 0x0074ed90,resolves month winner then records; awards engine unported
0x0074ee00,,month-award winner apply + announce,awards,NOT_YET_PORTED,,,NO,PLAYER_VISIBLE,STRUCTURALLY_VERIFIED,decompile 0x0074ee00,applies award and triggers news; awards engine unported
0x0074ef20,,month-award slot roll/reset,awards,NON_USEFUL,,,NO,IMPLEMENTATION_ONLY,STRUCTURALLY_VERIFIED,decompile 0x0074ef20,trivial slot advance/reset helper
0x0074ef70,,month-award news announcement,awards,NOT_YET_PORTED,,,NO,PLAYER_VISIBLE,STRUCTURALLY_VERIFIED,decompile 0x0074ef70,emits month-award news via FUN_00763b90; awards engine unported
0x0074f730,,month-award ctor/init,awards,NON_USEFUL,,,NO,IMPLEMENTATION_ONLY,STRUCTURALLY_VERIFIED,decompile 0x0074f730,constructor zeroing fields + optional load
0x0061c210,,international awards registration (6 award defs),awards,NOT_YET_PORTED,,,NO,SIMULATION_RELEVANT,STRUCTURALLY_VERIFIED,decompile 0x0061c210,builds 6 international award definitions via FUN_0091ef10; awards engine unported
0x00786920,,legacy international awards registration (5 award defs),awards,NOT_YET_PORTED,,,NO,SIMULATION_RELEVANT,STRUCTURALLY_VERIFIED,decompile 0x00786920,builds 5 legacy international award defs via FUN_0091ef10; awards engine unported
0x00675ae0,,unlink person from club role (club arm),manager-ai,PORTED_BEHAVIOURAL,crates/cm-domain/src/manager_hiring.rs,unlink_person_from_club,NO,SIMULATION_RELEVANT,STRUCTURALLY_VERIFIED,scratchpad:manager_hiring_spec.md,job-status switch table ported; nation arm + UI-refresh tail + driver wiring pending
0x00683dc0,,vacancy-target predicate,manager-ai,PORTED_PARTIAL,crates/cm-domain/src/manager_hiring.rs,club_is_vacancy_target,NO,SIMULATION_RELEVANT,STRUCTURALLY_VERIFIED,scratchpad:manager_hiring_spec.md,job-row patience+board-negative gate ported; board-object read + pickable caller-supplied
0x006805a0,,manager leave-reason code (0..0xb),manager-ai,PORTED_BEHAVIOURAL,crates/cm-domain/src/manager_hiring.rs,leave_reason,NO,SIMULATION_RELEVANT,STRUCTURALLY_VERIFIED,scratchpad:manager_hiring_spec.md,integer+RNG code table ported; fans<board loss-gate approximated; not yet driver-wired
0x00674c10,,manager appointment link writes (subset),manager-ai,PORTED_PARTIAL,crates/cm-domain/src/manager_hiring.rs,appoint_manager_links,NO,SIMULATION_RELEVANT,STRUCTURALLY_VERIFIED,scratchpad:manager_hiring_spec.md,5.2 link writes ported; event-queue driver + 679ed0 RNG confidence-init pending scoring core
0x0052a330,,manager-club reputation-fit primitive,manager-ai,NOT_YET_PORTED,,,NO,SIMULATION_RELEVANT,STRUCTURALLY_VERIFIED,scratchpad:rating_primitives_spec.md,FULLY decoded (closeness classifier FUN_0052a410 selects rep-vector slot; codes 1/3 average); port pending standing-record person+0x69 pool resolution
0x0082dab0,,manager attractiveness score,manager-ai,BLOCKED_DEPENDENCY,,,NO,SIMULATION_RELEVANT,PARTIAL,scratchpad:rating_primitives_spec.md,structure mapped (seeds 3.5/2.25/1.5) but .rdata float multipliers UNKNOWN - blocked on PE binary absent from carve
0x00682420,,manager job-interest score core,manager-ai,NOT_YET_PORTED,,,NO,SIMULATION_RELEVANT,PARTIAL,scratchpad:rating_primitives_spec.md,integer skeleton decoded; ALL x87 float re-weights UNKNOWN - blocked on PE .rdata float pool
