[player-init] filled sides for 27795 type10 records
[db] opened D:/cm0102-rs/rust-db: 213 nations, 10580 clubs, 109940 players (pristine shipping data)
[leagues] toggle SELECTED idx=6
[leagues] toggle SECONDARY idx=6
[contract_init] 108987 contracts generated from 132722 staff (max_id=132721)
[start] game initialised IN MEMORY: 1 foreground nation(s), 50682 fixtures, date 2001-07-10 — not saved to disk yet
[nationality] picked "German" -> nation_id 73
[club] 114 playable clubs across England's manageable divisions
[team] picked "Cheltenham Town" -> club_id 1953
[squad-in] person_id=45 first_name_id=1824 second_name_id=7 current_club_id=Some(1953) name="Banks, C"
[squad-in] person_id=522 first_name_id=83 second_name_id=49 current_club_id=Some(1953) name="Jones, R"
[squad-in] person_id=527 first_name_id=93 second_name_id=49 current_club_id=Some(1953) name="Jones, S"
[squad-in] person_id=10284 first_name_id=66 second_name_id=3077 current_club_id=Some(1953) name="Jackson, M"
[squad-in] person_id=11894 first_name_id=83 second_name_id=3544 current_club_id=Some(1953) name="Walker, R"
[squad-in] person_id=20343 first_name_id=54 second_name_id=6877 current_club_id=Some(1953) name="Hill, K"
[squad-in] person_id=27486 first_name_id=593 second_name_id=7683 current_club_id=Some(1953) name="Taylor, J"
[squad-in] person_id=30961 first_name_id=67 second_name_id=8766 current_club_id=Some(1953) name="Duff, M"
[squad-in] person_id=30966 first_name_id=2677 second_name_id=8766 current_club_id=Some(1953) name="Duff, S"
[squad-in] person_id=34354 first_name_id=44 second_name_id=9699 current_club_id=Some(1953) name="White, J"
[squad-in] person_id=51187 first_name_id=7646 second_name_id=18461 current_club_id=Some(1953) name="Alsop, J"
[squad-in] person_id=51549 first_name_id=93 second_name_id=18688 current_club_id=Some(1953) name="Benbow, S"
[squad-in] person_id=51618 first_name_id=20 second_name_id=18742 current_club_id=Some(1953) name="Bird, D"
[squad-in] person_id=51729 first_name_id=93 second_name_id=18812 current_club_id=Some(1953) name="Book, S"
[squad-in] person_id=51972 first_name_id=47 second_name_id=18934 current_club_id=Some(1953) name="Brough, J"
[squad-in] person_id=52119 first_name_id=12775 second_name_id=19003 current_club_id=Some(1953) name="Buttery, L"
[squad-in] person_id=52645 first_name_id=12775 second_name_id=19252 current_club_id=Some(1953) name="Corbett, L"
[squad-in] person_id=53057 first_name_id=64 second_name_id=19458 current_club_id=Some(1953) name="Devaney, M"
[squad-in] person_id=54134 first_name_id=2596 second_name_id=19965 current_club_id=Some(1953) name="Grayson, N"
[squad-in] person_id=54173 first_name_id=2103 second_name_id=19989 current_club_id=Some(1953) name="Griffin, T"
[squad-in] person_id=54553 first_name_id=2677 second_name_id=20219 current_club_id=Some(1953) name="Higgs, S"
[squad-in] person_id=54710 first_name_id=29 second_name_id=20301 current_club_id=Some(1953) name="Hopkins, G"
[squad-in] person_id=54754 first_name_id=2596 second_name_id=20322 current_club_id=Some(1953) name="Howarth, N"
[squad-in] person_id=54780 first_name_id=59 second_name_id=20326 current_club_id=Some(1953) name="Howells, L"
[squad-in] person_id=55072 first_name_id=83 second_name_id=20477 current_club_id=Some(1953) name="Kear, R"
[squad-in] person_id=55317 first_name_id=7634 second_name_id=20623 current_club_id=Some(1953) name="Langstone, I"
[squad-in] person_id=55865 first_name_id=12622 second_name_id=20899 current_club_id=Some(1953) name="McAuley, H"
[squad-in] person_id=56385 first_name_id=9045 second_name_id=21053 current_club_id=Some(1953) name="Milton, R"
[squad-in] person_id=56534 first_name_id=7598 second_name_id=21118 current_club_id=Some(1953) name="Muggleton, C"
[squad-in] person_id=56607 first_name_id=2103 second_name_id=21162 current_club_id=Some(1953) name="Naylor, T"
[squad-in] person_id=58853 first_name_id=7695 second_name_id=22352 current_club_id=Some(1953) name="Victory, J"
[squad-in] person_id=59185 first_name_id=1333 second_name_id=22516 current_club_id=Some(1953) name="Willetts, D"
[squad-in] person_id=59300 first_name_id=1088 second_name_id=22603 current_club_id=Some(1953) name="Yates, M"
[squad] Cheltenham Town (club_id=1953): 33 players
  Benbow, S                GK      age=19
  Book, S                  GK      age=32
  Higgs, S                 GK      age=24
  Muggleton, C             GK      age=32
  Banks, C                 SW/D C  age=35
  Victory, J               SW/D/DM LC  age=25
  Walker, R                SW/D LC  age=29
  Brough, J                D/F C   age=28
  Buttery, L               D L     age=16
  Duff, M                  D/DM R  age=23
  Duff, S                  D C     age=?
  Griffin, T               D/AM R  age=22
  Hill, K                  D C     age=32
  Howarth, N               D/DM RC  age=29
  Jones, S                 D RC    age=30
  Yates, M                 DM/M C  age=31
  Bird, D                  M R     age=16
  Howells, L               M/AM RC  age=32
  Jackson, M               M RC    age=21
  Jones, R                 M C     age=17
  Langstone, I             M L     age=?
  McAuley, H               M/AM/F RC  age=24
  Devaney, M               AM/F LC  age=21
  Milton, R                AM LC   age=32
  Taylor, J                AM/F C  age=17
  Alsop, J                 S C     age=28
  Corbett, L               S C     age=17
  Grayson, N               S C     age=36
  Hopkins, G               S C     age=21
  Kear, R                  S C     age=17
  Naylor, T                S C     age=34
  White, J                 S C     age=29
  Willetts, D              S C     age=17
[kit] Cheltenham Town bg=0xe000 fg=0xffff
[squad-in] person_id=45 first_name_id=1824 second_name_id=7 current_club_id=Some(1953) name="Banks, C"
[squad-in] person_id=522 first_name_id=83 second_name_id=49 current_club_id=Some(1953) name="Jones, R"
[squad-in] person_id=527 first_name_id=93 second_name_id=49 current_club_id=Some(1953) name="Jones, S"
[squad-in] person_id=10284 first_name_id=66 second_name_id=3077 current_club_id=Some(1953) name="Jackson, M"
[squad-in] person_id=11894 first_name_id=83 second_name_id=3544 current_club_id=Some(1953) name="Walker, R"
[squad-in] person_id=20343 first_name_id=54 second_name_id=6877 current_club_id=Some(1953) name="Hill, K"
[squad-in] person_id=27486 first_name_id=593 second_name_id=7683 current_club_id=Some(1953) name="Taylor, J"
[squad-in] person_id=30961 first_name_id=67 second_name_id=8766 current_club_id=Some(1953) name="Duff, M"
[squad-in] person_id=30966 first_name_id=2677 second_name_id=8766 current_club_id=Some(1953) name="Duff, S"
[squad-in] person_id=34354 first_name_id=44 second_name_id=9699 current_club_id=Some(1953) name="White, J"
[squad-in] person_id=51187 first_name_id=7646 second_name_id=18461 current_club_id=Some(1953) name="Alsop, J"
[squad-in] person_id=51549 first_name_id=93 second_name_id=18688 current_club_id=Some(1953) name="Benbow, S"
[squad-in] person_id=51618 first_name_id=20 second_name_id=18742 current_club_id=Some(1953) name="Bird, D"
[squad-in] person_id=51729 first_name_id=93 second_name_id=18812 current_club_id=Some(1953) name="Book, S"
[squad-in] person_id=51972 first_name_id=47 second_name_id=18934 current_club_id=Some(1953) name="Brough, J"
[squad-in] person_id=52119 first_name_id=12775 second_name_id=19003 current_club_id=Some(1953) name="Buttery, L"
[squad-in] person_id=52645 first_name_id=12775 second_name_id=19252 current_club_id=Some(1953) name="Corbett, L"
[squad-in] person_id=53057 first_name_id=64 second_name_id=19458 current_club_id=Some(1953) name="Devaney, M"
[squad-in] person_id=54134 first_name_id=2596 second_name_id=19965 current_club_id=Some(1953) name="Grayson, N"
[squad-in] person_id=54173 first_name_id=2103 second_name_id=19989 current_club_id=Some(1953) name="Griffin, T"
[squad-in] person_id=54553 first_name_id=2677 second_name_id=20219 current_club_id=Some(1953) name="Higgs, S"
[squad-in] person_id=54710 first_name_id=29 second_name_id=20301 current_club_id=Some(1953) name="Hopkins, G"
[squad-in] person_id=54754 first_name_id=2596 second_name_id=20322 current_club_id=Some(1953) name="Howarth, N"
[squad-in] person_id=54780 first_name_id=59 second_name_id=20326 current_club_id=Some(1953) name="Howells, L"
[squad-in] person_id=55072 first_name_id=83 second_name_id=20477 current_club_id=Some(1953) name="Kear, R"
[squad-in] person_id=55317 first_name_id=7634 second_name_id=20623 current_club_id=Some(1953) name="Langstone, I"
[squad-in] person_id=55865 first_name_id=12622 second_name_id=20899 current_club_id=Some(1953) name="McAuley, H"
[squad-in] person_id=56385 first_name_id=9045 second_name_id=21053 current_club_id=Some(1953) name="Milton, R"
[squad-in] person_id=56534 first_name_id=7598 second_name_id=21118 current_club_id=Some(1953) name="Muggleton, C"
[squad-in] person_id=56607 first_name_id=2103 second_name_id=21162 current_club_id=Some(1953) name="Naylor, T"
[squad-in] person_id=58853 first_name_id=7695 second_name_id=22352 current_club_id=Some(1953) name="Victory, J"
[squad-in] person_id=59185 first_name_id=1333 second_name_id=22516 current_club_id=Some(1953) name="Willetts, D"
[squad-in] person_id=59300 first_name_id=1088 second_name_id=22603 current_club_id=Some(1953) name="Yates, M"
[squad] Cheltenham Town (club_id=1953): 33 players
  Benbow, S                GK      age=19
  Book, S                  GK      age=32
  Higgs, S                 GK      age=24
  Muggleton, C             GK      age=32
  Banks, C                 SW/D C  age=35
  Victory, J               SW/D/DM LC  age=25
  Walker, R                SW/D LC  age=29
  Brough, J                D/F C   age=28
  Buttery, L               D L     age=16
  Duff, M                  D/DM R  age=23
  Duff, S                  D C     age=?
  Griffin, T               D/AM R  age=22
  Hill, K                  D C     age=32
  Howarth, N               D/DM RC  age=29
  Jones, S                 D RC    age=30
  Yates, M                 DM/M C  age=31
  Bird, D                  M R     age=16
  Howells, L               M/AM RC  age=32
  Jackson, M               M RC    age=21
  Jones, R                 M C     age=17
  Langstone, I             M L     age=?
  McAuley, H               M/AM/F RC  age=24
  Devaney, M               AM/F LC  age=21
  Milton, R                AM LC   age=32
  Taylor, J                AM/F C  age=17
  Alsop, J                 S C     age=28
  Corbett, L               S C     age=17
  Grayson, N               S C     age=36
  Hopkins, G               S C     age=21
  Kear, R                  S C     age=17
  Naylor, T                S C     age=34
  White, J                 S C     age=29
  Willetts, D              S C     age=17
[kit] Cheltenham Town bg=0xe000 fg=0xffff
[squad-in] person_id=45 first_name_id=1824 second_name_id=7 current_club_id=Some(1953) name="Banks, C"
[squad-in] person_id=522 first_name_id=83 second_name_id=49 current_club_id=Some(1953) name="Jones, R"
[squad-in] person_id=527 first_name_id=93 second_name_id=49 current_club_id=Some(1953) name="Jones, S"
[squad-in] person_id=10284 first_name_id=66 second_name_id=3077 current_club_id=Some(1953) name="Jackson, M"
[squad-in] person_id=11894 first_name_id=83 second_name_id=3544 current_club_id=Some(1953) name="Walker, R"
[squad-in] person_id=20343 first_name_id=54 second_name_id=6877 current_club_id=Some(1953) name="Hill, K"
[squad-in] person_id=27486 first_name_id=593 second_name_id=7683 current_club_id=Some(1953) name="Taylor, J"
[squad-in] person_id=30961 first_name_id=67 second_name_id=8766 current_club_id=Some(1953) name="Duff, M"
[squad-in] person_id=30966 first_name_id=2677 second_name_id=8766 current_club_id=Some(1953) name="Duff, S"
[squad-in] person_id=34354 first_name_id=44 second_name_id=9699 current_club_id=Some(1953) name="White, J"
[squad-in] person_id=51187 first_name_id=7646 second_name_id=18461 current_club_id=Some(1953) name="Alsop, J"
[squad-in] person_id=51549 first_name_id=93 second_name_id=18688 current_club_id=Some(1953) name="Benbow, S"
[squad-in] person_id=51618 first_name_id=20 second_name_id=18742 current_club_id=Some(1953) name="Bird, D"
[squad-in] person_id=51729 first_name_id=93 second_name_id=18812 current_club_id=Some(1953) name="Book, S"
[squad-in] person_id=51972 first_name_id=47 second_name_id=18934 current_club_id=Some(1953) name="Brough, J"
[squad-in] person_id=52119 first_name_id=12775 second_name_id=19003 current_club_id=Some(1953) name="Buttery, L"
[squad-in] person_id=52645 first_name_id=12775 second_name_id=19252 current_club_id=Some(1953) name="Corbett, L"
[squad-in] person_id=53057 first_name_id=64 second_name_id=19458 current_club_id=Some(1953) name="Devaney, M"
[squad-in] person_id=54134 first_name_id=2596 second_name_id=19965 current_club_id=Some(1953) name="Grayson, N"
[squad-in] person_id=54173 first_name_id=2103 second_name_id=19989 current_club_id=Some(1953) name="Griffin, T"
[squad-in] person_id=54553 first_name_id=2677 second_name_id=20219 current_club_id=Some(1953) name="Higgs, S"
[squad-in] person_id=54710 first_name_id=29 second_name_id=20301 current_club_id=Some(1953) name="Hopkins, G"
[squad-in] person_id=54754 first_name_id=2596 second_name_id=20322 current_club_id=Some(1953) name="Howarth, N"
[squad-in] person_id=54780 first_name_id=59 second_name_id=20326 current_club_id=Some(1953) name="Howells, L"
[squad-in] person_id=55072 first_name_id=83 second_name_id=20477 current_club_id=Some(1953) name="Kear, R"
[squad-in] person_id=55317 first_name_id=7634 second_name_id=20623 current_club_id=Some(1953) name="Langstone, I"
[squad-in] person_id=55865 first_name_id=12622 second_name_id=20899 current_club_id=Some(1953) name="McAuley, H"
[squad-in] person_id=56385 first_name_id=9045 second_name_id=21053 current_club_id=Some(1953) name="Milton, R"
[squad-in] person_id=56534 first_name_id=7598 second_name_id=21118 current_club_id=Some(1953) name="Muggleton, C"
[squad-in] person_id=56607 first_name_id=2103 second_name_id=21162 current_club_id=Some(1953) name="Naylor, T"
[squad-in] person_id=58853 first_name_id=7695 second_name_id=22352 current_club_id=Some(1953) name="Victory, J"
[squad-in] person_id=59185 first_name_id=1333 second_name_id=22516 current_club_id=Some(1953) name="Willetts, D"
[squad-in] person_id=59300 first_name_id=1088 second_name_id=22603 current_club_id=Some(1953) name="Yates, M"
[squad] Cheltenham Town (club_id=1953): 33 players
  Benbow, S                GK      age=19
  Book, S                  GK      age=32
  Higgs, S                 GK      age=24
  Muggleton, C             GK      age=32
  Banks, C                 SW/D C  age=35
  Victory, J               SW/D/DM LC  age=25
  Walker, R                SW/D LC  age=29
  Brough, J                D/F C   age=28
  Buttery, L               D L     age=16
  Duff, M                  D/DM R  age=23
  Duff, S                  D C     age=?
  Griffin, T               D/AM R  age=22
  Hill, K                  D C     age=32
  Howarth, N               D/DM RC  age=29
  Jones, S                 D RC    age=30
  Yates, M                 DM/M C  age=31
  Bird, D                  M R     age=16
  Howells, L               M/AM RC  age=32
  Jackson, M               M RC    age=21
  Jones, R                 M C     age=17
  Langstone, I             M L     age=?
  McAuley, H               M/AM/F RC  age=24
  Devaney, M               AM/F LC  age=21
  Milton, R                AM LC   age=32
  Taylor, J                AM/F C  age=17
  Alsop, J                 S C     age=28
  Corbett, L               S C     age=17
  Grayson, N               S C     age=36
  Hopkins, G               S C     age=21
  Kear, R                  S C     age=17
  Naylor, T                S C     age=34
  White, J                 S C     age=29
  Willetts, D              S C     age=17
[kit] Cheltenham Town bg=0xe000 fg=0xffff
[squad-in] person_id=45 first_name_id=1824 second_name_id=7 current_club_id=Some(1953) name="Banks, C"
[squad-in] person_id=522 first_name_id=83 second_name_id=49 current_club_id=Some(1953) name="Jones, R"
[squad-in] person_id=527 first_name_id=93 second_name_id=49 current_club_id=Some(1953) name="Jones, S"
[squad-in] person_id=10284 first_name_id=66 second_name_id=3077 current_club_id=Some(1953) name="Jackson, M"
[squad-in] person_id=11894 first_name_id=83 second_name_id=3544 current_club_id=Some(1953) name="Walker, R"
[squad-in] person_id=20343 first_name_id=54 second_name_id=6877 current_club_id=Some(1953) name="Hill, K"
[squad-in] person_id=27486 first_name_id=593 second_name_id=7683 current_club_id=Some(1953) name="Taylor, J"
[squad-in] person_id=30961 first_name_id=67 second_name_id=8766 current_club_id=Some(1953) name="Duff, M"
[squad-in] person_id=30966 first_name_id=2677 second_name_id=8766 current_club_id=Some(1953) name="Duff, S"
[squad-in] person_id=34354 first_name_id=44 second_name_id=9699 current_club_id=Some(1953) name="White, J"
[squad-in] person_id=51187 first_name_id=7646 second_name_id=18461 current_club_id=Some(1953) name="Alsop, J"
[squad-in] person_id=51549 first_name_id=93 second_name_id=18688 current_club_id=Some(1953) name="Benbow, S"
[squad-in] person_id=51618 first_name_id=20 second_name_id=18742 current_club_id=Some(1953) name="Bird, D"
[squad-in] person_id=51729 first_name_id=93 second_name_id=18812 current_club_id=Some(1953) name="Book, S"
[squad-in] person_id=51972 first_name_id=47 second_name_id=18934 current_club_id=Some(1953) name="Brough, J"
[squad-in] person_id=52119 first_name_id=12775 second_name_id=19003 current_club_id=Some(1953) name="Buttery, L"
[squad-in] person_id=52645 first_name_id=12775 second_name_id=19252 current_club_id=Some(1953) name="Corbett, L"
[squad-in] person_id=53057 first_name_id=64 second_name_id=19458 current_club_id=Some(1953) name="Devaney, M"
[squad-in] person_id=54134 first_name_id=2596 second_name_id=19965 current_club_id=Some(1953) name="Grayson, N"
[squad-in] person_id=54173 first_name_id=2103 second_name_id=19989 current_club_id=Some(1953) name="Griffin, T"
[squad-in] person_id=54553 first_name_id=2677 second_name_id=20219 current_club_id=Some(1953) name="Higgs, S"
[squad-in] person_id=54710 first_name_id=29 second_name_id=20301 current_club_id=Some(1953) name="Hopkins, G"
[squad-in] person_id=54754 first_name_id=2596 second_name_id=20322 current_club_id=Some(1953) name="Howarth, N"
[squad-in] person_id=54780 first_name_id=59 second_name_id=20326 current_club_id=Some(1953) name="Howells, L"
[squad-in] person_id=55072 first_name_id=83 second_name_id=20477 current_club_id=Some(1953) name="Kear, R"
[squad-in] person_id=55317 first_name_id=7634 second_name_id=20623 current_club_id=Some(1953) name="Langstone, I"
[squad-in] person_id=55865 first_name_id=12622 second_name_id=20899 current_club_id=Some(1953) name="McAuley, H"
[squad-in] person_id=56385 first_name_id=9045 second_name_id=21053 current_club_id=Some(1953) name="Milton, R"
[squad-in] person_id=56534 first_name_id=7598 second_name_id=21118 current_club_id=Some(1953) name="Muggleton, C"
[squad-in] person_id=56607 first_name_id=2103 second_name_id=21162 current_club_id=Some(1953) name="Naylor, T"
[squad-in] person_id=58853 first_name_id=7695 second_name_id=22352 current_club_id=Some(1953) name="Victory, J"
[squad-in] person_id=59185 first_name_id=1333 second_name_id=22516 current_club_id=Some(1953) name="Willetts, D"
[squad-in] person_id=59300 first_name_id=1088 second_name_id=22603 current_club_id=Some(1953) name="Yates, M"
[squad] Cheltenham Town (club_id=1953): 33 players
  Benbow, S                GK      age=19
  Book, S                  GK      age=32
  Higgs, S                 GK      age=24
  Muggleton, C             GK      age=32
  Banks, C                 SW/D C  age=35
  Victory, J               SW/D/DM LC  age=25
  Walker, R                SW/D LC  age=29
  Brough, J                D/F C   age=28
  Buttery, L               D L     age=16
  Duff, M                  D/DM R  age=23
  Duff, S                  D C     age=?
  Griffin, T               D/AM R  age=22
  Hill, K                  D C     age=32
  Howarth, N               D/DM RC  age=29
  Jones, S                 D RC    age=30
  Yates, M                 DM/M C  age=31
  Bird, D                  M R     age=16
  Howells, L               M/AM RC  age=32
  Jackson, M               M RC    age=21
  Jones, R                 M C     age=17
  Langstone, I             M L     age=?
  McAuley, H               M/AM/F RC  age=24
  Devaney, M               AM/F LC  age=21
  Milton, R                AM LC   age=32
  Taylor, J                AM/F C  age=17
  Alsop, J                 S C     age=28
  Corbett, L               S C     age=17
  Grayson, N               S C     age=36
  Hopkins, G               S C     age=21
  Kear, R                  S C     age=17
  Naylor, T                S C     age=34
  White, J                 S C     age=29
  Willetts, D              S C     age=17
[kit] Cheltenham Town bg=0xe000 fg=0xffff
[squad-in] person_id=45 first_name_id=1824 second_name_id=7 current_club_id=Some(1953) name="Banks, C"
[squad-in] person_id=522 first_name_id=83 second_name_id=49 current_club_id=Some(1953) name="Jones, R"
[squad-in] person_id=527 first_name_id=93 second_name_id=49 current_club_id=Some(1953) name="Jones, S"
[squad-in] person_id=10284 first_name_id=66 second_name_id=3077 current_club_id=Some(1953) name="Jackson, M"
[squad-in] person_id=11894 first_name_id=83 second_name_id=3544 current_club_id=Some(1953) name="Walker, R"
[squad-in] person_id=20343 first_name_id=54 second_name_id=6877 current_club_id=Some(1953) name="Hill, K"
[squad-in] person_id=27486 first_name_id=593 second_name_id=7683 current_club_id=Some(1953) name="Taylor, J"
[squad-in] person_id=30961 first_name_id=67 second_name_id=8766 current_club_id=Some(1953) name="Duff, M"
[squad-in] person_id=30966 first_name_id=2677 second_name_id=8766 current_club_id=Some(1953) name="Duff, S"
[squad-in] person_id=34354 first_name_id=44 second_name_id=9699 current_club_id=Some(1953) name="White, J"
[squad-in] person_id=51187 first_name_id=7646 second_name_id=18461 current_club_id=Some(1953) name="Alsop, J"
[squad-in] person_id=51549 first_name_id=93 second_name_id=18688 current_club_id=Some(1953) name="Benbow, S"
[squad-in] person_id=51618 first_name_id=20 second_name_id=18742 current_club_id=Some(1953) name="Bird, D"
[squad-in] person_id=51729 first_name_id=93 second_name_id=18812 current_club_id=Some(1953) name="Book, S"
[squad-in] person_id=51972 first_name_id=47 second_name_id=18934 current_club_id=Some(1953) name="Brough, J"
[squad-in] person_id=52119 first_name_id=12775 second_name_id=19003 current_club_id=Some(1953) name="Buttery, L"
[squad-in] person_id=52645 first_name_id=12775 second_name_id=19252 current_club_id=Some(1953) name="Corbett, L"
[squad-in] person_id=53057 first_name_id=64 second_name_id=19458 current_club_id=Some(1953) name="Devaney, M"
[squad-in] person_id=54134 first_name_id=2596 second_name_id=19965 current_club_id=Some(1953) name="Grayson, N"
[squad-in] person_id=54173 first_name_id=2103 second_name_id=19989 current_club_id=Some(1953) name="Griffin, T"
[squad-in] person_id=54553 first_name_id=2677 second_name_id=20219 current_club_id=Some(1953) name="Higgs, S"
[squad-in] person_id=54710 first_name_id=29 second_name_id=20301 current_club_id=Some(1953) name="Hopkins, G"
[squad-in] person_id=54754 first_name_id=2596 second_name_id=20322 current_club_id=Some(1953) name="Howarth, N"
[squad-in] person_id=54780 first_name_id=59 second_name_id=20326 current_club_id=Some(1953) name="Howells, L"
[squad-in] person_id=55072 first_name_id=83 second_name_id=20477 current_club_id=Some(1953) name="Kear, R"
[squad-in] person_id=55317 first_name_id=7634 second_name_id=20623 current_club_id=Some(1953) name="Langstone, I"
[squad-in] person_id=55865 first_name_id=12622 second_name_id=20899 current_club_id=Some(1953) name="McAuley, H"
[squad-in] person_id=56385 first_name_id=9045 second_name_id=21053 current_club_id=Some(1953) name="Milton, R"
[squad-in] person_id=56534 first_name_id=7598 second_name_id=21118 current_club_id=Some(1953) name="Muggleton, C"
[squad-in] person_id=56607 first_name_id=2103 second_name_id=21162 current_club_id=Some(1953) name="Naylor, T"
[squad-in] person_id=58853 first_name_id=7695 second_name_id=22352 current_club_id=Some(1953) name="Victory, J"
[squad-in] person_id=59185 first_name_id=1333 second_name_id=22516 current_club_id=Some(1953) name="Willetts, D"
[squad-in] person_id=59300 first_name_id=1088 second_name_id=22603 current_club_id=Some(1953) name="Yates, M"
[squad] Cheltenham Town (club_id=1953): 33 players
  Benbow, S                GK      age=19
  Book, S                  GK      age=32
  Higgs, S                 GK      age=24
  Muggleton, C             GK      age=32
  Banks, C                 SW/D C  age=35
  Victory, J               SW/D/DM LC  age=25
  Walker, R                SW/D LC  age=29
  Brough, J                D/F C   age=28
  Buttery, L               D L     age=16
  Duff, M                  D/DM R  age=23
  Duff, S                  D C     age=?
  Griffin, T               D/AM R  age=22
  Hill, K                  D C     age=32
  Howarth, N               D/DM RC  age=29
  Jones, S                 D RC    age=30
  Yates, M                 DM/M C  age=31
  Bird, D                  M R     age=16
  Howells, L               M/AM RC  age=32
  Jackson, M               M RC    age=21
  Jones, R                 M C     age=17
  Langstone, I             M L     age=?
  McAuley, H               M/AM/F RC  age=24
  Devaney, M               AM/F LC  age=21
  Milton, R                AM LC   age=32
  Taylor, J                AM/F C  age=17
  Alsop, J                 S C     age=28
  Corbett, L               S C     age=17
  Grayson, N               S C     age=36
  Hopkins, G               S C     age=21
  Kear, R                  S C     age=17
  Naylor, T                S C     age=34
  White, J                 S C     age=29
  Willetts, D              S C     age=17
[kit] Cheltenham Town bg=0xe000 fg=0xffff
[squad-in] person_id=45 first_name_id=1824 second_name_id=7 current_club_id=Some(1953) name="Banks, C"
[squad-in] person_id=522 first_name_id=83 second_name_id=49 current_club_id=Some(1953) name="Jones, R"
[squad-in] person_id=527 first_name_id=93 second_name_id=49 current_club_id=Some(1953) name="Jones, S"
[squad-in] person_id=10284 first_name_id=66 second_name_id=3077 current_club_id=Some(1953) name="Jackson, M"
[squad-in] person_id=11894 first_name_id=83 second_name_id=3544 current_club_id=Some(1953) name="Walker, R"
[squad-in] person_id=20343 first_name_id=54 second_name_id=6877 current_club_id=Some(1953) name="Hill, K"
[squad-in] person_id=27486 first_name_id=593 second_name_id=7683 current_club_id=Some(1953) name="Taylor, J"
[squad-in] person_id=30961 first_name_id=67 second_name_id=8766 current_club_id=Some(1953) name="Duff, M"
[squad-in] person_id=30966 first_name_id=2677 second_name_id=8766 current_club_id=Some(1953) name="Duff, S"
[squad-in] person_id=34354 first_name_id=44 second_name_id=9699 current_club_id=Some(1953) name="White, J"
[squad-in] person_id=51187 first_name_id=7646 second_name_id=18461 current_club_id=Some(1953) name="Alsop, J"
[squad-in] person_id=51549 first_name_id=93 second_name_id=18688 current_club_id=Some(1953) name="Benbow, S"
[squad-in] person_id=51618 first_name_id=20 second_name_id=18742 current_club_id=Some(1953) name="Bird, D"
[squad-in] person_id=51729 first_name_id=93 second_name_id=18812 current_club_id=Some(1953) name="Book, S"
[squad-in] person_id=51972 first_name_id=47 second_name_id=18934 current_club_id=Some(1953) name="Brough, J"
[squad-in] person_id=52119 first_name_id=12775 second_name_id=19003 current_club_id=Some(1953) name="Buttery, L"
[squad-in] person_id=52645 first_name_id=12775 second_name_id=19252 current_club_id=Some(1953) name="Corbett, L"
[squad-in] person_id=53057 first_name_id=64 second_name_id=19458 current_club_id=Some(1953) name="Devaney, M"
[squad-in] person_id=54134 first_name_id=2596 second_name_id=19965 current_club_id=Some(1953) name="Grayson, N"
[squad-in] person_id=54173 first_name_id=2103 second_name_id=19989 current_club_id=Some(1953) name="Griffin, T"
[squad-in] person_id=54553 first_name_id=2677 second_name_id=20219 current_club_id=Some(1953) name="Higgs, S"
[squad-in] person_id=54710 first_name_id=29 second_name_id=20301 current_club_id=Some(1953) name="Hopkins, G"
[squad-in] person_id=54754 first_name_id=2596 second_name_id=20322 current_club_id=Some(1953) name="Howarth, N"
[squad-in] person_id=54780 first_name_id=59 second_name_id=20326 current_club_id=Some(1953) name="Howells, L"
[squad-in] person_id=55072 first_name_id=83 second_name_id=20477 current_club_id=Some(1953) name="Kear, R"
[squad-in] person_id=55317 first_name_id=7634 second_name_id=20623 current_club_id=Some(1953) name="Langstone, I"
[squad-in] person_id=55865 first_name_id=12622 second_name_id=20899 current_club_id=Some(1953) name="McAuley, H"
[squad-in] person_id=56385 first_name_id=9045 second_name_id=21053 current_club_id=Some(1953) name="Milton, R"
[squad-in] person_id=56534 first_name_id=7598 second_name_id=21118 current_club_id=Some(1953) name="Muggleton, C"
[squad-in] person_id=56607 first_name_id=2103 second_name_id=21162 current_club_id=Some(1953) name="Naylor, T"
[squad-in] person_id=58853 first_name_id=7695 second_name_id=22352 current_club_id=Some(1953) name="Victory, J"
[squad-in] person_id=59185 first_name_id=1333 second_name_id=22516 current_club_id=Some(1953) name="Willetts, D"
[squad-in] person_id=59300 first_name_id=1088 second_name_id=22603 current_club_id=Some(1953) name="Yates, M"
[squad] Cheltenham Town (club_id=1953): 33 players
  Benbow, S                GK      age=19
  Book, S                  GK      age=32
  Higgs, S                 GK      age=24
  Muggleton, C             GK      age=32
  Banks, C                 SW/D C  age=35
  Victory, J               SW/D/DM LC  age=25
  Walker, R                SW/D LC  age=29
  Brough, J                D/F C   age=28
  Buttery, L               D L     age=16
  Duff, M                  D/DM R  age=23
  Duff, S                  D C     age=?
  Griffin, T               D/AM R  age=22
  Hill, K                  D C     age=32
  Howarth, N               D/DM RC  age=29
  Jones, S                 D RC    age=30
  Yates, M                 DM/M C  age=31
  Bird, D                  M R     age=16
  Howells, L               M/AM RC  age=32
  Jackson, M               M RC    age=21
  Jones, R                 M C     age=17
  Langstone, I             M L     age=?
  McAuley, H               M/AM/F RC  age=24
  Devaney, M               AM/F LC  age=21
  Milton, R                AM LC   age=32
  Taylor, J                AM/F C  age=17
  Alsop, J                 S C     age=28
  Corbett, L               S C     age=17
  Grayson, N               S C     age=36
  Hopkins, G               S C     age=21
  Kear, R                  S C     age=17
  Naylor, T                S C     age=34
  White, J                 S C     age=29
  Willetts, D              S C     age=17
[kit] Cheltenham Town bg=0xe000 fg=0xffff
[squad-in] person_id=45 first_name_id=1824 second_name_id=7 current_club_id=Some(1953) name="Banks, C"
[squad-in] person_id=522 first_name_id=83 second_name_id=49 current_club_id=Some(1953) name="Jones, R"
[squad-in] person_id=527 first_name_id=93 second_name_id=49 current_club_id=Some(1953) name="Jones, S"
[squad-in] person_id=10284 first_name_id=66 second_name_id=3077 current_club_id=Some(1953) name="Jackson, M"
[squad-in] person_id=11894 first_name_id=83 second_name_id=3544 current_club_id=Some(1953) name="Walker, R"
[squad-in] person_id=20343 first_name_id=54 second_name_id=6877 current_club_id=Some(1953) name="Hill, K"
[squad-in] person_id=27486 first_name_id=593 second_name_id=7683 current_club_id=Some(1953) name="Taylor, J"
[squad-in] person_id=30961 first_name_id=67 second_name_id=8766 current_club_id=Some(1953) name="Duff, M"
[squad-in] person_id=30966 first_name_id=2677 second_name_id=8766 current_club_id=Some(1953) name="Duff, S"
[squad-in] person_id=34354 first_name_id=44 second_name_id=9699 current_club_id=Some(1953) name="White, J"
[squad-in] person_id=51187 first_name_id=7646 second_name_id=18461 current_club_id=Some(1953) name="Alsop, J"
[squad-in] person_id=51549 first_name_id=93 second_name_id=18688 current_club_id=Some(1953) name="Benbow, S"
[squad-in] person_id=51618 first_name_id=20 second_name_id=18742 current_club_id=Some(1953) name="Bird, D"
[squad-in] person_id=51729 first_name_id=93 second_name_id=18812 current_club_id=Some(1953) name="Book, S"
[squad-in] person_id=51972 first_name_id=47 second_name_id=18934 current_club_id=Some(1953) name="Brough, J"
[squad-in] person_id=52119 first_name_id=12775 second_name_id=19003 current_club_id=Some(1953) name="Buttery, L"
[squad-in] person_id=52645 first_name_id=12775 second_name_id=19252 current_club_id=Some(1953) name="Corbett, L"
[squad-in] person_id=53057 first_name_id=64 second_name_id=19458 current_club_id=Some(1953) name="Devaney, M"
[squad-in] person_id=54134 first_name_id=2596 second_name_id=19965 current_club_id=Some(1953) name="Grayson, N"
[squad-in] person_id=54173 first_name_id=2103 second_name_id=19989 current_club_id=Some(1953) name="Griffin, T"
[squad-in] person_id=54553 first_name_id=2677 second_name_id=20219 current_club_id=Some(1953) name="Higgs, S"
[squad-in] person_id=54710 first_name_id=29 second_name_id=20301 current_club_id=Some(1953) name="Hopkins, G"
[squad-in] person_id=54754 first_name_id=2596 second_name_id=20322 current_club_id=Some(1953) name="Howarth, N"
[squad-in] person_id=54780 first_name_id=59 second_name_id=20326 current_club_id=Some(1953) name="Howells, L"
[squad-in] person_id=55072 first_name_id=83 second_name_id=20477 current_club_id=Some(1953) name="Kear, R"
[squad-in] person_id=55317 first_name_id=7634 second_name_id=20623 current_club_id=Some(1953) name="Langstone, I"
[squad-in] person_id=55865 first_name_id=12622 second_name_id=20899 current_club_id=Some(1953) name="McAuley, H"
[squad-in] person_id=56385 first_name_id=9045 second_name_id=21053 current_club_id=Some(1953) name="Milton, R"
[squad-in] person_id=56534 first_name_id=7598 second_name_id=21118 current_club_id=Some(1953) name="Muggleton, C"
[squad-in] person_id=56607 first_name_id=2103 second_name_id=21162 current_club_id=Some(1953) name="Naylor, T"
[squad-in] person_id=58853 first_name_id=7695 second_name_id=22352 current_club_id=Some(1953) name="Victory, J"
[squad-in] person_id=59185 first_name_id=1333 second_name_id=22516 current_club_id=Some(1953) name="Willetts, D"
[squad-in] person_id=59300 first_name_id=1088 second_name_id=22603 current_club_id=Some(1953) name="Yates, M"
[squad] Cheltenham Town (club_id=1953): 33 players
  Benbow, S                GK      age=19
  Book, S                  GK      age=32
  Higgs, S                 GK      age=24
  Muggleton, C             GK      age=32
  Banks, C                 SW/D C  age=35
  Victory, J               SW/D/DM LC  age=25
  Walker, R                SW/D LC  age=29
  Brough, J                D/F C   age=28
  Buttery, L               D L     age=16
  Duff, M                  D/DM R  age=23
  Duff, S                  D C     age=?
  Griffin, T               D/AM R  age=22
  Hill, K                  D C     age=32
  Howarth, N               D/DM RC  age=29
  Jones, S                 D RC    age=30
  Yates, M                 DM/M C  age=31
  Bird, D                  M R     age=16
  Howells, L               M/AM RC  age=32
  Jackson, M               M RC    age=21
  Jones, R                 M C     age=17
  Langstone, I             M L     age=?
  McAuley, H               M/AM/F RC  age=24
  Devaney, M               AM/F LC  age=21
  Milton, R                AM LC   age=32
  Taylor, J                AM/F C  age=17
  Alsop, J                 S C     age=28
  Corbett, L               S C     age=17
  Grayson, N               S C     age=36
  Hopkins, G               S C     age=21
  Kear, R                  S C     age=17
  Naylor, T                S C     age=34
  White, J                 S C     age=29
  Willetts, D              S C     age=17
[kit] Cheltenham Town bg=0xe000 fg=0xffff
[squad-in] person_id=45 first_name_id=1824 second_name_id=7 current_club_id=Some(1953) name="Chris Banks"
[squad-in] person_id=522 first_name_id=83 second_name_id=49 current_club_id=Some(1953) name="Richard Jones"
[squad-in] person_id=527 first_name_id=93 second_name_id=49 current_club_id=Some(1953) name="Steve Jones"
[squad-in] person_id=10284 first_name_id=66 second_name_id=3077 current_club_id=Some(1953) name="Michael Jackson"
[squad-in] person_id=11894 first_name_id=83 second_name_id=3544 current_club_id=Some(1953) name="Richard Walker"
[squad-in] person_id=20343 first_name_id=54 second_name_id=6877 current_club_id=Some(1953) name="Keith Hill"
[squad-in] person_id=27486 first_name_id=593 second_name_id=7683 current_club_id=Some(1953) name="James Taylor"
[squad-in] person_id=30961 first_name_id=67 second_name_id=8766 current_club_id=Some(1953) name="Mike Duff"
[squad-in] person_id=30966 first_name_id=2677 second_name_id=8766 current_club_id=Some(1953) name="Shane Duff"
[squad-in] person_id=34354 first_name_id=44 second_name_id=9699 current_club_id=Some(1953) name="Jason White"
[squad-in] person_id=51187 first_name_id=7646 second_name_id=18461 current_club_id=Some(1953) name="Julian Alsop"
[squad-in] person_id=51549 first_name_id=93 second_name_id=18688 current_club_id=Some(1953) name="Steve Benbow"
[squad-in] person_id=51618 first_name_id=20 second_name_id=18742 current_club_id=Some(1953) name="Dave Bird"
[squad-in] person_id=51729 first_name_id=93 second_name_id=18812 current_club_id=Some(1953) name="Steve Book"
[squad-in] person_id=51972 first_name_id=47 second_name_id=18934 current_club_id=Some(1953) name="John Brough"
[squad-in] person_id=52119 first_name_id=12775 second_name_id=19003 current_club_id=Some(1953) name="Luke Buttery"
[squad-in] person_id=52645 first_name_id=12775 second_name_id=19252 current_club_id=Some(1953) name="Luke Corbett"
[squad-in] person_id=53057 first_name_id=64 second_name_id=19458 current_club_id=Some(1953) name="Martin Devaney"
[squad-in] person_id=54134 first_name_id=2596 second_name_id=19965 current_club_id=Some(1953) name="Neil Grayson"
[squad-in] person_id=54173 first_name_id=2103 second_name_id=19989 current_club_id=Some(1953) name="Tony Griffin"
[squad-in] person_id=54553 first_name_id=2677 second_name_id=20219 current_club_id=Some(1953) name="Shane Higgs"
[squad-in] person_id=54710 first_name_id=29 second_name_id=20301 current_club_id=Some(1953) name="Gareth Hopkins"
[squad-in] person_id=54754 first_name_id=2596 second_name_id=20322 current_club_id=Some(1953) name="Neil Howarth"
[squad-in] person_id=54780 first_name_id=59 second_name_id=20326 current_club_id=Some(1953) name="Lee Howells"
[squad-in] person_id=55072 first_name_id=83 second_name_id=20477 current_club_id=Some(1953) name="Richard Kear"
[squad-in] person_id=55317 first_name_id=7634 second_name_id=20623 current_club_id=Some(1953) name="Iain Langstone"
[squad-in] person_id=55865 first_name_id=12622 second_name_id=20899 current_club_id=Some(1953) name="Hugh McAuley"
[squad-in] person_id=56385 first_name_id=9045 second_name_id=21053 current_club_id=Some(1953) name="Russell Milton"
[squad-in] person_id=56534 first_name_id=7598 second_name_id=21118 current_club_id=Some(1953) name="Carl Muggleton"
[squad-in] person_id=56607 first_name_id=2103 second_name_id=21162 current_club_id=Some(1953) name="Tony Naylor"
[squad-in] person_id=58853 first_name_id=7695 second_name_id=22352 current_club_id=Some(1953) name="Jamie Victory"
[squad-in] person_id=59185 first_name_id=1333 second_name_id=22516 current_club_id=Some(1953) name="Duncan Willetts"
[squad-in] person_id=59300 first_name_id=1088 second_name_id=22603 current_club_id=Some(1953) name="Mark Yates"
[squad] Cheltenham Town (club_id=1953): 33 players
  Carl Muggleton           GK      age=32
  Shane Higgs              GK      age=24
  Steve Benbow             GK      age=19
  Steve Book               GK      age=32
  Chris Banks              SW/D C  age=35
  Jamie Victory            SW/D/DM LC  age=25
  Richard Walker           SW/D LC  age=29
  John Brough              D/F C   age=28
  Keith Hill               D C     age=32
  Luke Buttery             D L     age=16
  Mike Duff                D/DM R  age=23
  Neil Howarth             D/DM RC  age=29
  Shane Duff               D C     age=?
  Steve Jones              D RC    age=30
  Tony Griffin             D/AM R  age=22
  Mark Yates               DM/M C  age=31
  Dave Bird                M R     age=16
  Hugh McAuley             M/AM/F RC  age=24
  Iain Langstone           M L     age=?
  Lee Howells              M/AM RC  age=32
  Michael Jackson          M RC    age=21
  Richard Jones            M C     age=17
  James Taylor             AM/F C  age=17
  Martin Devaney           AM/F LC  age=21
  Russell Milton           AM LC   age=32
  Duncan Willetts          S C     age=17
  Gareth Hopkins           S C     age=21
  Jason White              S C     age=29
  Julian Alsop             S C     age=28
  Luke Corbett             S C     age=17
  Neil Grayson             S C     age=36
  Richard Kear             S C     age=17
  Tony Naylor              S C     age=34
[kit] Cheltenham Town bg=0xe000 fg=0xffff
[squad-in] person_id=45 first_name_id=1824 second_name_id=7 current_club_id=Some(1953) name="Chris Banks"
[squad-in] person_id=522 first_name_id=83 second_name_id=49 current_club_id=Some(1953) name="Richard Jones"
[squad-in] person_id=527 first_name_id=93 second_name_id=49 current_club_id=Some(1953) name="Steve Jones"
[squad-in] person_id=10284 first_name_id=66 second_name_id=3077 current_club_id=Some(1953) name="Michael Jackson"
[squad-in] person_id=11894 first_name_id=83 second_name_id=3544 current_club_id=Some(1953) name="Richard Walker"
[squad-in] person_id=20343 first_name_id=54 second_name_id=6877 current_club_id=Some(1953) name="Keith Hill"
[squad-in] person_id=27486 first_name_id=593 second_name_id=7683 current_club_id=Some(1953) name="James Taylor"
[squad-in] person_id=30961 first_name_id=67 second_name_id=8766 current_club_id=Some(1953) name="Mike Duff"
[squad-in] person_id=30966 first_name_id=2677 second_name_id=8766 current_club_id=Some(1953) name="Shane Duff"
[squad-in] person_id=34354 first_name_id=44 second_name_id=9699 current_club_id=Some(1953) name="Jason White"
[squad-in] person_id=51187 first_name_id=7646 second_name_id=18461 current_club_id=Some(1953) name="Julian Alsop"
[squad-in] person_id=51549 first_name_id=93 second_name_id=18688 current_club_id=Some(1953) name="Steve Benbow"
[squad-in] person_id=51618 first_name_id=20 second_name_id=18742 current_club_id=Some(1953) name="Dave Bird"
[squad-in] person_id=51729 first_name_id=93 second_name_id=18812 current_club_id=Some(1953) name="Steve Book"
[squad-in] person_id=51972 first_name_id=47 second_name_id=18934 current_club_id=Some(1953) name="John Brough"
[squad-in] person_id=52119 first_name_id=12775 second_name_id=19003 current_club_id=Some(1953) name="Luke Buttery"
[squad-in] person_id=52645 first_name_id=12775 second_name_id=19252 current_club_id=Some(1953) name="Luke Corbett"
[squad-in] person_id=53057 first_name_id=64 second_name_id=19458 current_club_id=Some(1953) name="Martin Devaney"
[squad-in] person_id=54134 first_name_id=2596 second_name_id=19965 current_club_id=Some(1953) name="Neil Grayson"
[squad-in] person_id=54173 first_name_id=2103 second_name_id=19989 current_club_id=Some(1953) name="Tony Griffin"
[squad-in] person_id=54553 first_name_id=2677 second_name_id=20219 current_club_id=Some(1953) name="Shane Higgs"
[squad-in] person_id=54710 first_name_id=29 second_name_id=20301 current_club_id=Some(1953) name="Gareth Hopkins"
[squad-in] person_id=54754 first_name_id=2596 second_name_id=20322 current_club_id=Some(1953) name="Neil Howarth"
[squad-in] person_id=54780 first_name_id=59 second_name_id=20326 current_club_id=Some(1953) name="Lee Howells"
[squad-in] person_id=55072 first_name_id=83 second_name_id=20477 current_club_id=Some(1953) name="Richard Kear"
[squad-in] person_id=55317 first_name_id=7634 second_name_id=20623 current_club_id=Some(1953) name="Iain Langstone"
[squad-in] person_id=55865 first_name_id=12622 second_name_id=20899 current_club_id=Some(1953) name="Hugh McAuley"
[squad-in] person_id=56385 first_name_id=9045 second_name_id=21053 current_club_id=Some(1953) name="Russell Milton"
[squad-in] person_id=56534 first_name_id=7598 second_name_id=21118 current_club_id=Some(1953) name="Carl Muggleton"
[squad-in] person_id=56607 first_name_id=2103 second_name_id=21162 current_club_id=Some(1953) name="Tony Naylor"
[squad-in] person_id=58853 first_name_id=7695 second_name_id=22352 current_club_id=Some(1953) name="Jamie Victory"
[squad-in] person_id=59185 first_name_id=1333 second_name_id=22516 current_club_id=Some(1953) name="Duncan Willetts"
[squad-in] person_id=59300 first_name_id=1088 second_name_id=22603 current_club_id=Some(1953) name="Mark Yates"
[squad] Cheltenham Town (club_id=1953): 33 players
  Carl Muggleton           GK      age=32
  Shane Higgs              GK      age=24
  Steve Benbow             GK      age=19
  Steve Book               GK      age=32
  Chris Banks              SW/D C  age=35
  Jamie Victory            SW/D/DM LC  age=25
  Richard Walker           SW/D LC  age=29
  John Brough              D/F C   age=28
  Keith Hill               D C     age=32
  Luke Buttery             D L     age=16
  Mike Duff                D/DM R  age=23
  Neil Howarth             D/DM RC  age=29
  Shane Duff               D C     age=?
  Steve Jones              D RC    age=30
  Tony Griffin             D/AM R  age=22
  Mark Yates               DM/M C  age=31
  Dave Bird                M R     age=16
  Hugh McAuley             M/AM/F RC  age=24
  Iain Langstone           M L     age=?
  Lee Howells              M/AM RC  age=32
  Michael Jackson          M RC    age=21
  Richard Jones            M C     age=17
  James Taylor             AM/F C  age=17
  Martin Devaney           AM/F LC  age=21
  Russell Milton           AM LC   age=32
  Duncan Willetts          S C     age=17
  Gareth Hopkins           S C     age=21
  Jason White              S C     age=29
  Julian Alsop             S C     age=28
  Luke Corbett             S C     age=17
  Neil Grayson             S C     age=36
  Richard Kear             S C     age=17
  Tony Naylor              S C     age=34
[kit] Cheltenham Town bg=0xe000 fg=0xffff
[sort] click x=465 y=205 — checking header strip
[sort] hit col=4 header="Basic Wage" kind=Numeric
[sort] -> col=4 desc=true
[squad-in] person_id=45 first_name_id=1824 second_name_id=7 current_club_id=Some(1953) name="Chris Banks"
[squad-in] person_id=522 first_name_id=83 second_name_id=49 current_club_id=Some(1953) name="Richard Jones"
[squad-in] person_id=527 first_name_id=93 second_name_id=49 current_club_id=Some(1953) name="Steve Jones"
[squad-in] person_id=10284 first_name_id=66 second_name_id=3077 current_club_id=Some(1953) name="Michael Jackson"
[squad-in] person_id=11894 first_name_id=83 second_name_id=3544 current_club_id=Some(1953) name="Richard Walker"
[squad-in] person_id=20343 first_name_id=54 second_name_id=6877 current_club_id=Some(1953) name="Keith Hill"
[squad-in] person_id=27486 first_name_id=593 second_name_id=7683 current_club_id=Some(1953) name="James Taylor"
[squad-in] person_id=30961 first_name_id=67 second_name_id=8766 current_club_id=Some(1953) name="Mike Duff"
[squad-in] person_id=30966 first_name_id=2677 second_name_id=8766 current_club_id=Some(1953) name="Shane Duff"
[squad-in] person_id=34354 first_name_id=44 second_name_id=9699 current_club_id=Some(1953) name="Jason White"
[squad-in] person_id=51187 first_name_id=7646 second_name_id=18461 current_club_id=Some(1953) name="Julian Alsop"
[squad-in] person_id=51549 first_name_id=93 second_name_id=18688 current_club_id=Some(1953) name="Steve Benbow"
[squad-in] person_id=51618 first_name_id=20 second_name_id=18742 current_club_id=Some(1953) name="Dave Bird"
[squad-in] person_id=51729 first_name_id=93 second_name_id=18812 current_club_id=Some(1953) name="Steve Book"
[squad-in] person_id=51972 first_name_id=47 second_name_id=18934 current_club_id=Some(1953) name="John Brough"
[squad-in] person_id=52119 first_name_id=12775 second_name_id=19003 current_club_id=Some(1953) name="Luke Buttery"
[squad-in] person_id=52645 first_name_id=12775 second_name_id=19252 current_club_id=Some(1953) name="Luke Corbett"
[squad-in] person_id=53057 first_name_id=64 second_name_id=19458 current_club_id=Some(1953) name="Martin Devaney"
[squad-in] person_id=54134 first_name_id=2596 second_name_id=19965 current_club_id=Some(1953) name="Neil Grayson"
[squad-in] person_id=54173 first_name_id=2103 second_name_id=19989 current_club_id=Some(1953) name="Tony Griffin"
[squad-in] person_id=54553 first_name_id=2677 second_name_id=20219 current_club_id=Some(1953) name="Shane Higgs"
[squad-in] person_id=54710 first_name_id=29 second_name_id=20301 current_club_id=Some(1953) name="Gareth Hopkins"
[squad-in] person_id=54754 first_name_id=2596 second_name_id=20322 current_club_id=Some(1953) name="Neil Howarth"
[squad-in] person_id=54780 first_name_id=59 second_name_id=20326 current_club_id=Some(1953) name="Lee Howells"
[squad-in] person_id=55072 first_name_id=83 second_name_id=20477 current_club_id=Some(1953) name="Richard Kear"
[squad-in] person_id=55317 first_name_id=7634 second_name_id=20623 current_club_id=Some(1953) name="Iain Langstone"
[squad-in] person_id=55865 first_name_id=12622 second_name_id=20899 current_club_id=Some(1953) name="Hugh McAuley"
[squad-in] person_id=56385 first_name_id=9045 second_name_id=21053 current_club_id=Some(1953) name="Russell Milton"
[squad-in] person_id=56534 first_name_id=7598 second_name_id=21118 current_club_id=Some(1953) name="Carl Muggleton"
[squad-in] person_id=56607 first_name_id=2103 second_name_id=21162 current_club_id=Some(1953) name="Tony Naylor"
[squad-in] person_id=58853 first_name_id=7695 second_name_id=22352 current_club_id=Some(1953) name="Jamie Victory"
[squad-in] person_id=59185 first_name_id=1333 second_name_id=22516 current_club_id=Some(1953) name="Duncan Willetts"
[squad-in] person_id=59300 first_name_id=1088 second_name_id=22603 current_club_id=Some(1953) name="Mark Yates"
[squad] Cheltenham Town (club_id=1953): 33 players
  Tony Naylor              S C     age=34
  Carl Muggleton           GK      age=32
  Steve Jones              D RC    age=30
  Jason White              S C     age=29
  Julian Alsop             S C     age=28
  Keith Hill               D C     age=32
  Chris Banks              SW/D C  age=35
  Neil Grayson             S C     age=36
  Lee Howells              M/AM RC  age=32
  Jamie Victory            SW/D/DM LC  age=25
  Mike Duff                D/DM R  age=23
  Steve Book               GK      age=32
  Neil Howarth             D/DM RC  age=29
  Hugh McAuley             M/AM/F RC  age=24
  Russell Milton           AM LC   age=32
  Mark Yates               DM/M C  age=31
  Richard Walker           SW/D LC  age=29
  John Brough              D/F C   age=28
  Shane Higgs              GK      age=24
  Martin Devaney           AM/F LC  age=21
  Tony Griffin             D/AM R  age=22
  Michael Jackson          M RC    age=21
  Shane Duff               D C     age=?
  Richard Jones            M C     age=17
  James Taylor             AM/F C  age=17
  Dave Bird                M R     age=16
  Luke Buttery             D L     age=16
  Luke Corbett             S C     age=17
  Gareth Hopkins           S C     age=21
  Richard Kear             S C     age=17
  Iain Langstone           M L     age=?
  Duncan Willetts          S C     age=17
  Steve Benbow             GK      age=19
[kit] Cheltenham Town bg=0xe000 fg=0xffff
[squad-in] person_id=45 first_name_id=1824 second_name_id=7 current_club_id=Some(1953) name="Chris Banks"
[squad-in] person_id=522 first_name_id=83 second_name_id=49 current_club_id=Some(1953) name="Richard Jones"
[squad-in] person_id=527 first_name_id=93 second_name_id=49 current_club_id=Some(1953) name="Steve Jones"
[squad-in] person_id=10284 first_name_id=66 second_name_id=3077 current_club_id=Some(1953) name="Michael Jackson"
[squad-in] person_id=11894 first_name_id=83 second_name_id=3544 current_club_id=Some(1953) name="Richard Walker"
[squad-in] person_id=20343 first_name_id=54 second_name_id=6877 current_club_id=Some(1953) name="Keith Hill"
[squad-in] person_id=27486 first_name_id=593 second_name_id=7683 current_club_id=Some(1953) name="James Taylor"
[squad-in] person_id=30961 first_name_id=67 second_name_id=8766 current_club_id=Some(1953) name="Mike Duff"
[squad-in] person_id=30966 first_name_id=2677 second_name_id=8766 current_club_id=Some(1953) name="Shane Duff"
[squad-in] person_id=34354 first_name_id=44 second_name_id=9699 current_club_id=Some(1953) name="Jason White"
[squad-in] person_id=51187 first_name_id=7646 second_name_id=18461 current_club_id=Some(1953) name="Julian Alsop"
[squad-in] person_id=51549 first_name_id=93 second_name_id=18688 current_club_id=Some(1953) name="Steve Benbow"
[squad-in] person_id=51618 first_name_id=20 second_name_id=18742 current_club_id=Some(1953) name="Dave Bird"
[squad-in] person_id=51729 first_name_id=93 second_name_id=18812 current_club_id=Some(1953) name="Steve Book"
[squad-in] person_id=51972 first_name_id=47 second_name_id=18934 current_club_id=Some(1953) name="John Brough"
[squad-in] person_id=52119 first_name_id=12775 second_name_id=19003 current_club_id=Some(1953) name="Luke Buttery"
[squad-in] person_id=52645 first_name_id=12775 second_name_id=19252 current_club_id=Some(1953) name="Luke Corbett"
[squad-in] person_id=53057 first_name_id=64 second_name_id=19458 current_club_id=Some(1953) name="Martin Devaney"
[squad-in] person_id=54134 first_name_id=2596 second_name_id=19965 current_club_id=Some(1953) name="Neil Grayson"
[squad-in] person_id=54173 first_name_id=2103 second_name_id=19989 current_club_id=Some(1953) name="Tony Griffin"
[squad-in] person_id=54553 first_name_id=2677 second_name_id=20219 current_club_id=Some(1953) name="Shane Higgs"
[squad-in] person_id=54710 first_name_id=29 second_name_id=20301 current_club_id=Some(1953) name="Gareth Hopkins"
[squad-in] person_id=54754 first_name_id=2596 second_name_id=20322 current_club_id=Some(1953) name="Neil Howarth"
[squad-in] person_id=54780 first_name_id=59 second_name_id=20326 current_club_id=Some(1953) name="Lee Howells"
[squad-in] person_id=55072 first_name_id=83 second_name_id=20477 current_club_id=Some(1953) name="Richard Kear"
[squad-in] person_id=55317 first_name_id=7634 second_name_id=20623 current_club_id=Some(1953) name="Iain Langstone"
[squad-in] person_id=55865 first_name_id=12622 second_name_id=20899 current_club_id=Some(1953) name="Hugh McAuley"
[squad-in] person_id=56385 first_name_id=9045 second_name_id=21053 current_club_id=Some(1953) name="Russell Milton"
[squad-in] person_id=56534 first_name_id=7598 second_name_id=21118 current_club_id=Some(1953) name="Carl Muggleton"
[squad-in] person_id=56607 first_name_id=2103 second_name_id=21162 current_club_id=Some(1953) name="Tony Naylor"
[squad-in] person_id=58853 first_name_id=7695 second_name_id=22352 current_club_id=Some(1953) name="Jamie Victory"
[squad-in] person_id=59185 first_name_id=1333 second_name_id=22516 current_club_id=Some(1953) name="Duncan Willetts"
[squad-in] person_id=59300 first_name_id=1088 second_name_id=22603 current_club_id=Some(1953) name="Mark Yates"
[squad] Cheltenham Town (club_id=1953): 33 players
  Tony Naylor              S C     age=34
  Carl Muggleton           GK      age=32
  Steve Jones              D RC    age=30
  Jason White              S C     age=29
  Julian Alsop             S C     age=28
  Keith Hill               D C     age=32
  Chris Banks              SW/D C  age=35
  Neil Grayson             S C     age=36
  Lee Howells              M/AM RC  age=32
  Jamie Victory            SW/D/DM LC  age=25
  Mike Duff                D/DM R  age=23
  Steve Book               GK      age=32
  Neil Howarth             D/DM RC  age=29
  Hugh McAuley             M/AM/F RC  age=24
  Russell Milton           AM LC   age=32
  Mark Yates               DM/M C  age=31
  Richard Walker           SW/D LC  age=29
  John Brough              D/F C   age=28
  Shane Higgs              GK      age=24
  Martin Devaney           AM/F LC  age=21
  Tony Griffin             D/AM R  age=22
  Michael Jackson          M RC    age=21
  Shane Duff               D C     age=?
  Richard Jones            M C     age=17
  James Taylor             AM/F C  age=17
  Dave Bird                M R     age=16
  Luke Buttery             D L     age=16
  Luke Corbett             S C     age=17
  Gareth Hopkins           S C     age=21
  Richard Kear             S C     age=17
  Iain Langstone           M L     age=?
  Duncan Willetts          S C     age=17
  Steve Benbow             GK      age=19
[kit] Cheltenham Town bg=0xe000 fg=0xffff
[sort] click x=465 y=205 — checking header strip
[sort] hit col=4 header="Basic Wage" kind=Numeric
[sort] -> col=4 desc=false
[squad-in] person_id=45 first_name_id=1824 second_name_id=7 current_club_id=Some(1953) name="Chris Banks"
[squad-in] person_id=522 first_name_id=83 second_name_id=49 current_club_id=Some(1953) name="Richard Jones"
[squad-in] person_id=527 first_name_id=93 second_name_id=49 current_club_id=Some(1953) name="Steve Jones"
[squad-in] person_id=10284 first_name_id=66 second_name_id=3077 current_club_id=Some(1953) name="Michael Jackson"
[squad-in] person_id=11894 first_name_id=83 second_name_id=3544 current_club_id=Some(1953) name="Richard Walker"
[squad-in] person_id=20343 first_name_id=54 second_name_id=6877 current_club_id=Some(1953) name="Keith Hill"
[squad-in] person_id=27486 first_name_id=593 second_name_id=7683 current_club_id=Some(1953) name="James Taylor"
[squad-in] person_id=30961 first_name_id=67 second_name_id=8766 current_club_id=Some(1953) name="Mike Duff"
[squad-in] person_id=30966 first_name_id=2677 second_name_id=8766 current_club_id=Some(1953) name="Shane Duff"
[squad-in] person_id=34354 first_name_id=44 second_name_id=9699 current_club_id=Some(1953) name="Jason White"
[squad-in] person_id=51187 first_name_id=7646 second_name_id=18461 current_club_id=Some(1953) name="Julian Alsop"
[squad-in] person_id=51549 first_name_id=93 second_name_id=18688 current_club_id=Some(1953) name="Steve Benbow"
[squad-in] person_id=51618 first_name_id=20 second_name_id=18742 current_club_id=Some(1953) name="Dave Bird"
[squad-in] person_id=51729 first_name_id=93 second_name_id=18812 current_club_id=Some(1953) name="Steve Book"
[squad-in] person_id=51972 first_name_id=47 second_name_id=18934 current_club_id=Some(1953) name="John Brough"
[squad-in] person_id=52119 first_name_id=12775 second_name_id=19003 current_club_id=Some(1953) name="Luke Buttery"
[squad-in] person_id=52645 first_name_id=12775 second_name_id=19252 current_club_id=Some(1953) name="Luke Corbett"
[squad-in] person_id=53057 first_name_id=64 second_name_id=19458 current_club_id=Some(1953) name="Martin Devaney"
[squad-in] person_id=54134 first_name_id=2596 second_name_id=19965 current_club_id=Some(1953) name="Neil Grayson"
[squad-in] person_id=54173 first_name_id=2103 second_name_id=19989 current_club_id=Some(1953) name="Tony Griffin"
[squad-in] person_id=54553 first_name_id=2677 second_name_id=20219 current_club_id=Some(1953) name="Shane Higgs"
[squad-in] person_id=54710 first_name_id=29 second_name_id=20301 current_club_id=Some(1953) name="Gareth Hopkins"
[squad-in] person_id=54754 first_name_id=2596 second_name_id=20322 current_club_id=Some(1953) name="Neil Howarth"
[squad-in] person_id=54780 first_name_id=59 second_name_id=20326 current_club_id=Some(1953) name="Lee Howells"
[squad-in] person_id=55072 first_name_id=83 second_name_id=20477 current_club_id=Some(1953) name="Richard Kear"
[squad-in] person_id=55317 first_name_id=7634 second_name_id=20623 current_club_id=Some(1953) name="Iain Langstone"
[squad-in] person_id=55865 first_name_id=12622 second_name_id=20899 current_club_id=Some(1953) name="Hugh McAuley"
[squad-in] person_id=56385 first_name_id=9045 second_name_id=21053 current_club_id=Some(1953) name="Russell Milton"
[squad-in] person_id=56534 first_name_id=7598 second_name_id=21118 current_club_id=Some(1953) name="Carl Muggleton"
[squad-in] person_id=56607 first_name_id=2103 second_name_id=21162 current_club_id=Some(1953) name="Tony Naylor"
[squad-in] person_id=58853 first_name_id=7695 second_name_id=22352 current_club_id=Some(1953) name="Jamie Victory"
[squad-in] person_id=59185 first_name_id=1333 second_name_id=22516 current_club_id=Some(1953) name="Duncan Willetts"
[squad-in] person_id=59300 first_name_id=1088 second_name_id=22603 current_club_id=Some(1953) name="Mark Yates"
[squad] Cheltenham Town (club_id=1953): 33 players
  Steve Benbow             GK      age=19
  Richard Jones            M C     age=17
  James Taylor             AM/F C  age=17
  Dave Bird                M R     age=16
  Luke Buttery             D L     age=16
  Luke Corbett             S C     age=17
  Gareth Hopkins           S C     age=21
  Richard Kear             S C     age=17
  Iain Langstone           M L     age=?
  Duncan Willetts          S C     age=17
  Michael Jackson          M RC    age=21
  Shane Duff               D C     age=?
  Martin Devaney           AM/F LC  age=21
  Tony Griffin             D/AM R  age=22
  Shane Higgs              GK      age=24
  Richard Walker           SW/D LC  age=29
  John Brough              D/F C   age=28
  Hugh McAuley             M/AM/F RC  age=24
  Russell Milton           AM LC   age=32
  Mark Yates               DM/M C  age=31
  Mike Duff                D/DM R  age=23
  Steve Book               GK      age=32
  Neil Howarth             D/DM RC  age=29
  Chris Banks              SW/D C  age=35
  Neil Grayson             S C     age=36
  Lee Howells              M/AM RC  age=32
  Jamie Victory            SW/D/DM LC  age=25
  Keith Hill               D C     age=32
  Jason White              S C     age=29
  Julian Alsop             S C     age=28
  Steve Jones              D RC    age=30
  Carl Muggleton           GK      age=32
  Tony Naylor              S C     age=34
[kit] Cheltenham Town bg=0xe000 fg=0xffff
[squad-in] person_id=45 first_name_id=1824 second_name_id=7 current_club_id=Some(1953) name="Chris Banks"
[squad-in] person_id=522 first_name_id=83 second_name_id=49 current_club_id=Some(1953) name="Richard Jones"
[squad-in] person_id=527 first_name_id=93 second_name_id=49 current_club_id=Some(1953) name="Steve Jones"
[squad-in] person_id=10284 first_name_id=66 second_name_id=3077 current_club_id=Some(1953) name="Michael Jackson"
[squad-in] person_id=11894 first_name_id=83 second_name_id=3544 current_club_id=Some(1953) name="Richard Walker"
[squad-in] person_id=20343 first_name_id=54 second_name_id=6877 current_club_id=Some(1953) name="Keith Hill"
[squad-in] person_id=27486 first_name_id=593 second_name_id=7683 current_club_id=Some(1953) name="James Taylor"
[squad-in] person_id=30961 first_name_id=67 second_name_id=8766 current_club_id=Some(1953) name="Mike Duff"
[squad-in] person_id=30966 first_name_id=2677 second_name_id=8766 current_club_id=Some(1953) name="Shane Duff"
[squad-in] person_id=34354 first_name_id=44 second_name_id=9699 current_club_id=Some(1953) name="Jason White"
[squad-in] person_id=51187 first_name_id=7646 second_name_id=18461 current_club_id=Some(1953) name="Julian Alsop"
[squad-in] person_id=51549 first_name_id=93 second_name_id=18688 current_club_id=Some(1953) name="Steve Benbow"
[squad-in] person_id=51618 first_name_id=20 second_name_id=18742 current_club_id=Some(1953) name="Dave Bird"
[squad-in] person_id=51729 first_name_id=93 second_name_id=18812 current_club_id=Some(1953) name="Steve Book"
[squad-in] person_id=51972 first_name_id=47 second_name_id=18934 current_club_id=Some(1953) name="John Brough"
[squad-in] person_id=52119 first_name_id=12775 second_name_id=19003 current_club_id=Some(1953) name="Luke Buttery"
[squad-in] person_id=52645 first_name_id=12775 second_name_id=19252 current_club_id=Some(1953) name="Luke Corbett"
[squad-in] person_id=53057 first_name_id=64 second_name_id=19458 current_club_id=Some(1953) name="Martin Devaney"
[squad-in] person_id=54134 first_name_id=2596 second_name_id=19965 current_club_id=Some(1953) name="Neil Grayson"
[squad-in] person_id=54173 first_name_id=2103 second_name_id=19989 current_club_id=Some(1953) name="Tony Griffin"
[squad-in] person_id=54553 first_name_id=2677 second_name_id=20219 current_club_id=Some(1953) name="Shane Higgs"
[squad-in] person_id=54710 first_name_id=29 second_name_id=20301 current_club_id=Some(1953) name="Gareth Hopkins"
[squad-in] person_id=54754 first_name_id=2596 second_name_id=20322 current_club_id=Some(1953) name="Neil Howarth"
[squad-in] person_id=54780 first_name_id=59 second_name_id=20326 current_club_id=Some(1953) name="Lee Howells"
[squad-in] person_id=55072 first_name_id=83 second_name_id=20477 current_club_id=Some(1953) name="Richard Kear"
[squad-in] person_id=55317 first_name_id=7634 second_name_id=20623 current_club_id=Some(1953) name="Iain Langstone"
[squad-in] person_id=55865 first_name_id=12622 second_name_id=20899 current_club_id=Some(1953) name="Hugh McAuley"
[squad-in] person_id=56385 first_name_id=9045 second_name_id=21053 current_club_id=Some(1953) name="Russell Milton"
[squad-in] person_id=56534 first_name_id=7598 second_name_id=21118 current_club_id=Some(1953) name="Carl Muggleton"
[squad-in] person_id=56607 first_name_id=2103 second_name_id=21162 current_club_id=Some(1953) name="Tony Naylor"
[squad-in] person_id=58853 first_name_id=7695 second_name_id=22352 current_club_id=Some(1953) name="Jamie Victory"
[squad-in] person_id=59185 first_name_id=1333 second_name_id=22516 current_club_id=Some(1953) name="Duncan Willetts"
[squad-in] person_id=59300 first_name_id=1088 second_name_id=22603 current_club_id=Some(1953) name="Mark Yates"
[squad] Cheltenham Town (club_id=1953): 33 players
  Steve Benbow             GK      age=19
  Richard Jones            M C     age=17
  James Taylor             AM/F C  age=17
  Dave Bird                M R     age=16
  Luke Buttery             D L     age=16
  Luke Corbett             S C     age=17
  Gareth Hopkins           S C     age=21
  Richard Kear             S C     age=17
  Iain Langstone           M L     age=?
  Duncan Willetts          S C     age=17
  Michael Jackson          M RC    age=21
  Shane Duff               D C     age=?
  Martin Devaney           AM/F LC  age=21
  Tony Griffin             D/AM R  age=22
  Shane Higgs              GK      age=24
  Richard Walker           SW/D LC  age=29
  John Brough              D/F C   age=28
  Hugh McAuley             M/AM/F RC  age=24
  Russell Milton           AM LC   age=32
  Mark Yates               DM/M C  age=31
  Mike Duff                D/DM R  age=23
  Steve Book               GK      age=32
  Neil Howarth             D/DM RC  age=29
  Chris Banks              SW/D C  age=35
  Neil Grayson             S C     age=36
  Lee Howells              M/AM RC  age=32
  Jamie Victory            SW/D/DM LC  age=25
  Keith Hill               D C     age=32
  Jason White              S C     age=29
  Julian Alsop             S C     age=28
  Steve Jones              D RC    age=30
  Carl Muggleton           GK      age=32
  Tony Naylor              S C     age=34
[kit] Cheltenham Town bg=0xe000 fg=0xffff
[sort] click x=465 y=205 — checking header strip
[sort] hit col=4 header="Basic Wage" kind=Numeric
[sort] -> col=4 desc=true
[squad-in] person_id=45 first_name_id=1824 second_name_id=7 current_club_id=Some(1953) name="Chris Banks"
[squad-in] person_id=522 first_name_id=83 second_name_id=49 current_club_id=Some(1953) name="Richard Jones"
[squad-in] person_id=527 first_name_id=93 second_name_id=49 current_club_id=Some(1953) name="Steve Jones"
[squad-in] person_id=10284 first_name_id=66 second_name_id=3077 current_club_id=Some(1953) name="Michael Jackson"
[squad-in] person_id=11894 first_name_id=83 second_name_id=3544 current_club_id=Some(1953) name="Richard Walker"
[squad-in] person_id=20343 first_name_id=54 second_name_id=6877 current_club_id=Some(1953) name="Keith Hill"
[squad-in] person_id=27486 first_name_id=593 second_name_id=7683 current_club_id=Some(1953) name="James Taylor"
[squad-in] person_id=30961 first_name_id=67 second_name_id=8766 current_club_id=Some(1953) name="Mike Duff"
[squad-in] person_id=30966 first_name_id=2677 second_name_id=8766 current_club_id=Some(1953) name="Shane Duff"
[squad-in] person_id=34354 first_name_id=44 second_name_id=9699 current_club_id=Some(1953) name="Jason White"
[squad-in] person_id=51187 first_name_id=7646 second_name_id=18461 current_club_id=Some(1953) name="Julian Alsop"
[squad-in] person_id=51549 first_name_id=93 second_name_id=18688 current_club_id=Some(1953) name="Steve Benbow"
[squad-in] person_id=51618 first_name_id=20 second_name_id=18742 current_club_id=Some(1953) name="Dave Bird"
[squad-in] person_id=51729 first_name_id=93 second_name_id=18812 current_club_id=Some(1953) name="Steve Book"
[squad-in] person_id=51972 first_name_id=47 second_name_id=18934 current_club_id=Some(1953) name="John Brough"
[squad-in] person_id=52119 first_name_id=12775 second_name_id=19003 current_club_id=Some(1953) name="Luke Buttery"
[squad-in] person_id=52645 first_name_id=12775 second_name_id=19252 current_club_id=Some(1953) name="Luke Corbett"
[squad-in] person_id=53057 first_name_id=64 second_name_id=19458 current_club_id=Some(1953) name="Martin Devaney"
[squad-in] person_id=54134 first_name_id=2596 second_name_id=19965 current_club_id=Some(1953) name="Neil Grayson"
[squad-in] person_id=54173 first_name_id=2103 second_name_id=19989 current_club_id=Some(1953) name="Tony Griffin"
[squad-in] person_id=54553 first_name_id=2677 second_name_id=20219 current_club_id=Some(1953) name="Shane Higgs"
[squad-in] person_id=54710 first_name_id=29 second_name_id=20301 current_club_id=Some(1953) name="Gareth Hopkins"
[squad-in] person_id=54754 first_name_id=2596 second_name_id=20322 current_club_id=Some(1953) name="Neil Howarth"
[squad-in] person_id=54780 first_name_id=59 second_name_id=20326 current_club_id=Some(1953) name="Lee Howells"
[squad-in] person_id=55072 first_name_id=83 second_name_id=20477 current_club_id=Some(1953) name="Richard Kear"
[squad-in] person_id=55317 first_name_id=7634 second_name_id=20623 current_club_id=Some(1953) name="Iain Langstone"
[squad-in] person_id=55865 first_name_id=12622 second_name_id=20899 current_club_id=Some(1953) name="Hugh McAuley"
[squad-in] person_id=56385 first_name_id=9045 second_name_id=21053 current_club_id=Some(1953) name="Russell Milton"
[squad-in] person_id=56534 first_name_id=7598 second_name_id=21118 current_club_id=Some(1953) name="Carl Muggleton"
[squad-in] person_id=56607 first_name_id=2103 second_name_id=21162 current_club_id=Some(1953) name="Tony Naylor"
[squad-in] person_id=58853 first_name_id=7695 second_name_id=22352 current_club_id=Some(1953) name="Jamie Victory"
[squad-in] person_id=59185 first_name_id=1333 second_name_id=22516 current_club_id=Some(1953) name="Duncan Willetts"
[squad-in] person_id=59300 first_name_id=1088 second_name_id=22603 current_club_id=Some(1953) name="Mark Yates"
[squad] Cheltenham Town (club_id=1953): 33 players
  Tony Naylor              S C     age=34
  Carl Muggleton           GK      age=32
  Steve Jones              D RC    age=30
  Jason White              S C     age=29
  Julian Alsop             S C     age=28
  Keith Hill               D C     age=32
  Chris Banks              SW/D C  age=35
  Neil Grayson             S C     age=36
  Lee Howells              M/AM RC  age=32
  Jamie Victory            SW/D/DM LC  age=25
  Mike Duff                D/DM R  age=23
  Steve Book               GK      age=32
  Neil Howarth             D/DM RC  age=29
  Hugh McAuley             M/AM/F RC  age=24
  Russell Milton           AM LC   age=32
  Mark Yates               DM/M C  age=31
  Richard Walker           SW/D LC  age=29
  John Brough              D/F C   age=28
  Shane Higgs              GK      age=24
  Martin Devaney           AM/F LC  age=21
  Tony Griffin             D/AM R  age=22
  Michael Jackson          M RC    age=21
  Shane Duff               D C     age=?
  Richard Jones            M C     age=17
  James Taylor             AM/F C  age=17
  Dave Bird                M R     age=16
  Luke Buttery             D L     age=16
  Luke Corbett             S C     age=17
  Gareth Hopkins           S C     age=21
  Richard Kear             S C     age=17
  Iain Langstone           M L     age=?
  Duncan Willetts          S C     age=17
  Steve Benbow             GK      age=19
[kit] Cheltenham Town bg=0xe000 fg=0xffff
[squad-in] person_id=45 first_name_id=1824 second_name_id=7 current_club_id=Some(1953) name="Chris Banks"
[squad-in] person_id=522 first_name_id=83 second_name_id=49 current_club_id=Some(1953) name="Richard Jones"
[squad-in] person_id=527 first_name_id=93 second_name_id=49 current_club_id=Some(1953) name="Steve Jones"
[squad-in] person_id=10284 first_name_id=66 second_name_id=3077 current_club_id=Some(1953) name="Michael Jackson"
[squad-in] person_id=11894 first_name_id=83 second_name_id=3544 current_club_id=Some(1953) name="Richard Walker"
[squad-in] person_id=20343 first_name_id=54 second_name_id=6877 current_club_id=Some(1953) name="Keith Hill"
[squad-in] person_id=27486 first_name_id=593 second_name_id=7683 current_club_id=Some(1953) name="James Taylor"
[squad-in] person_id=30961 first_name_id=67 second_name_id=8766 current_club_id=Some(1953) name="Mike Duff"
[squad-in] person_id=30966 first_name_id=2677 second_name_id=8766 current_club_id=Some(1953) name="Shane Duff"
[squad-in] person_id=34354 first_name_id=44 second_name_id=9699 current_club_id=Some(1953) name="Jason White"
[squad-in] person_id=51187 first_name_id=7646 second_name_id=18461 current_club_id=Some(1953) name="Julian Alsop"
[squad-in] person_id=51549 first_name_id=93 second_name_id=18688 current_club_id=Some(1953) name="Steve Benbow"
[squad-in] person_id=51618 first_name_id=20 second_name_id=18742 current_club_id=Some(1953) name="Dave Bird"
[squad-in] person_id=51729 first_name_id=93 second_name_id=18812 current_club_id=Some(1953) name="Steve Book"
[squad-in] person_id=51972 first_name_id=47 second_name_id=18934 current_club_id=Some(1953) name="John Brough"
[squad-in] person_id=52119 first_name_id=12775 second_name_id=19003 current_club_id=Some(1953) name="Luke Buttery"
[squad-in] person_id=52645 first_name_id=12775 second_name_id=19252 current_club_id=Some(1953) name="Luke Corbett"
[squad-in] person_id=53057 first_name_id=64 second_name_id=19458 current_club_id=Some(1953) name="Martin Devaney"
[squad-in] person_id=54134 first_name_id=2596 second_name_id=19965 current_club_id=Some(1953) name="Neil Grayson"
[squad-in] person_id=54173 first_name_id=2103 second_name_id=19989 current_club_id=Some(1953) name="Tony Griffin"
[squad-in] person_id=54553 first_name_id=2677 second_name_id=20219 current_club_id=Some(1953) name="Shane Higgs"
[squad-in] person_id=54710 first_name_id=29 second_name_id=20301 current_club_id=Some(1953) name="Gareth Hopkins"
[squad-in] person_id=54754 first_name_id=2596 second_name_id=20322 current_club_id=Some(1953) name="Neil Howarth"
[squad-in] person_id=54780 first_name_id=59 second_name_id=20326 current_club_id=Some(1953) name="Lee Howells"
[squad-in] person_id=55072 first_name_id=83 second_name_id=20477 current_club_id=Some(1953) name="Richard Kear"
[squad-in] person_id=55317 first_name_id=7634 second_name_id=20623 current_club_id=Some(1953) name="Iain Langstone"
[squad-in] person_id=55865 first_name_id=12622 second_name_id=20899 current_club_id=Some(1953) name="Hugh McAuley"
[squad-in] person_id=56385 first_name_id=9045 second_name_id=21053 current_club_id=Some(1953) name="Russell Milton"
[squad-in] person_id=56534 first_name_id=7598 second_name_id=21118 current_club_id=Some(1953) name="Carl Muggleton"
[squad-in] person_id=56607 first_name_id=2103 second_name_id=21162 current_club_id=Some(1953) name="Tony Naylor"
[squad-in] person_id=58853 first_name_id=7695 second_name_id=22352 current_club_id=Some(1953) name="Jamie Victory"
[squad-in] person_id=59185 first_name_id=1333 second_name_id=22516 current_club_id=Some(1953) name="Duncan Willetts"
[squad-in] person_id=59300 first_name_id=1088 second_name_id=22603 current_club_id=Some(1953) name="Mark Yates"
[squad] Cheltenham Town (club_id=1953): 33 players
  Tony Naylor              S C     age=34
  Carl Muggleton           GK      age=32
  Steve Jones              D RC    age=30
  Jason White              S C     age=29
  Julian Alsop             S C     age=28
  Keith Hill               D C     age=32
  Chris Banks              SW/D C  age=35
  Neil Grayson             S C     age=36
  Lee Howells              M/AM RC  age=32
  Jamie Victory            SW/D/DM LC  age=25
  Mike Duff                D/DM R  age=23
  Steve Book               GK      age=32
  Neil Howarth             D/DM RC  age=29
  Hugh McAuley             M/AM/F RC  age=24
  Russell Milton           AM LC   age=32
  Mark Yates               DM/M C  age=31
  Richard Walker           SW/D LC  age=29
  John Brough              D/F C   age=28
  Shane Higgs              GK      age=24
  Martin Devaney           AM/F LC  age=21
  Tony Griffin             D/AM R  age=22
  Michael Jackson          M RC    age=21
  Shane Duff               D C     age=?
  Richard Jones            M C     age=17
  James Taylor             AM/F C  age=17
  Dave Bird                M R     age=16
  Luke Buttery             D L     age=16
  Luke Corbett             S C     age=17
  Gareth Hopkins           S C     age=21
  Richard Kear             S C     age=17
  Iain Langstone           M L     age=?
  Duncan Willetts          S C     age=17
  Steve Benbow             GK      age=19
[kit] Cheltenham Town bg=0xe000 fg=0xffff
[sort] click x=569 y=200 — checking header strip
[sort] hit col=5 header="Contract Expiry" kind=Date
[sort] -> col=5 desc=false
[squad-in] person_id=45 first_name_id=1824 second_name_id=7 current_club_id=Some(1953) name="Chris Banks"
[squad-in] person_id=522 first_name_id=83 second_name_id=49 current_club_id=Some(1953) name="Richard Jones"
[squad-in] person_id=527 first_name_id=93 second_name_id=49 current_club_id=Some(1953) name="Steve Jones"
[squad-in] person_id=10284 first_name_id=66 second_name_id=3077 current_club_id=Some(1953) name="Michael Jackson"
[squad-in] person_id=11894 first_name_id=83 second_name_id=3544 current_club_id=Some(1953) name="Richard Walker"
[squad-in] person_id=20343 first_name_id=54 second_name_id=6877 current_club_id=Some(1953) name="Keith Hill"
[squad-in] person_id=27486 first_name_id=593 second_name_id=7683 current_club_id=Some(1953) name="James Taylor"
[squad-in] person_id=30961 first_name_id=67 second_name_id=8766 current_club_id=Some(1953) name="Mike Duff"
[squad-in] person_id=30966 first_name_id=2677 second_name_id=8766 current_club_id=Some(1953) name="Shane Duff"
[squad-in] person_id=34354 first_name_id=44 second_name_id=9699 current_club_id=Some(1953) name="Jason White"
[squad-in] person_id=51187 first_name_id=7646 second_name_id=18461 current_club_id=Some(1953) name="Julian Alsop"
[squad-in] person_id=51549 first_name_id=93 second_name_id=18688 current_club_id=Some(1953) name="Steve Benbow"
[squad-in] person_id=51618 first_name_id=20 second_name_id=18742 current_club_id=Some(1953) name="Dave Bird"
[squad-in] person_id=51729 first_name_id=93 second_name_id=18812 current_club_id=Some(1953) name="Steve Book"
[squad-in] person_id=51972 first_name_id=47 second_name_id=18934 current_club_id=Some(1953) name="John Brough"
[squad-in] person_id=52119 first_name_id=12775 second_name_id=19003 current_club_id=Some(1953) name="Luke Buttery"
[squad-in] person_id=52645 first_name_id=12775 second_name_id=19252 current_club_id=Some(1953) name="Luke Corbett"
[squad-in] person_id=53057 first_name_id=64 second_name_id=19458 current_club_id=Some(1953) name="Martin Devaney"
[squad-in] person_id=54134 first_name_id=2596 second_name_id=19965 current_club_id=Some(1953) name="Neil Grayson"
[squad-in] person_id=54173 first_name_id=2103 second_name_id=19989 current_club_id=Some(1953) name="Tony Griffin"
[squad-in] person_id=54553 first_name_id=2677 second_name_id=20219 current_club_id=Some(1953) name="Shane Higgs"
[squad-in] person_id=54710 first_name_id=29 second_name_id=20301 current_club_id=Some(1953) name="Gareth Hopkins"
[squad-in] person_id=54754 first_name_id=2596 second_name_id=20322 current_club_id=Some(1953) name="Neil Howarth"
[squad-in] person_id=54780 first_name_id=59 second_name_id=20326 current_club_id=Some(1953) name="Lee Howells"
[squad-in] person_id=55072 first_name_id=83 second_name_id=20477 current_club_id=Some(1953) name="Richard Kear"
[squad-in] person_id=55317 first_name_id=7634 second_name_id=20623 current_club_id=Some(1953) name="Iain Langstone"
[squad-in] person_id=55865 first_name_id=12622 second_name_id=20899 current_club_id=Some(1953) name="Hugh McAuley"
[squad-in] person_id=56385 first_name_id=9045 second_name_id=21053 current_club_id=Some(1953) name="Russell Milton"
[squad-in] person_id=56534 first_name_id=7598 second_name_id=21118 current_club_id=Some(1953) name="Carl Muggleton"
[squad-in] person_id=56607 first_name_id=2103 second_name_id=21162 current_club_id=Some(1953) name="Tony Naylor"
[squad-in] person_id=58853 first_name_id=7695 second_name_id=22352 current_club_id=Some(1953) name="Jamie Victory"
[squad-in] person_id=59185 first_name_id=1333 second_name_id=22516 current_club_id=Some(1953) name="Duncan Willetts"
[squad-in] person_id=59300 first_name_id=1088 second_name_id=22603 current_club_id=Some(1953) name="Mark Yates"
[squad] Cheltenham Town (club_id=1953): 33 players
  Mike Duff                D/DM R  age=23
  Tony Griffin             D/AM R  age=22
  Gareth Hopkins           S C     age=21
  Russell Milton           AM LC   age=32
  Richard Walker           SW/D LC  age=29
  Steve Benbow             GK      age=19
  Neil Grayson             S C     age=36
  John Brough              D/F C   age=28
  Carl Muggleton           GK      age=32
  Jason White              S C     age=29
  Martin Devaney           AM/F LC  age=21
  Shane Higgs              GK      age=24
  Hugh McAuley             M/AM/F RC  age=24
  Richard Jones            M C     age=17
  Steve Jones              D RC    age=30
  James Taylor             AM/F C  age=17
  Shane Duff               D C     age=?
  Julian Alsop             S C     age=28
  Dave Bird                M R     age=16
  Luke Buttery             D L     age=16
  Luke Corbett             S C     age=17
  Richard Kear             S C     age=17
  Iain Langstone           M L     age=?
  Tony Naylor              S C     age=34
  Duncan Willetts          S C     age=17
  Lee Howells              M/AM RC  age=32
  Jamie Victory            SW/D/DM LC  age=25
  Steve Book               GK      age=32
  Neil Howarth             D/DM RC  age=29
  Michael Jackson          M RC    age=21
  Mark Yates               DM/M C  age=31
  Keith Hill               D C     age=32
  Chris Banks              SW/D C  age=35
[kit] Cheltenham Town bg=0xe000 fg=0xffff
[squad-in] person_id=45 first_name_id=1824 second_name_id=7 current_club_id=Some(1953) name="Chris Banks"
[squad-in] person_id=522 first_name_id=83 second_name_id=49 current_club_id=Some(1953) name="Richard Jones"
[squad-in] person_id=527 first_name_id=93 second_name_id=49 current_club_id=Some(1953) name="Steve Jones"
[squad-in] person_id=10284 first_name_id=66 second_name_id=3077 current_club_id=Some(1953) name="Michael Jackson"
[squad-in] person_id=11894 first_name_id=83 second_name_id=3544 current_club_id=Some(1953) name="Richard Walker"
[squad-in] person_id=20343 first_name_id=54 second_name_id=6877 current_club_id=Some(1953) name="Keith Hill"
[squad-in] person_id=27486 first_name_id=593 second_name_id=7683 current_club_id=Some(1953) name="James Taylor"
[squad-in] person_id=30961 first_name_id=67 second_name_id=8766 current_club_id=Some(1953) name="Mike Duff"
[squad-in] person_id=30966 first_name_id=2677 second_name_id=8766 current_club_id=Some(1953) name="Shane Duff"
[squad-in] person_id=34354 first_name_id=44 second_name_id=9699 current_club_id=Some(1953) name="Jason White"
[squad-in] person_id=51187 first_name_id=7646 second_name_id=18461 current_club_id=Some(1953) name="Julian Alsop"
[squad-in] person_id=51549 first_name_id=93 second_name_id=18688 current_club_id=Some(1953) name="Steve Benbow"
[squad-in] person_id=51618 first_name_id=20 second_name_id=18742 current_club_id=Some(1953) name="Dave Bird"
[squad-in] person_id=51729 first_name_id=93 second_name_id=18812 current_club_id=Some(1953) name="Steve Book"
[squad-in] person_id=51972 first_name_id=47 second_name_id=18934 current_club_id=Some(1953) name="John Brough"
[squad-in] person_id=52119 first_name_id=12775 second_name_id=19003 current_club_id=Some(1953) name="Luke Buttery"
[squad-in] person_id=52645 first_name_id=12775 second_name_id=19252 current_club_id=Some(1953) name="Luke Corbett"
[squad-in] person_id=53057 first_name_id=64 second_name_id=19458 current_club_id=Some(1953) name="Martin Devaney"
[squad-in] person_id=54134 first_name_id=2596 second_name_id=19965 current_club_id=Some(1953) name="Neil Grayson"
[squad-in] person_id=54173 first_name_id=2103 second_name_id=19989 current_club_id=Some(1953) name="Tony Griffin"
[squad-in] person_id=54553 first_name_id=2677 second_name_id=20219 current_club_id=Some(1953) name="Shane Higgs"
[squad-in] person_id=54710 first_name_id=29 second_name_id=20301 current_club_id=Some(1953) name="Gareth Hopkins"
[squad-in] person_id=54754 first_name_id=2596 second_name_id=20322 current_club_id=Some(1953) name="Neil Howarth"
[squad-in] person_id=54780 first_name_id=59 second_name_id=20326 current_club_id=Some(1953) name="Lee Howells"
[squad-in] person_id=55072 first_name_id=83 second_name_id=20477 current_club_id=Some(1953) name="Richard Kear"
[squad-in] person_id=55317 first_name_id=7634 second_name_id=20623 current_club_id=Some(1953) name="Iain Langstone"
[squad-in] person_id=55865 first_name_id=12622 second_name_id=20899 current_club_id=Some(1953) name="Hugh McAuley"
[squad-in] person_id=56385 first_name_id=9045 second_name_id=21053 current_club_id=Some(1953) name="Russell Milton"
[squad-in] person_id=56534 first_name_id=7598 second_name_id=21118 current_club_id=Some(1953) name="Carl Muggleton"
[squad-in] person_id=56607 first_name_id=2103 second_name_id=21162 current_club_id=Some(1953) name="Tony Naylor"
[squad-in] person_id=58853 first_name_id=7695 second_name_id=22352 current_club_id=Some(1953) name="Jamie Victory"
[squad-in] person_id=59185 first_name_id=1333 second_name_id=22516 current_club_id=Some(1953) name="Duncan Willetts"
[squad-in] person_id=59300 first_name_id=1088 second_name_id=22603 current_club_id=Some(1953) name="Mark Yates"
[squad] Cheltenham Town (club_id=1953): 33 players
  Mike Duff                D/DM R  age=23
  Tony Griffin             D/AM R  age=22
  Gareth Hopkins           S C     age=21
  Russell Milton           AM LC   age=32
  Richard Walker           SW/D LC  age=29
  Steve Benbow             GK      age=19
  Neil Grayson             S C     age=36
  John Brough              D/F C   age=28
  Carl Muggleton           GK      age=32
  Jason White              S C     age=29
  Martin Devaney           AM/F LC  age=21
  Shane Higgs              GK      age=24
  Hugh McAuley             M/AM/F RC  age=24
  Richard Jones            M C     age=17
  Steve Jones              D RC    age=30
  James Taylor             AM/F C  age=17
  Shane Duff               D C     age=?
  Julian Alsop             S C     age=28
  Dave Bird                M R     age=16
  Luke Buttery             D L     age=16
  Luke Corbett             S C     age=17
  Richard Kear             S C     age=17
  Iain Langstone           M L     age=?
  Tony Naylor              S C     age=34
  Duncan Willetts          S C     age=17
  Lee Howells              M/AM RC  age=32
  Jamie Victory            SW/D/DM LC  age=25
  Steve Book               GK      age=32
  Neil Howarth             D/DM RC  age=29
  Michael Jackson          M RC    age=21
  Mark Yates               DM/M C  age=31
  Keith Hill               D C     age=32
  Chris Banks              SW/D C  age=35
[kit] Cheltenham Town bg=0xe000 fg=0xffff
[sort] click x=561 y=203 — checking header strip
[sort] hit col=5 header="Contract Expiry" kind=Date
[sort] -> col=5 desc=true
[squad-in] person_id=45 first_name_id=1824 second_name_id=7 current_club_id=Some(1953) name="Chris Banks"
[squad-in] person_id=522 first_name_id=83 second_name_id=49 current_club_id=Some(1953) name="Richard Jones"
[squad-in] person_id=527 first_name_id=93 second_name_id=49 current_club_id=Some(1953) name="Steve Jones"
[squad-in] person_id=10284 first_name_id=66 second_name_id=3077 current_club_id=Some(1953) name="Michael Jackson"
[squad-in] person_id=11894 first_name_id=83 second_name_id=3544 current_club_id=Some(1953) name="Richard Walker"
[squad-in] person_id=20343 first_name_id=54 second_name_id=6877 current_club_id=Some(1953) name="Keith Hill"
[squad-in] person_id=27486 first_name_id=593 second_name_id=7683 current_club_id=Some(1953) name="James Taylor"
[squad-in] person_id=30961 first_name_id=67 second_name_id=8766 current_club_id=Some(1953) name="Mike Duff"
[squad-in] person_id=30966 first_name_id=2677 second_name_id=8766 current_club_id=Some(1953) name="Shane Duff"
[squad-in] person_id=34354 first_name_id=44 second_name_id=9699 current_club_id=Some(1953) name="Jason White"
[squad-in] person_id=51187 first_name_id=7646 second_name_id=18461 current_club_id=Some(1953) name="Julian Alsop"
[squad-in] person_id=51549 first_name_id=93 second_name_id=18688 current_club_id=Some(1953) name="Steve Benbow"
[squad-in] person_id=51618 first_name_id=20 second_name_id=18742 current_club_id=Some(1953) name="Dave Bird"
[squad-in] person_id=51729 first_name_id=93 second_name_id=18812 current_club_id=Some(1953) name="Steve Book"
[squad-in] person_id=51972 first_name_id=47 second_name_id=18934 current_club_id=Some(1953) name="John Brough"
[squad-in] person_id=52119 first_name_id=12775 second_name_id=19003 current_club_id=Some(1953) name="Luke Buttery"
[squad-in] person_id=52645 first_name_id=12775 second_name_id=19252 current_club_id=Some(1953) name="Luke Corbett"
[squad-in] person_id=53057 first_name_id=64 second_name_id=19458 current_club_id=Some(1953) name="Martin Devaney"
[squad-in] person_id=54134 first_name_id=2596 second_name_id=19965 current_club_id=Some(1953) name="Neil Grayson"
[squad-in] person_id=54173 first_name_id=2103 second_name_id=19989 current_club_id=Some(1953) name="Tony Griffin"
[squad-in] person_id=54553 first_name_id=2677 second_name_id=20219 current_club_id=Some(1953) name="Shane Higgs"
[squad-in] person_id=54710 first_name_id=29 second_name_id=20301 current_club_id=Some(1953) name="Gareth Hopkins"
[squad-in] person_id=54754 first_name_id=2596 second_name_id=20322 current_club_id=Some(1953) name="Neil Howarth"
[squad-in] person_id=54780 first_name_id=59 second_name_id=20326 current_club_id=Some(1953) name="Lee Howells"
[squad-in] person_id=55072 first_name_id=83 second_name_id=20477 current_club_id=Some(1953) name="Richard Kear"
[squad-in] person_id=55317 first_name_id=7634 second_name_id=20623 current_club_id=Some(1953) name="Iain Langstone"
[squad-in] person_id=55865 first_name_id=12622 second_name_id=20899 current_club_id=Some(1953) name="Hugh McAuley"
[squad-in] person_id=56385 first_name_id=9045 second_name_id=21053 current_club_id=Some(1953) name="Russell Milton"
[squad-in] person_id=56534 first_name_id=7598 second_name_id=21118 current_club_id=Some(1953) name="Carl Muggleton"
[squad-in] person_id=56607 first_name_id=2103 second_name_id=21162 current_club_id=Some(1953) name="Tony Naylor"
[squad-in] person_id=58853 first_name_id=7695 second_name_id=22352 current_club_id=Some(1953) name="Jamie Victory"
[squad-in] person_id=59185 first_name_id=1333 second_name_id=22516 current_club_id=Some(1953) name="Duncan Willetts"
[squad-in] person_id=59300 first_name_id=1088 second_name_id=22603 current_club_id=Some(1953) name="Mark Yates"
[squad] Cheltenham Town (club_id=1953): 33 players
  Chris Banks              SW/D C  age=35
  Keith Hill               D C     age=32
  Michael Jackson          M RC    age=21
  Mark Yates               DM/M C  age=31
  Neil Howarth             D/DM RC  age=29
  Steve Book               GK      age=32
  Lee Howells              M/AM RC  age=32
  Jamie Victory            SW/D/DM LC  age=25
  Richard Jones            M C     age=17
  Steve Jones              D RC    age=30
  James Taylor             AM/F C  age=17
  Shane Duff               D C     age=?
  Julian Alsop             S C     age=28
  Dave Bird                M R     age=16
  Luke Buttery             D L     age=16
  Luke Corbett             S C     age=17
  Richard Kear             S C     age=17
  Iain Langstone           M L     age=?
  Tony Naylor              S C     age=34
  Duncan Willetts          S C     age=17
  Jason White              S C     age=29
  Martin Devaney           AM/F LC  age=21
  Shane Higgs              GK      age=24
  Hugh McAuley             M/AM/F RC  age=24
  Carl Muggleton           GK      age=32
  John Brough              D/F C   age=28
  Steve Benbow             GK      age=19
  Neil Grayson             S C     age=36
  Richard Walker           SW/D LC  age=29
  Gareth Hopkins           S C     age=21
  Russell Milton           AM LC   age=32
  Tony Griffin             D/AM R  age=22
  Mike Duff                D/DM R  age=23
[kit] Cheltenham Town bg=0xe000 fg=0xffff
[squad-in] person_id=45 first_name_id=1824 second_name_id=7 current_club_id=Some(1953) name="Chris Banks"
[squad-in] person_id=522 first_name_id=83 second_name_id=49 current_club_id=Some(1953) name="Richard Jones"
[squad-in] person_id=527 first_name_id=93 second_name_id=49 current_club_id=Some(1953) name="Steve Jones"
[squad-in] person_id=10284 first_name_id=66 second_name_id=3077 current_club_id=Some(1953) name="Michael Jackson"
[squad-in] person_id=11894 first_name_id=83 second_name_id=3544 current_club_id=Some(1953) name="Richard Walker"
[squad-in] person_id=20343 first_name_id=54 second_name_id=6877 current_club_id=Some(1953) name="Keith Hill"
[squad-in] person_id=27486 first_name_id=593 second_name_id=7683 current_club_id=Some(1953) name="James Taylor"
[squad-in] person_id=30961 first_name_id=67 second_name_id=8766 current_club_id=Some(1953) name="Mike Duff"
[squad-in] person_id=30966 first_name_id=2677 second_name_id=8766 current_club_id=Some(1953) name="Shane Duff"
[squad-in] person_id=34354 first_name_id=44 second_name_id=9699 current_club_id=Some(1953) name="Jason White"
[squad-in] person_id=51187 first_name_id=7646 second_name_id=18461 current_club_id=Some(1953) name="Julian Alsop"
[squad-in] person_id=51549 first_name_id=93 second_name_id=18688 current_club_id=Some(1953) name="Steve Benbow"
[squad-in] person_id=51618 first_name_id=20 second_name_id=18742 current_club_id=Some(1953) name="Dave Bird"
[squad-in] person_id=51729 first_name_id=93 second_name_id=18812 current_club_id=Some(1953) name="Steve Book"
[squad-in] person_id=51972 first_name_id=47 second_name_id=18934 current_club_id=Some(1953) name="John Brough"
[squad-in] person_id=52119 first_name_id=12775 second_name_id=19003 current_club_id=Some(1953) name="Luke Buttery"
[squad-in] person_id=52645 first_name_id=12775 second_name_id=19252 current_club_id=Some(1953) name="Luke Corbett"
[squad-in] person_id=53057 first_name_id=64 second_name_id=19458 current_club_id=Some(1953) name="Martin Devaney"
[squad-in] person_id=54134 first_name_id=2596 second_name_id=19965 current_club_id=Some(1953) name="Neil Grayson"
[squad-in] person_id=54173 first_name_id=2103 second_name_id=19989 current_club_id=Some(1953) name="Tony Griffin"
[squad-in] person_id=54553 first_name_id=2677 second_name_id=20219 current_club_id=Some(1953) name="Shane Higgs"
[squad-in] person_id=54710 first_name_id=29 second_name_id=20301 current_club_id=Some(1953) name="Gareth Hopkins"
[squad-in] person_id=54754 first_name_id=2596 second_name_id=20322 current_club_id=Some(1953) name="Neil Howarth"
[squad-in] person_id=54780 first_name_id=59 second_name_id=20326 current_club_id=Some(1953) name="Lee Howells"
[squad-in] person_id=55072 first_name_id=83 second_name_id=20477 current_club_id=Some(1953) name="Richard Kear"
[squad-in] person_id=55317 first_name_id=7634 second_name_id=20623 current_club_id=Some(1953) name="Iain Langstone"
[squad-in] person_id=55865 first_name_id=12622 second_name_id=20899 current_club_id=Some(1953) name="Hugh McAuley"
[squad-in] person_id=56385 first_name_id=9045 second_name_id=21053 current_club_id=Some(1953) name="Russell Milton"
[squad-in] person_id=56534 first_name_id=7598 second_name_id=21118 current_club_id=Some(1953) name="Carl Muggleton"
[squad-in] person_id=56607 first_name_id=2103 second_name_id=21162 current_club_id=Some(1953) name="Tony Naylor"
[squad-in] person_id=58853 first_name_id=7695 second_name_id=22352 current_club_id=Some(1953) name="Jamie Victory"
[squad-in] person_id=59185 first_name_id=1333 second_name_id=22516 current_club_id=Some(1953) name="Duncan Willetts"
[squad-in] person_id=59300 first_name_id=1088 second_name_id=22603 current_club_id=Some(1953) name="Mark Yates"
[squad] Cheltenham Town (club_id=1953): 33 players
  Chris Banks              SW/D C  age=35
  Keith Hill               D C     age=32
  Michael Jackson          M RC    age=21
  Mark Yates               DM/M C  age=31
  Neil Howarth             D/DM RC  age=29
  Steve Book               GK      age=32
  Lee Howells              M/AM RC  age=32
  Jamie Victory            SW/D/DM LC  age=25
  Richard Jones            M C     age=17
  Steve Jones              D RC    age=30
  James Taylor             AM/F C  age=17
  Shane Duff               D C     age=?
  Julian Alsop             S C     age=28
  Dave Bird                M R     age=16
  Luke Buttery             D L     age=16
  Luke Corbett             S C     age=17
  Richard Kear             S C     age=17
  Iain Langstone           M L     age=?
  Tony Naylor              S C     age=34
  Duncan Willetts          S C     age=17
  Jason White              S C     age=29
  Martin Devaney           AM/F LC  age=21
  Shane Higgs              GK      age=24
  Hugh McAuley             M/AM/F RC  age=24
  Carl Muggleton           GK      age=32
  John Brough              D/F C   age=28
  Steve Benbow             GK      age=19
  Neil Grayson             S C     age=36
  Richard Walker           SW/D LC  age=29
  Gareth Hopkins           S C     age=21
  Russell Milton           AM LC   age=32
  Tony Griffin             D/AM R  age=22
  Mike Duff                D/DM R  age=23
[kit] Cheltenham Town bg=0xe000 fg=0xffff
[sort] click x=654 y=202 — checking header strip
[sort] hit col=6 header="Releases" kind=Text
[sort] -> col=6 desc=false
[squad-in] person_id=45 first_name_id=1824 second_name_id=7 current_club_id=Some(1953) name="Chris Banks"
[squad-in] person_id=522 first_name_id=83 second_name_id=49 current_club_id=Some(1953) name="Richard Jones"
[squad-in] person_id=527 first_name_id=93 second_name_id=49 current_club_id=Some(1953) name="Steve Jones"
[squad-in] person_id=10284 first_name_id=66 second_name_id=3077 current_club_id=Some(1953) name="Michael Jackson"
[squad-in] person_id=11894 first_name_id=83 second_name_id=3544 current_club_id=Some(1953) name="Richard Walker"
[squad-in] person_id=20343 first_name_id=54 second_name_id=6877 current_club_id=Some(1953) name="Keith Hill"
[squad-in] person_id=27486 first_name_id=593 second_name_id=7683 current_club_id=Some(1953) name="James Taylor"
[squad-in] person_id=30961 first_name_id=67 second_name_id=8766 current_club_id=Some(1953) name="Mike Duff"
[squad-in] person_id=30966 first_name_id=2677 second_name_id=8766 current_club_id=Some(1953) name="Shane Duff"
[squad-in] person_id=34354 first_name_id=44 second_name_id=9699 current_club_id=Some(1953) name="Jason White"
[squad-in] person_id=51187 first_name_id=7646 second_name_id=18461 current_club_id=Some(1953) name="Julian Alsop"
[squad-in] person_id=51549 first_name_id=93 second_name_id=18688 current_club_id=Some(1953) name="Steve Benbow"
[squad-in] person_id=51618 first_name_id=20 second_name_id=18742 current_club_id=Some(1953) name="Dave Bird"
[squad-in] person_id=51729 first_name_id=93 second_name_id=18812 current_club_id=Some(1953) name="Steve Book"
[squad-in] person_id=51972 first_name_id=47 second_name_id=18934 current_club_id=Some(1953) name="John Brough"
[squad-in] person_id=52119 first_name_id=12775 second_name_id=19003 current_club_id=Some(1953) name="Luke Buttery"
[squad-in] person_id=52645 first_name_id=12775 second_name_id=19252 current_club_id=Some(1953) name="Luke Corbett"
[squad-in] person_id=53057 first_name_id=64 second_name_id=19458 current_club_id=Some(1953) name="Martin Devaney"
[squad-in] person_id=54134 first_name_id=2596 second_name_id=19965 current_club_id=Some(1953) name="Neil Grayson"
[squad-in] person_id=54173 first_name_id=2103 second_name_id=19989 current_club_id=Some(1953) name="Tony Griffin"
[squad-in] person_id=54553 first_name_id=2677 second_name_id=20219 current_club_id=Some(1953) name="Shane Higgs"
[squad-in] person_id=54710 first_name_id=29 second_name_id=20301 current_club_id=Some(1953) name="Gareth Hopkins"
[squad-in] person_id=54754 first_name_id=2596 second_name_id=20322 current_club_id=Some(1953) name="Neil Howarth"
[squad-in] person_id=54780 first_name_id=59 second_name_id=20326 current_club_id=Some(1953) name="Lee Howells"
[squad-in] person_id=55072 first_name_id=83 second_name_id=20477 current_club_id=Some(1953) name="Richard Kear"
[squad-in] person_id=55317 first_name_id=7634 second_name_id=20623 current_club_id=Some(1953) name="Iain Langstone"
[squad-in] person_id=55865 first_name_id=12622 second_name_id=20899 current_club_id=Some(1953) name="Hugh McAuley"
[squad-in] person_id=56385 first_name_id=9045 second_name_id=21053 current_club_id=Some(1953) name="Russell Milton"
[squad-in] person_id=56534 first_name_id=7598 second_name_id=21118 current_club_id=Some(1953) name="Carl Muggleton"
[squad-in] person_id=56607 first_name_id=2103 second_name_id=21162 current_club_id=Some(1953) name="Tony Naylor"
[squad-in] person_id=58853 first_name_id=7695 second_name_id=22352 current_club_id=Some(1953) name="Jamie Victory"
[squad-in] person_id=59185 first_name_id=1333 second_name_id=22516 current_club_id=Some(1953) name="Duncan Willetts"
[squad-in] person_id=59300 first_name_id=1088 second_name_id=22603 current_club_id=Some(1953) name="Mark Yates"
[squad] Cheltenham Town (club_id=1953): 33 players
  Chris Banks              SW/D C  age=35
  Richard Jones            M C     age=17
  Steve Jones              D RC    age=30
  Michael Jackson          M RC    age=21
  Keith Hill               D C     age=32
  James Taylor             AM/F C  age=17
  Mike Duff                D/DM R  age=23
  Shane Duff               D C     age=?
  Julian Alsop             S C     age=28
  Steve Book               GK      age=32
  Luke Buttery             D L     age=16
  Luke Corbett             S C     age=17
  Martin Devaney           AM/F LC  age=21
  Neil Grayson             S C     age=36
  Tony Griffin             D/AM R  age=22
  Shane Higgs              GK      age=24
  Gareth Hopkins           S C     age=21
  Neil Howarth             D/DM RC  age=29
  Lee Howells              M/AM RC  age=32
  Hugh McAuley             M/AM/F RC  age=24
  Russell Milton           AM LC   age=32
  Carl Muggleton           GK      age=32
  Tony Naylor              S C     age=34
  Duncan Willetts          S C     age=17
  Mark Yates               DM/M C  age=31
  Dave Bird                M R     age=16
  Richard Kear             S C     age=17
  Iain Langstone           M L     age=?
  Jamie Victory            SW/D/DM LC  age=25
  Richard Walker           SW/D LC  age=29
  Jason White              S C     age=29
  Steve Benbow             GK      age=19
  John Brough              D/F C   age=28
[kit] Cheltenham Town bg=0xe000 fg=0xffff
[squad-in] person_id=45 first_name_id=1824 second_name_id=7 current_club_id=Some(1953) name="Chris Banks"
[squad-in] person_id=522 first_name_id=83 second_name_id=49 current_club_id=Some(1953) name="Richard Jones"
[squad-in] person_id=527 first_name_id=93 second_name_id=49 current_club_id=Some(1953) name="Steve Jones"
[squad-in] person_id=10284 first_name_id=66 second_name_id=3077 current_club_id=Some(1953) name="Michael Jackson"
[squad-in] person_id=11894 first_name_id=83 second_name_id=3544 current_club_id=Some(1953) name="Richard Walker"
[squad-in] person_id=20343 first_name_id=54 second_name_id=6877 current_club_id=Some(1953) name="Keith Hill"
[squad-in] person_id=27486 first_name_id=593 second_name_id=7683 current_club_id=Some(1953) name="James Taylor"
[squad-in] person_id=30961 first_name_id=67 second_name_id=8766 current_club_id=Some(1953) name="Mike Duff"
[squad-in] person_id=30966 first_name_id=2677 second_name_id=8766 current_club_id=Some(1953) name="Shane Duff"
[squad-in] person_id=34354 first_name_id=44 second_name_id=9699 current_club_id=Some(1953) name="Jason White"
[squad-in] person_id=51187 first_name_id=7646 second_name_id=18461 current_club_id=Some(1953) name="Julian Alsop"
[squad-in] person_id=51549 first_name_id=93 second_name_id=18688 current_club_id=Some(1953) name="Steve Benbow"
[squad-in] person_id=51618 first_name_id=20 second_name_id=18742 current_club_id=Some(1953) name="Dave Bird"
[squad-in] person_id=51729 first_name_id=93 second_name_id=18812 current_club_id=Some(1953) name="Steve Book"
[squad-in] person_id=51972 first_name_id=47 second_name_id=18934 current_club_id=Some(1953) name="John Brough"
[squad-in] person_id=52119 first_name_id=12775 second_name_id=19003 current_club_id=Some(1953) name="Luke Buttery"
[squad-in] person_id=52645 first_name_id=12775 second_name_id=19252 current_club_id=Some(1953) name="Luke Corbett"
[squad-in] person_id=53057 first_name_id=64 second_name_id=19458 current_club_id=Some(1953) name="Martin Devaney"
[squad-in] person_id=54134 first_name_id=2596 second_name_id=19965 current_club_id=Some(1953) name="Neil Grayson"
[squad-in] person_id=54173 first_name_id=2103 second_name_id=19989 current_club_id=Some(1953) name="Tony Griffin"
[squad-in] person_id=54553 first_name_id=2677 second_name_id=20219 current_club_id=Some(1953) name="Shane Higgs"
[squad-in] person_id=54710 first_name_id=29 second_name_id=20301 current_club_id=Some(1953) name="Gareth Hopkins"
[squad-in] person_id=54754 first_name_id=2596 second_name_id=20322 current_club_id=Some(1953) name="Neil Howarth"
[squad-in] person_id=54780 first_name_id=59 second_name_id=20326 current_club_id=Some(1953) name="Lee Howells"
[squad-in] person_id=55072 first_name_id=83 second_name_id=20477 current_club_id=Some(1953) name="Richard Kear"
[squad-in] person_id=55317 first_name_id=7634 second_name_id=20623 current_club_id=Some(1953) name="Iain Langstone"
[squad-in] person_id=55865 first_name_id=12622 second_name_id=20899 current_club_id=Some(1953) name="Hugh McAuley"
[squad-in] person_id=56385 first_name_id=9045 second_name_id=21053 current_club_id=Some(1953) name="Russell Milton"
[squad-in] person_id=56534 first_name_id=7598 second_name_id=21118 current_club_id=Some(1953) name="Carl Muggleton"
[squad-in] person_id=56607 first_name_id=2103 second_name_id=21162 current_club_id=Some(1953) name="Tony Naylor"
[squad-in] person_id=58853 first_name_id=7695 second_name_id=22352 current_club_id=Some(1953) name="Jamie Victory"
[squad-in] person_id=59185 first_name_id=1333 second_name_id=22516 current_club_id=Some(1953) name="Duncan Willetts"
[squad-in] person_id=59300 first_name_id=1088 second_name_id=22603 current_club_id=Some(1953) name="Mark Yates"
[squad] Cheltenham Town (club_id=1953): 33 players
  Chris Banks              SW/D C  age=35
  Richard Jones            M C     age=17
  Steve Jones              D RC    age=30
  Michael Jackson          M RC    age=21
  Keith Hill               D C     age=32
  James Taylor             AM/F C  age=17
  Mike Duff                D/DM R  age=23
  Shane Duff               D C     age=?
  Julian Alsop             S C     age=28
  Steve Book               GK      age=32
  Luke Buttery             D L     age=16
  Luke Corbett             S C     age=17
  Martin Devaney           AM/F LC  age=21
  Neil Grayson             S C     age=36
  Tony Griffin             D/AM R  age=22
  Shane Higgs              GK      age=24
  Gareth Hopkins           S C     age=21
  Neil Howarth             D/DM RC  age=29
  Lee Howells              M/AM RC  age=32
  Hugh McAuley             M/AM/F RC  age=24
  Russell Milton           AM LC   age=32
  Carl Muggleton           GK      age=32
  Tony Naylor              S C     age=34
  Duncan Willetts          S C     age=17
  Mark Yates               DM/M C  age=31
  Dave Bird                M R     age=16
  Richard Kear             S C     age=17
  Iain Langstone           M L     age=?
  Jamie Victory            SW/D/DM LC  age=25
  Richard Walker           SW/D LC  age=29
  Jason White              S C     age=29
  Steve Benbow             GK      age=19
  John Brough              D/F C   age=28
[kit] Cheltenham Town bg=0xe000 fg=0xffff
[sort] click x=654 y=202 — checking header strip
[sort] hit col=6 header="Releases" kind=Text
[sort] -> col=6 desc=true
[squad-in] person_id=45 first_name_id=1824 second_name_id=7 current_club_id=Some(1953) name="Chris Banks"
[squad-in] person_id=522 first_name_id=83 second_name_id=49 current_club_id=Some(1953) name="Richard Jones"
[squad-in] person_id=527 first_name_id=93 second_name_id=49 current_club_id=Some(1953) name="Steve Jones"
[squad-in] person_id=10284 first_name_id=66 second_name_id=3077 current_club_id=Some(1953) name="Michael Jackson"
[squad-in] person_id=11894 first_name_id=83 second_name_id=3544 current_club_id=Some(1953) name="Richard Walker"
[squad-in] person_id=20343 first_name_id=54 second_name_id=6877 current_club_id=Some(1953) name="Keith Hill"
[squad-in] person_id=27486 first_name_id=593 second_name_id=7683 current_club_id=Some(1953) name="James Taylor"
[squad-in] person_id=30961 first_name_id=67 second_name_id=8766 current_club_id=Some(1953) name="Mike Duff"
[squad-in] person_id=30966 first_name_id=2677 second_name_id=8766 current_club_id=Some(1953) name="Shane Duff"
[squad-in] person_id=34354 first_name_id=44 second_name_id=9699 current_club_id=Some(1953) name="Jason White"
[squad-in] person_id=51187 first_name_id=7646 second_name_id=18461 current_club_id=Some(1953) name="Julian Alsop"
[squad-in] person_id=51549 first_name_id=93 second_name_id=18688 current_club_id=Some(1953) name="Steve Benbow"
[squad-in] person_id=51618 first_name_id=20 second_name_id=18742 current_club_id=Some(1953) name="Dave Bird"
[squad-in] person_id=51729 first_name_id=93 second_name_id=18812 current_club_id=Some(1953) name="Steve Book"
[squad-in] person_id=51972 first_name_id=47 second_name_id=18934 current_club_id=Some(1953) name="John Brough"
[squad-in] person_id=52119 first_name_id=12775 second_name_id=19003 current_club_id=Some(1953) name="Luke Buttery"
[squad-in] person_id=52645 first_name_id=12775 second_name_id=19252 current_club_id=Some(1953) name="Luke Corbett"
[squad-in] person_id=53057 first_name_id=64 second_name_id=19458 current_club_id=Some(1953) name="Martin Devaney"
[squad-in] person_id=54134 first_name_id=2596 second_name_id=19965 current_club_id=Some(1953) name="Neil Grayson"
[squad-in] person_id=54173 first_name_id=2103 second_name_id=19989 current_club_id=Some(1953) name="Tony Griffin"
[squad-in] person_id=54553 first_name_id=2677 second_name_id=20219 current_club_id=Some(1953) name="Shane Higgs"
[squad-in] person_id=54710 first_name_id=29 second_name_id=20301 current_club_id=Some(1953) name="Gareth Hopkins"
[squad-in] person_id=54754 first_name_id=2596 second_name_id=20322 current_club_id=Some(1953) name="Neil Howarth"
[squad-in] person_id=54780 first_name_id=59 second_name_id=20326 current_club_id=Some(1953) name="Lee Howells"
[squad-in] person_id=55072 first_name_id=83 second_name_id=20477 current_club_id=Some(1953) name="Richard Kear"
[squad-in] person_id=55317 first_name_id=7634 second_name_id=20623 current_club_id=Some(1953) name="Iain Langstone"
[squad-in] person_id=55865 first_name_id=12622 second_name_id=20899 current_club_id=Some(1953) name="Hugh McAuley"
[squad-in] person_id=56385 first_name_id=9045 second_name_id=21053 current_club_id=Some(1953) name="Russell Milton"
[squad-in] person_id=56534 first_name_id=7598 second_name_id=21118 current_club_id=Some(1953) name="Carl Muggleton"
[squad-in] person_id=56607 first_name_id=2103 second_name_id=21162 current_club_id=Some(1953) name="Tony Naylor"
[squad-in] person_id=58853 first_name_id=7695 second_name_id=22352 current_club_id=Some(1953) name="Jamie Victory"
[squad-in] person_id=59185 first_name_id=1333 second_name_id=22516 current_club_id=Some(1953) name="Duncan Willetts"
[squad-in] person_id=59300 first_name_id=1088 second_name_id=22603 current_club_id=Some(1953) name="Mark Yates"
[squad] Cheltenham Town (club_id=1953): 33 players
  Richard Walker           SW/D LC  age=29
  Jason White              S C     age=29
  Steve Benbow             GK      age=19
  John Brough              D/F C   age=28
  Dave Bird                M R     age=16
  Richard Kear             S C     age=17
  Iain Langstone           M L     age=?
  Jamie Victory            SW/D/DM LC  age=25
  Chris Banks              SW/D C  age=35
  Richard Jones            M C     age=17
  Steve Jones              D RC    age=30
  Michael Jackson          M RC    age=21
  Keith Hill               D C     age=32
  James Taylor             AM/F C  age=17
  Mike Duff                D/DM R  age=23
  Shane Duff               D C     age=?
  Julian Alsop             S C     age=28
  Steve Book               GK      age=32
  Luke Buttery             D L     age=16
  Luke Corbett             S C     age=17
  Martin Devaney           AM/F LC  age=21
  Neil Grayson             S C     age=36
  Tony Griffin             D/AM R  age=22
  Shane Higgs              GK      age=24
  Gareth Hopkins           S C     age=21
  Neil Howarth             D/DM RC  age=29
  Lee Howells              M/AM RC  age=32
  Hugh McAuley             M/AM/F RC  age=24
  Russell Milton           AM LC   age=32
  Carl Muggleton           GK      age=32
  Tony Naylor              S C     age=34
  Duncan Willetts          S C     age=17
  Mark Yates               DM/M C  age=31
[kit] Cheltenham Town bg=0xe000 fg=0xffff
[squad-in] person_id=45 first_name_id=1824 second_name_id=7 current_club_id=Some(1953) name="Chris Banks"
[squad-in] person_id=522 first_name_id=83 second_name_id=49 current_club_id=Some(1953) name="Richard Jones"
[squad-in] person_id=527 first_name_id=93 second_name_id=49 current_club_id=Some(1953) name="Steve Jones"
[squad-in] person_id=10284 first_name_id=66 second_name_id=3077 current_club_id=Some(1953) name="Michael Jackson"
[squad-in] person_id=11894 first_name_id=83 second_name_id=3544 current_club_id=Some(1953) name="Richard Walker"
[squad-in] person_id=20343 first_name_id=54 second_name_id=6877 current_club_id=Some(1953) name="Keith Hill"
[squad-in] person_id=27486 first_name_id=593 second_name_id=7683 current_club_id=Some(1953) name="James Taylor"
[squad-in] person_id=30961 first_name_id=67 second_name_id=8766 current_club_id=Some(1953) name="Mike Duff"
[squad-in] person_id=30966 first_name_id=2677 second_name_id=8766 current_club_id=Some(1953) name="Shane Duff"
[squad-in] person_id=34354 first_name_id=44 second_name_id=9699 current_club_id=Some(1953) name="Jason White"
[squad-in] person_id=51187 first_name_id=7646 second_name_id=18461 current_club_id=Some(1953) name="Julian Alsop"
[squad-in] person_id=51549 first_name_id=93 second_name_id=18688 current_club_id=Some(1953) name="Steve Benbow"
[squad-in] person_id=51618 first_name_id=20 second_name_id=18742 current_club_id=Some(1953) name="Dave Bird"
[squad-in] person_id=51729 first_name_id=93 second_name_id=18812 current_club_id=Some(1953) name="Steve Book"
[squad-in] person_id=51972 first_name_id=47 second_name_id=18934 current_club_id=Some(1953) name="John Brough"
[squad-in] person_id=52119 first_name_id=12775 second_name_id=19003 current_club_id=Some(1953) name="Luke Buttery"
[squad-in] person_id=52645 first_name_id=12775 second_name_id=19252 current_club_id=Some(1953) name="Luke Corbett"
[squad-in] person_id=53057 first_name_id=64 second_name_id=19458 current_club_id=Some(1953) name="Martin Devaney"
[squad-in] person_id=54134 first_name_id=2596 second_name_id=19965 current_club_id=Some(1953) name="Neil Grayson"
[squad-in] person_id=54173 first_name_id=2103 second_name_id=19989 current_club_id=Some(1953) name="Tony Griffin"
[squad-in] person_id=54553 first_name_id=2677 second_name_id=20219 current_club_id=Some(1953) name="Shane Higgs"
[squad-in] person_id=54710 first_name_id=29 second_name_id=20301 current_club_id=Some(1953) name="Gareth Hopkins"
[squad-in] person_id=54754 first_name_id=2596 second_name_id=20322 current_club_id=Some(1953) name="Neil Howarth"
[squad-in] person_id=54780 first_name_id=59 second_name_id=20326 current_club_id=Some(1953) name="Lee Howells"
[squad-in] person_id=55072 first_name_id=83 second_name_id=20477 current_club_id=Some(1953) name="Richard Kear"
[squad-in] person_id=55317 first_name_id=7634 second_name_id=20623 current_club_id=Some(1953) name="Iain Langstone"
[squad-in] person_id=55865 first_name_id=12622 second_name_id=20899 current_club_id=Some(1953) name="Hugh McAuley"
[squad-in] person_id=56385 first_name_id=9045 second_name_id=21053 current_club_id=Some(1953) name="Russell Milton"
[squad-in] person_id=56534 first_name_id=7598 second_name_id=21118 current_club_id=Some(1953) name="Carl Muggleton"
[squad-in] person_id=56607 first_name_id=2103 second_name_id=21162 current_club_id=Some(1953) name="Tony Naylor"
[squad-in] person_id=58853 first_name_id=7695 second_name_id=22352 current_club_id=Some(1953) name="Jamie Victory"
[squad-in] person_id=59185 first_name_id=1333 second_name_id=22516 current_club_id=Some(1953) name="Duncan Willetts"
[squad-in] person_id=59300 first_name_id=1088 second_name_id=22603 current_club_id=Some(1953) name="Mark Yates"
[squad] Cheltenham Town (club_id=1953): 33 players
  Richard Walker           SW/D LC  age=29
  Jason White              S C     age=29
  Steve Benbow             GK      age=19
  John Brough              D/F C   age=28
  Dave Bird                M R     age=16
  Richard Kear             S C     age=17
  Iain Langstone           M L     age=?
  Jamie Victory            SW/D/DM LC  age=25
  Chris Banks              SW/D C  age=35
  Richard Jones            M C     age=17
  Steve Jones              D RC    age=30
  Michael Jackson          M RC    age=21
  Keith Hill               D C     age=32
  James Taylor             AM/F C  age=17
  Mike Duff                D/DM R  age=23
  Shane Duff               D C     age=?
  Julian Alsop             S C     age=28
  Steve Book               GK      age=32
  Luke Buttery             D L     age=16
  Luke Corbett             S C     age=17
  Martin Devaney           AM/F LC  age=21
  Neil Grayson             S C     age=36
  Tony Griffin             D/AM R  age=22
  Shane Higgs              GK      age=24
  Gareth Hopkins           S C     age=21
  Neil Howarth             D/DM RC  age=29
  Lee Howells              M/AM RC  age=32
  Hugh McAuley             M/AM/F RC  age=24
  Russell Milton           AM LC   age=32
  Carl Muggleton           GK      age=32
  Tony Naylor              S C     age=34
  Duncan Willetts          S C     age=17
  Mark Yates               DM/M C  age=31
[kit] Cheltenham Town bg=0xe000 fg=0xffff
[sort] click x=659 y=314 — checking header strip
[sort] header_hit returned None
[squad-in] person_id=45 first_name_id=1824 second_name_id=7 current_club_id=Some(1953) name="Chris Banks"
[squad-in] person_id=522 first_name_id=83 second_name_id=49 current_club_id=Some(1953) name="Richard Jones"
[squad-in] person_id=527 first_name_id=93 second_name_id=49 current_club_id=Some(1953) name="Steve Jones"
[squad-in] person_id=10284 first_name_id=66 second_name_id=3077 current_club_id=Some(1953) name="Michael Jackson"
[squad-in] person_id=11894 first_name_id=83 second_name_id=3544 current_club_id=Some(1953) name="Richard Walker"
[squad-in] person_id=20343 first_name_id=54 second_name_id=6877 current_club_id=Some(1953) name="Keith Hill"
[squad-in] person_id=27486 first_name_id=593 second_name_id=7683 current_club_id=Some(1953) name="James Taylor"
[squad-in] person_id=30961 first_name_id=67 second_name_id=8766 current_club_id=Some(1953) name="Mike Duff"
[squad-in] person_id=30966 first_name_id=2677 second_name_id=8766 current_club_id=Some(1953) name="Shane Duff"
[squad-in] person_id=34354 first_name_id=44 second_name_id=9699 current_club_id=Some(1953) name="Jason White"
[squad-in] person_id=51187 first_name_id=7646 second_name_id=18461 current_club_id=Some(1953) name="Julian Alsop"
[squad-in] person_id=51549 first_name_id=93 second_name_id=18688 current_club_id=Some(1953) name="Steve Benbow"
[squad-in] person_id=51618 first_name_id=20 second_name_id=18742 current_club_id=Some(1953) name="Dave Bird"
[squad-in] person_id=51729 first_name_id=93 second_name_id=18812 current_club_id=Some(1953) name="Steve Book"
[squad-in] person_id=51972 first_name_id=47 second_name_id=18934 current_club_id=Some(1953) name="John Brough"
[squad-in] person_id=52119 first_name_id=12775 second_name_id=19003 current_club_id=Some(1953) name="Luke Buttery"
[squad-in] person_id=52645 first_name_id=12775 second_name_id=19252 current_club_id=Some(1953) name="Luke Corbett"
[squad-in] person_id=53057 first_name_id=64 second_name_id=19458 current_club_id=Some(1953) name="Martin Devaney"
[squad-in] person_id=54134 first_name_id=2596 second_name_id=19965 current_club_id=Some(1953) name="Neil Grayson"
[squad-in] person_id=54173 first_name_id=2103 second_name_id=19989 current_club_id=Some(1953) name="Tony Griffin"
[squad-in] person_id=54553 first_name_id=2677 second_name_id=20219 current_club_id=Some(1953) name="Shane Higgs"
[squad-in] person_id=54710 first_name_id=29 second_name_id=20301 current_club_id=Some(1953) name="Gareth Hopkins"
[squad-in] person_id=54754 first_name_id=2596 second_name_id=20322 current_club_id=Some(1953) name="Neil Howarth"
[squad-in] person_id=54780 first_name_id=59 second_name_id=20326 current_club_id=Some(1953) name="Lee Howells"
[squad-in] person_id=55072 first_name_id=83 second_name_id=20477 current_club_id=Some(1953) name="Richard Kear"
[squad-in] person_id=55317 first_name_id=7634 second_name_id=20623 current_club_id=Some(1953) name="Iain Langstone"
[squad-in] person_id=55865 first_name_id=12622 second_name_id=20899 current_club_id=Some(1953) name="Hugh McAuley"
[squad-in] person_id=56385 first_name_id=9045 second_name_id=21053 current_club_id=Some(1953) name="Russell Milton"
[squad-in] person_id=56534 first_name_id=7598 second_name_id=21118 current_club_id=Some(1953) name="Carl Muggleton"
[squad-in] person_id=56607 first_name_id=2103 second_name_id=21162 current_club_id=Some(1953) name="Tony Naylor"
[squad-in] person_id=58853 first_name_id=7695 second_name_id=22352 current_club_id=Some(1953) name="Jamie Victory"
[squad-in] person_id=59185 first_name_id=1333 second_name_id=22516 current_club_id=Some(1953) name="Duncan Willetts"
[squad-in] person_id=59300 first_name_id=1088 second_name_id=22603 current_club_id=Some(1953) name="Mark Yates"
[squad] Cheltenham Town (club_id=1953): 33 players
  Richard Walker           SW/D LC  age=29
  Jason White              S C     age=29
  Steve Benbow             GK      age=19
  John Brough              D/F C   age=28
  Dave Bird                M R     age=16
  Richard Kear             S C     age=17
  Iain Langstone           M L     age=?
  Jamie Victory            SW/D/DM LC  age=25
  Chris Banks              SW/D C  age=35
  Richard Jones            M C     age=17
  Steve Jones              D RC    age=30
  Michael Jackson          M RC    age=21
  Keith Hill               D C     age=32
  James Taylor             AM/F C  age=17
  Mike Duff                D/DM R  age=23
  Shane Duff               D C     age=?
  Julian Alsop             S C     age=28
  Steve Book               GK      age=32
  Luke Buttery             D L     age=16
  Luke Corbett             S C     age=17
  Martin Devaney           AM/F LC  age=21
  Neil Grayson             S C     age=36
  Tony Griffin             D/AM R  age=22
  Shane Higgs              GK      age=24
  Gareth Hopkins           S C     age=21
  Neil Howarth             D/DM RC  age=29
  Lee Howells              M/AM RC  age=32
  Hugh McAuley             M/AM/F RC  age=24
  Russell Milton           AM LC   age=32
  Carl Muggleton           GK      age=32
  Tony Naylor              S C     age=34
  Duncan Willetts          S C     age=17
  Mark Yates               DM/M C  age=31
[kit] Cheltenham Town bg=0xe000 fg=0xffff
[squad-in] person_id=45 first_name_id=1824 second_name_id=7 current_club_id=Some(1953) name="Chris Banks"
[squad-in] person_id=522 first_name_id=83 second_name_id=49 current_club_id=Some(1953) name="Richard Jones"
[squad-in] person_id=527 first_name_id=93 second_name_id=49 current_club_id=Some(1953) name="Steve Jones"
[squad-in] person_id=10284 first_name_id=66 second_name_id=3077 current_club_id=Some(1953) name="Michael Jackson"
[squad-in] person_id=11894 first_name_id=83 second_name_id=3544 current_club_id=Some(1953) name="Richard Walker"
[squad-in] person_id=20343 first_name_id=54 second_name_id=6877 current_club_id=Some(1953) name="Keith Hill"
[squad-in] person_id=27486 first_name_id=593 second_name_id=7683 current_club_id=Some(1953) name="James Taylor"
[squad-in] person_id=30961 first_name_id=67 second_name_id=8766 current_club_id=Some(1953) name="Mike Duff"
[squad-in] person_id=30966 first_name_id=2677 second_name_id=8766 current_club_id=Some(1953) name="Shane Duff"
[squad-in] person_id=34354 first_name_id=44 second_name_id=9699 current_club_id=Some(1953) name="Jason White"
[squad-in] person_id=51187 first_name_id=7646 second_name_id=18461 current_club_id=Some(1953) name="Julian Alsop"
[squad-in] person_id=51549 first_name_id=93 second_name_id=18688 current_club_id=Some(1953) name="Steve Benbow"
[squad-in] person_id=51618 first_name_id=20 second_name_id=18742 current_club_id=Some(1953) name="Dave Bird"
[squad-in] person_id=51729 first_name_id=93 second_name_id=18812 current_club_id=Some(1953) name="Steve Book"
[squad-in] person_id=51972 first_name_id=47 second_name_id=18934 current_club_id=Some(1953) name="John Brough"
[squad-in] person_id=52119 first_name_id=12775 second_name_id=19003 current_club_id=Some(1953) name="Luke Buttery"
[squad-in] person_id=52645 first_name_id=12775 second_name_id=19252 current_club_id=Some(1953) name="Luke Corbett"
[squad-in] person_id=53057 first_name_id=64 second_name_id=19458 current_club_id=Some(1953) name="Martin Devaney"
[squad-in] person_id=54134 first_name_id=2596 second_name_id=19965 current_club_id=Some(1953) name="Neil Grayson"
[squad-in] person_id=54173 first_name_id=2103 second_name_id=19989 current_club_id=Some(1953) name="Tony Griffin"
[squad-in] person_id=54553 first_name_id=2677 second_name_id=20219 current_club_id=Some(1953) name="Shane Higgs"
[squad-in] person_id=54710 first_name_id=29 second_name_id=20301 current_club_id=Some(1953) name="Gareth Hopkins"
[squad-in] person_id=54754 first_name_id=2596 second_name_id=20322 current_club_id=Some(1953) name="Neil Howarth"
[squad-in] person_id=54780 first_name_id=59 second_name_id=20326 current_club_id=Some(1953) name="Lee Howells"
[squad-in] person_id=55072 first_name_id=83 second_name_id=20477 current_club_id=Some(1953) name="Richard Kear"
[squad-in] person_id=55317 first_name_id=7634 second_name_id=20623 current_club_id=Some(1953) name="Iain Langstone"
[squad-in] person_id=55865 first_name_id=12622 second_name_id=20899 current_club_id=Some(1953) name="Hugh McAuley"
[squad-in] person_id=56385 first_name_id=9045 second_name_id=21053 current_club_id=Some(1953) name="Russell Milton"
[squad-in] person_id=56534 first_name_id=7598 second_name_id=21118 current_club_id=Some(1953) name="Carl Muggleton"
[squad-in] person_id=56607 first_name_id=2103 second_name_id=21162 current_club_id=Some(1953) name="Tony Naylor"
[squad-in] person_id=58853 first_name_id=7695 second_name_id=22352 current_club_id=Some(1953) name="Jamie Victory"
[squad-in] person_id=59185 first_name_id=1333 second_name_id=22516 current_club_id=Some(1953) name="Duncan Willetts"
[squad-in] person_id=59300 first_name_id=1088 second_name_id=22603 current_club_id=Some(1953) name="Mark Yates"
[squad] Cheltenham Town (club_id=1953): 33 players
  Richard Walker           SW/D LC  age=29
  Jason White              S C     age=29
  Steve Benbow             GK      age=19
  John Brough              D/F C   age=28
  Dave Bird                M R     age=16
  Richard Kear             S C     age=17
  Iain Langstone           M L     age=?
  Jamie Victory            SW/D/DM LC  age=25
  Chris Banks              SW/D C  age=35
  Richard Jones            M C     age=17
  Steve Jones              D RC    age=30
  Michael Jackson          M RC    age=21
  Keith Hill               D C     age=32
  James Taylor             AM/F C  age=17
  Mike Duff                D/DM R  age=23
  Shane Duff               D C     age=?
  Julian Alsop             S C     age=28
  Steve Book               GK      age=32
  Luke Buttery             D L     age=16
  Luke Corbett             S C     age=17
  Martin Devaney           AM/F LC  age=21
  Neil Grayson             S C     age=36
  Tony Griffin             D/AM R  age=22
  Shane Higgs              GK      age=24
  Gareth Hopkins           S C     age=21
  Neil Howarth             D/DM RC  age=29
  Lee Howells              M/AM RC  age=32
  Hugh McAuley             M/AM/F RC  age=24
  Russell Milton           AM LC   age=32
  Carl Muggleton           GK      age=32
  Tony Naylor              S C     age=34
  Duncan Willetts          S C     age=17
  Mark Yates               DM/M C  age=31
[kit] Cheltenham Town bg=0xe000 fg=0xffff
[squad-in] person_id=45 first_name_id=1824 second_name_id=7 current_club_id=Some(1953) name="Chris Banks"
[squad-in] person_id=522 first_name_id=83 second_name_id=49 current_club_id=Some(1953) name="Richard Jones"
[squad-in] person_id=527 first_name_id=93 second_name_id=49 current_club_id=Some(1953) name="Steve Jones"
[squad-in] person_id=10284 first_name_id=66 second_name_id=3077 current_club_id=Some(1953) name="Michael Jackson"
[squad-in] person_id=11894 first_name_id=83 second_name_id=3544 current_club_id=Some(1953) name="Richard Walker"
[squad-in] person_id=20343 first_name_id=54 second_name_id=6877 current_club_id=Some(1953) name="Keith Hill"
[squad-in] person_id=27486 first_name_id=593 second_name_id=7683 current_club_id=Some(1953) name="James Taylor"
[squad-in] person_id=30961 first_name_id=67 second_name_id=8766 current_club_id=Some(1953) name="Mike Duff"
[squad-in] person_id=30966 first_name_id=2677 second_name_id=8766 current_club_id=Some(1953) name="Shane Duff"
[squad-in] person_id=34354 first_name_id=44 second_name_id=9699 current_club_id=Some(1953) name="Jason White"
[squad-in] person_id=51187 first_name_id=7646 second_name_id=18461 current_club_id=Some(1953) name="Julian Alsop"
[squad-in] person_id=51549 first_name_id=93 second_name_id=18688 current_club_id=Some(1953) name="Steve Benbow"
[squad-in] person_id=51618 first_name_id=20 second_name_id=18742 current_club_id=Some(1953) name="Dave Bird"
[squad-in] person_id=51729 first_name_id=93 second_name_id=18812 current_club_id=Some(1953) name="Steve Book"
[squad-in] person_id=51972 first_name_id=47 second_name_id=18934 current_club_id=Some(1953) name="John Brough"
[squad-in] person_id=52119 first_name_id=12775 second_name_id=19003 current_club_id=Some(1953) name="Luke Buttery"
[squad-in] person_id=52645 first_name_id=12775 second_name_id=19252 current_club_id=Some(1953) name="Luke Corbett"
[squad-in] person_id=53057 first_name_id=64 second_name_id=19458 current_club_id=Some(1953) name="Martin Devaney"
[squad-in] person_id=54134 first_name_id=2596 second_name_id=19965 current_club_id=Some(1953) name="Neil Grayson"
[squad-in] person_id=54173 first_name_id=2103 second_name_id=19989 current_club_id=Some(1953) name="Tony Griffin"
[squad-in] person_id=54553 first_name_id=2677 second_name_id=20219 current_club_id=Some(1953) name="Shane Higgs"
[squad-in] person_id=54710 first_name_id=29 second_name_id=20301 current_club_id=Some(1953) name="Gareth Hopkins"
[squad-in] person_id=54754 first_name_id=2596 second_name_id=20322 current_club_id=Some(1953) name="Neil Howarth"
[squad-in] person_id=54780 first_name_id=59 second_name_id=20326 current_club_id=Some(1953) name="Lee Howells"
[squad-in] person_id=55072 first_name_id=83 second_name_id=20477 current_club_id=Some(1953) name="Richard Kear"
[squad-in] person_id=55317 first_name_id=7634 second_name_id=20623 current_club_id=Some(1953) name="Iain Langstone"
[squad-in] person_id=55865 first_name_id=12622 second_name_id=20899 current_club_id=Some(1953) name="Hugh McAuley"
[squad-in] person_id=56385 first_name_id=9045 second_name_id=21053 current_club_id=Some(1953) name="Russell Milton"
[squad-in] person_id=56534 first_name_id=7598 second_name_id=21118 current_club_id=Some(1953) name="Carl Muggleton"
[squad-in] person_id=56607 first_name_id=2103 second_name_id=21162 current_club_id=Some(1953) name="Tony Naylor"
[squad-in] person_id=58853 first_name_id=7695 second_name_id=22352 current_club_id=Some(1953) name="Jamie Victory"
[squad-in] person_id=59185 first_name_id=1333 second_name_id=22516 current_club_id=Some(1953) name="Duncan Willetts"
[squad-in] person_id=59300 first_name_id=1088 second_name_id=22603 current_club_id=Some(1953) name="Mark Yates"
[squad] Cheltenham Town (club_id=1953): 33 players
  Richard Walker           SW/D LC  age=29
  Jason White              S C     age=29
  Steve Benbow             GK      age=19
  John Brough              D/F C   age=28
  Dave Bird                M R     age=16
  Richard Kear             S C     age=17
  Iain Langstone           M L     age=?
  Jamie Victory            SW/D/DM LC  age=25
  Chris Banks              SW/D C  age=35
  Richard Jones            M C     age=17
  Steve Jones              D RC    age=30
  Michael Jackson          M RC    age=21
  Keith Hill               D C     age=32
  James Taylor             AM/F C  age=17
  Mike Duff                D/DM R  age=23
  Shane Duff               D C     age=?
  Julian Alsop             S C     age=28
  Steve Book               GK      age=32
  Luke Buttery             D L     age=16
  Luke Corbett             S C     age=17
  Martin Devaney           AM/F LC  age=21
  Neil Grayson             S C     age=36
  Tony Griffin             D/AM R  age=22
  Shane Higgs              GK      age=24
  Gareth Hopkins           S C     age=21
  Neil Howarth             D/DM RC  age=29
  Lee Howells              M/AM RC  age=32
  Hugh McAuley             M/AM/F RC  age=24
  Russell Milton           AM LC   age=32
  Carl Muggleton           GK      age=32
  Tony Naylor              S C     age=34
  Duncan Willetts          S C     age=17
  Mark Yates               DM/M C  age=31
[kit] Cheltenham Town bg=0xe000 fg=0xffff
[squad-in] person_id=45 first_name_id=1824 second_name_id=7 current_club_id=Some(1953) name="Chris Banks"
[squad-in] person_id=522 first_name_id=83 second_name_id=49 current_club_id=Some(1953) name="Richard Jones"
[squad-in] person_id=527 first_name_id=93 second_name_id=49 current_club_id=Some(1953) name="Steve Jones"
[squad-in] person_id=10284 first_name_id=66 second_name_id=3077 current_club_id=Some(1953) name="Michael Jackson"
[squad-in] person_id=11894 first_name_id=83 second_name_id=3544 current_club_id=Some(1953) name="Richard Walker"
[squad-in] person_id=20343 first_name_id=54 second_name_id=6877 current_club_id=Some(1953) name="Keith Hill"
[squad-in] person_id=27486 first_name_id=593 second_name_id=7683 current_club_id=Some(1953) name="James Taylor"
[squad-in] person_id=30961 first_name_id=67 second_name_id=8766 current_club_id=Some(1953) name="Mike Duff"
[squad-in] person_id=30966 first_name_id=2677 second_name_id=8766 current_club_id=Some(1953) name="Shane Duff"
[squad-in] person_id=34354 first_name_id=44 second_name_id=9699 current_club_id=Some(1953) name="Jason White"
[squad-in] person_id=51187 first_name_id=7646 second_name_id=18461 current_club_id=Some(1953) name="Julian Alsop"
[squad-in] person_id=51549 first_name_id=93 second_name_id=18688 current_club_id=Some(1953) name="Steve Benbow"
[squad-in] person_id=51618 first_name_id=20 second_name_id=18742 current_club_id=Some(1953) name="Dave Bird"
[squad-in] person_id=51729 first_name_id=93 second_name_id=18812 current_club_id=Some(1953) name="Steve Book"
[squad-in] person_id=51972 first_name_id=47 second_name_id=18934 current_club_id=Some(1953) name="John Brough"
[squad-in] person_id=52119 first_name_id=12775 second_name_id=19003 current_club_id=Some(1953) name="Luke Buttery"
[squad-in] person_id=52645 first_name_id=12775 second_name_id=19252 current_club_id=Some(1953) name="Luke Corbett"
[squad-in] person_id=53057 first_name_id=64 second_name_id=19458 current_club_id=Some(1953) name="Martin Devaney"
[squad-in] person_id=54134 first_name_id=2596 second_name_id=19965 current_club_id=Some(1953) name="Neil Grayson"
[squad-in] person_id=54173 first_name_id=2103 second_name_id=19989 current_club_id=Some(1953) name="Tony Griffin"
[squad-in] person_id=54553 first_name_id=2677 second_name_id=20219 current_club_id=Some(1953) name="Shane Higgs"
[squad-in] person_id=54710 first_name_id=29 second_name_id=20301 current_club_id=Some(1953) name="Gareth Hopkins"
[squad-in] person_id=54754 first_name_id=2596 second_name_id=20322 current_club_id=Some(1953) name="Neil Howarth"
[squad-in] person_id=54780 first_name_id=59 second_name_id=20326 current_club_id=Some(1953) name="Lee Howells"
[squad-in] person_id=55072 first_name_id=83 second_name_id=20477 current_club_id=Some(1953) name="Richard Kear"
[squad-in] person_id=55317 first_name_id=7634 second_name_id=20623 current_club_id=Some(1953) name="Iain Langstone"
[squad-in] person_id=55865 first_name_id=12622 second_name_id=20899 current_club_id=Some(1953) name="Hugh McAuley"
[squad-in] person_id=56385 first_name_id=9045 second_name_id=21053 current_club_id=Some(1953) name="Russell Milton"
[squad-in] person_id=56534 first_name_id=7598 second_name_id=21118 current_club_id=Some(1953) name="Carl Muggleton"
[squad-in] person_id=56607 first_name_id=2103 second_name_id=21162 current_club_id=Some(1953) name="Tony Naylor"
[squad-in] person_id=58853 first_name_id=7695 second_name_id=22352 current_club_id=Some(1953) name="Jamie Victory"
[squad-in] person_id=59185 first_name_id=1333 second_name_id=22516 current_club_id=Some(1953) name="Duncan Willetts"
[squad-in] person_id=59300 first_name_id=1088 second_name_id=22603 current_club_id=Some(1953) name="Mark Yates"
[squad] Cheltenham Town (club_id=1953): 33 players
  Richard Walker           SW/D LC  age=29
  Jason White              S C     age=29
  Steve Benbow             GK      age=19
  John Brough              D/F C   age=28
  Dave Bird                M R     age=16
  Richard Kear             S C     age=17
  Iain Langstone           M L     age=?
  Jamie Victory            SW/D/DM LC  age=25
  Chris Banks              SW/D C  age=35
  Richard Jones            M C     age=17
  Steve Jones              D RC    age=30
  Michael Jackson          M RC    age=21
  Keith Hill               D C     age=32
  James Taylor             AM/F C  age=17
  Mike Duff                D/DM R  age=23
  Shane Duff               D C     age=?
  Julian Alsop             S C     age=28
  Steve Book               GK      age=32
  Luke Buttery             D L     age=16
  Luke Corbett             S C     age=17
  Martin Devaney           AM/F LC  age=21
  Neil Grayson             S C     age=36
  Tony Griffin             D/AM R  age=22
  Shane Higgs              GK      age=24
  Gareth Hopkins           S C     age=21
  Neil Howarth             D/DM RC  age=29
  Lee Howells              M/AM RC  age=32
  Hugh McAuley             M/AM/F RC  age=24
  Russell Milton           AM LC   age=32
  Carl Muggleton           GK      age=32
  Tony Naylor              S C     age=34
  Duncan Willetts          S C     age=17
  Mark Yates               DM/M C  age=31
[kit] Cheltenham Town bg=0xe000 fg=0xffff
[squad-in] person_id=45 first_name_id=1824 second_name_id=7 current_club_id=Some(1953) name="Chris Banks"
[squad-in] person_id=522 first_name_id=83 second_name_id=49 current_club_id=Some(1953) name="Richard Jones"
[squad-in] person_id=527 first_name_id=93 second_name_id=49 current_club_id=Some(1953) name="Steve Jones"
[squad-in] person_id=10284 first_name_id=66 second_name_id=3077 current_club_id=Some(1953) name="Michael Jackson"
[squad-in] person_id=11894 first_name_id=83 second_name_id=3544 current_club_id=Some(1953) name="Richard Walker"
[squad-in] person_id=20343 first_name_id=54 second_name_id=6877 current_club_id=Some(1953) name="Keith Hill"
[squad-in] person_id=27486 first_name_id=593 second_name_id=7683 current_club_id=Some(1953) name="James Taylor"
[squad-in] person_id=30961 first_name_id=67 second_name_id=8766 current_club_id=Some(1953) name="Mike Duff"
[squad-in] person_id=30966 first_name_id=2677 second_name_id=8766 current_club_id=Some(1953) name="Shane Duff"
[squad-in] person_id=34354 first_name_id=44 second_name_id=9699 current_club_id=Some(1953) name="Jason White"
[squad-in] person_id=51187 first_name_id=7646 second_name_id=18461 current_club_id=Some(1953) name="Julian Alsop"
[squad-in] person_id=51549 first_name_id=93 second_name_id=18688 current_club_id=Some(1953) name="Steve Benbow"
[squad-in] person_id=51618 first_name_id=20 second_name_id=18742 current_club_id=Some(1953) name="Dave Bird"
[squad-in] person_id=51729 first_name_id=93 second_name_id=18812 current_club_id=Some(1953) name="Steve Book"
[squad-in] person_id=51972 first_name_id=47 second_name_id=18934 current_club_id=Some(1953) name="John Brough"
[squad-in] person_id=52119 first_name_id=12775 second_name_id=19003 current_club_id=Some(1953) name="Luke Buttery"
[squad-in] person_id=52645 first_name_id=12775 second_name_id=19252 current_club_id=Some(1953) name="Luke Corbett"
[squad-in] person_id=53057 first_name_id=64 second_name_id=19458 current_club_id=Some(1953) name="Martin Devaney"
[squad-in] person_id=54134 first_name_id=2596 second_name_id=19965 current_club_id=Some(1953) name="Neil Grayson"
[squad-in] person_id=54173 first_name_id=2103 second_name_id=19989 current_club_id=Some(1953) name="Tony Griffin"
[squad-in] person_id=54553 first_name_id=2677 second_name_id=20219 current_club_id=Some(1953) name="Shane Higgs"
[squad-in] person_id=54710 first_name_id=29 second_name_id=20301 current_club_id=Some(1953) name="Gareth Hopkins"
[squad-in] person_id=54754 first_name_id=2596 second_name_id=20322 current_club_id=Some(1953) name="Neil Howarth"
[squad-in] person_id=54780 first_name_id=59 second_name_id=20326 current_club_id=Some(1953) name="Lee Howells"
[squad-in] person_id=55072 first_name_id=83 second_name_id=20477 current_club_id=Some(1953) name="Richard Kear"
[squad-in] person_id=55317 first_name_id=7634 second_name_id=20623 current_club_id=Some(1953) name="Iain Langstone"
[squad-in] person_id=55865 first_name_id=12622 second_name_id=20899 current_club_id=Some(1953) name="Hugh McAuley"
[squad-in] person_id=56385 first_name_id=9045 second_name_id=21053 current_club_id=Some(1953) name="Russell Milton"
[squad-in] person_id=56534 first_name_id=7598 second_name_id=21118 current_club_id=Some(1953) name="Carl Muggleton"
[squad-in] person_id=56607 first_name_id=2103 second_name_id=21162 current_club_id=Some(1953) name="Tony Naylor"
[squad-in] person_id=58853 first_name_id=7695 second_name_id=22352 current_club_id=Some(1953) name="Jamie Victory"
[squad-in] person_id=59185 first_name_id=1333 second_name_id=22516 current_club_id=Some(1953) name="Duncan Willetts"
[squad-in] person_id=59300 first_name_id=1088 second_name_id=22603 current_club_id=Some(1953) name="Mark Yates"
[squad] Cheltenham Town (club_id=1953): 33 players
  Richard Walker           SW/D LC  age=29
  Jason White              S C     age=29
  Steve Benbow             GK      age=19
  John Brough              D/F C   age=28
  Dave Bird                M R     age=16
  Richard Kear             S C     age=17
  Iain Langstone           M L     age=?
  Jamie Victory            SW/D/DM LC  age=25
  Chris Banks              SW/D C  age=35
  Richard Jones            M C     age=17
  Steve Jones              D RC    age=30
  Michael Jackson          M RC    age=21
  Keith Hill               D C     age=32
  James Taylor             AM/F C  age=17
  Mike Duff                D/DM R  age=23
  Shane Duff               D C     age=?
  Julian Alsop             S C     age=28
  Steve Book               GK      age=32
  Luke Buttery             D L     age=16
  Luke Corbett             S C     age=17
  Martin Devaney           AM/F LC  age=21
  Neil Grayson             S C     age=36
  Tony Griffin             D/AM R  age=22
  Shane Higgs              GK      age=24
  Gareth Hopkins           S C     age=21
  Neil Howarth             D/DM RC  age=29
  Lee Howells              M/AM RC  age=32
  Hugh McAuley             M/AM/F RC  age=24
  Russell Milton           AM LC   age=32
  Carl Muggleton           GK      age=32
  Tony Naylor              S C     age=34
  Duncan Willetts          S C     age=17
  Mark Yates               DM/M C  age=31
[kit] Cheltenham Town bg=0xe000 fg=0xffff
[squad-in] person_id=45 first_name_id=1824 second_name_id=7 current_club_id=Some(1953) name="Chris Banks"
[squad-in] person_id=522 first_name_id=83 second_name_id=49 current_club_id=Some(1953) name="Richard Jones"
[squad-in] person_id=527 first_name_id=93 second_name_id=49 current_club_id=Some(1953) name="Steve Jones"
[squad-in] person_id=10284 first_name_id=66 second_name_id=3077 current_club_id=Some(1953) name="Michael Jackson"
[squad-in] person_id=11894 first_name_id=83 second_name_id=3544 current_club_id=Some(1953) name="Richard Walker"
[squad-in] person_id=20343 first_name_id=54 second_name_id=6877 current_club_id=Some(1953) name="Keith Hill"
[squad-in] person_id=27486 first_name_id=593 second_name_id=7683 current_club_id=Some(1953) name="James Taylor"
[squad-in] person_id=30961 first_name_id=67 second_name_id=8766 current_club_id=Some(1953) name="Mike Duff"
[squad-in] person_id=30966 first_name_id=2677 second_name_id=8766 current_club_id=Some(1953) name="Shane Duff"
[squad-in] person_id=34354 first_name_id=44 second_name_id=9699 current_club_id=Some(1953) name="Jason White"
[squad-in] person_id=51187 first_name_id=7646 second_name_id=18461 current_club_id=Some(1953) name="Julian Alsop"
[squad-in] person_id=51549 first_name_id=93 second_name_id=18688 current_club_id=Some(1953) name="Steve Benbow"
[squad-in] person_id=51618 first_name_id=20 second_name_id=18742 current_club_id=Some(1953) name="Dave Bird"
[squad-in] person_id=51729 first_name_id=93 second_name_id=18812 current_club_id=Some(1953) name="Steve Book"
[squad-in] person_id=51972 first_name_id=47 second_name_id=18934 current_club_id=Some(1953) name="John Brough"
[squad-in] person_id=52119 first_name_id=12775 second_name_id=19003 current_club_id=Some(1953) name="Luke Buttery"
[squad-in] person_id=52645 first_name_id=12775 second_name_id=19252 current_club_id=Some(1953) name="Luke Corbett"
[squad-in] person_id=53057 first_name_id=64 second_name_id=19458 current_club_id=Some(1953) name="Martin Devaney"
[squad-in] person_id=54134 first_name_id=2596 second_name_id=19965 current_club_id=Some(1953) name="Neil Grayson"
[squad-in] person_id=54173 first_name_id=2103 second_name_id=19989 current_club_id=Some(1953) name="Tony Griffin"
[squad-in] person_id=54553 first_name_id=2677 second_name_id=20219 current_club_id=Some(1953) name="Shane Higgs"
[squad-in] person_id=54710 first_name_id=29 second_name_id=20301 current_club_id=Some(1953) name="Gareth Hopkins"
[squad-in] person_id=54754 first_name_id=2596 second_name_id=20322 current_club_id=Some(1953) name="Neil Howarth"
[squad-in] person_id=54780 first_name_id=59 second_name_id=20326 current_club_id=Some(1953) name="Lee Howells"
[squad-in] person_id=55072 first_name_id=83 second_name_id=20477 current_club_id=Some(1953) name="Richard Kear"
[squad-in] person_id=55317 first_name_id=7634 second_name_id=20623 current_club_id=Some(1953) name="Iain Langstone"
[squad-in] person_id=55865 first_name_id=12622 second_name_id=20899 current_club_id=Some(1953) name="Hugh McAuley"
[squad-in] person_id=56385 first_name_id=9045 second_name_id=21053 current_club_id=Some(1953) name="Russell Milton"
[squad-in] person_id=56534 first_name_id=7598 second_name_id=21118 current_club_id=Some(1953) name="Carl Muggleton"
[squad-in] person_id=56607 first_name_id=2103 second_name_id=21162 current_club_id=Some(1953) name="Tony Naylor"
[squad-in] person_id=58853 first_name_id=7695 second_name_id=22352 current_club_id=Some(1953) name="Jamie Victory"
[squad-in] person_id=59185 first_name_id=1333 second_name_id=22516 current_club_id=Some(1953) name="Duncan Willetts"
[squad-in] person_id=59300 first_name_id=1088 second_name_id=22603 current_club_id=Some(1953) name="Mark Yates"
[squad] Cheltenham Town (club_id=1953): 33 players
  Richard Walker           SW/D LC  age=29
  Jason White              S C     age=29
  Steve Benbow             GK      age=19
  John Brough              D/F C   age=28
  Dave Bird                M R     age=16
  Richard Kear             S C     age=17
  Iain Langstone           M L     age=?
  Jamie Victory            SW/D/DM LC  age=25
  Chris Banks              SW/D C  age=35
  Richard Jones            M C     age=17
  Steve Jones              D RC    age=30
  Michael Jackson          M RC    age=21
  Keith Hill               D C     age=32
  James Taylor             AM/F C  age=17
  Mike Duff                D/DM R  age=23
  Shane Duff               D C     age=?
  Julian Alsop             S C     age=28
  Steve Book               GK      age=32
  Luke Buttery             D L     age=16
  Luke Corbett             S C     age=17
  Martin Devaney           AM/F LC  age=21
  Neil Grayson             S C     age=36
  Tony Griffin             D/AM R  age=22
  Shane Higgs              GK      age=24
  Gareth Hopkins           S C     age=21
  Neil Howarth             D/DM RC  age=29
  Lee Howells              M/AM RC  age=32
  Hugh McAuley             M/AM/F RC  age=24
  Russell Milton           AM LC   age=32
  Carl Muggleton           GK      age=32
  Tony Naylor              S C     age=34
  Duncan Willetts          S C     age=17
  Mark Yates               DM/M C  age=31
[kit] Cheltenham Town bg=0xe000 fg=0xffff
[squad-in] person_id=45 first_name_id=1824 second_name_id=7 current_club_id=Some(1953) name="Chris Banks"
[squad-in] person_id=522 first_name_id=83 second_name_id=49 current_club_id=Some(1953) name="Richard Jones"
[squad-in] person_id=527 first_name_id=93 second_name_id=49 current_club_id=Some(1953) name="Steve Jones"
[squad-in] person_id=10284 first_name_id=66 second_name_id=3077 current_club_id=Some(1953) name="Michael Jackson"
[squad-in] person_id=11894 first_name_id=83 second_name_id=3544 current_club_id=Some(1953) name="Richard Walker"
[squad-in] person_id=20343 first_name_id=54 second_name_id=6877 current_club_id=Some(1953) name="Keith Hill"
[squad-in] person_id=27486 first_name_id=593 second_name_id=7683 current_club_id=Some(1953) name="James Taylor"
[squad-in] person_id=30961 first_name_id=67 second_name_id=8766 current_club_id=Some(1953) name="Mike Duff"
[squad-in] person_id=30966 first_name_id=2677 second_name_id=8766 current_club_id=Some(1953) name="Shane Duff"
[squad-in] person_id=34354 first_name_id=44 second_name_id=9699 current_club_id=Some(1953) name="Jason White"
[squad-in] person_id=51187 first_name_id=7646 second_name_id=18461 current_club_id=Some(1953) name="Julian Alsop"
[squad-in] person_id=51549 first_name_id=93 second_name_id=18688 current_club_id=Some(1953) name="Steve Benbow"
[squad-in] person_id=51618 first_name_id=20 second_name_id=18742 current_club_id=Some(1953) name="Dave Bird"
[squad-in] person_id=51729 first_name_id=93 second_name_id=18812 current_club_id=Some(1953) name="Steve Book"
[squad-in] person_id=51972 first_name_id=47 second_name_id=18934 current_club_id=Some(1953) name="John Brough"
[squad-in] person_id=52119 first_name_id=12775 second_name_id=19003 current_club_id=Some(1953) name="Luke Buttery"
[squad-in] person_id=52645 first_name_id=12775 second_name_id=19252 current_club_id=Some(1953) name="Luke Corbett"
[squad-in] person_id=53057 first_name_id=64 second_name_id=19458 current_club_id=Some(1953) name="Martin Devaney"
[squad-in] person_id=54134 first_name_id=2596 second_name_id=19965 current_club_id=Some(1953) name="Neil Grayson"
[squad-in] person_id=54173 first_name_id=2103 second_name_id=19989 current_club_id=Some(1953) name="Tony Griffin"
[squad-in] person_id=54553 first_name_id=2677 second_name_id=20219 current_club_id=Some(1953) name="Shane Higgs"
[squad-in] person_id=54710 first_name_id=29 second_name_id=20301 current_club_id=Some(1953) name="Gareth Hopkins"
[squad-in] person_id=54754 first_name_id=2596 second_name_id=20322 current_club_id=Some(1953) name="Neil Howarth"
[squad-in] person_id=54780 first_name_id=59 second_name_id=20326 current_club_id=Some(1953) name="Lee Howells"
[squad-in] person_id=55072 first_name_id=83 second_name_id=20477 current_club_id=Some(1953) name="Richard Kear"
[squad-in] person_id=55317 first_name_id=7634 second_name_id=20623 current_club_id=Some(1953) name="Iain Langstone"
[squad-in] person_id=55865 first_name_id=12622 second_name_id=20899 current_club_id=Some(1953) name="Hugh McAuley"
[squad-in] person_id=56385 first_name_id=9045 second_name_id=21053 current_club_id=Some(1953) name="Russell Milton"
[squad-in] person_id=56534 first_name_id=7598 second_name_id=21118 current_club_id=Some(1953) name="Carl Muggleton"
[squad-in] person_id=56607 first_name_id=2103 second_name_id=21162 current_club_id=Some(1953) name="Tony Naylor"
[squad-in] person_id=58853 first_name_id=7695 second_name_id=22352 current_club_id=Some(1953) name="Jamie Victory"
[squad-in] person_id=59185 first_name_id=1333 second_name_id=22516 current_club_id=Some(1953) name="Duncan Willetts"
[squad-in] person_id=59300 first_name_id=1088 second_name_id=22603 current_club_id=Some(1953) name="Mark Yates"
[squad] Cheltenham Town (club_id=1953): 33 players
  Richard Walker           SW/D LC  age=29
  Jason White              S C     age=29
  Steve Benbow             GK      age=19
  John Brough              D/F C   age=28
  Dave Bird                M R     age=16
  Richard Kear             S C     age=17
  Iain Langstone           M L     age=?
  Jamie Victory            SW/D/DM LC  age=25
  Chris Banks              SW/D C  age=35
  Richard Jones            M C     age=17
  Steve Jones              D RC    age=30
  Michael Jackson          M RC    age=21
  Keith Hill               D C     age=32
  James Taylor             AM/F C  age=17
  Mike Duff                D/DM R  age=23
  Shane Duff               D C     age=?
  Julian Alsop             S C     age=28
  Steve Book               GK      age=32
  Luke Buttery             D L     age=16
  Luke Corbett             S C     age=17
  Martin Devaney           AM/F LC  age=21
  Neil Grayson             S C     age=36
  Tony Griffin             D/AM R  age=22
  Shane Higgs              GK      age=24
  Gareth Hopkins           S C     age=21
  Neil Howarth             D/DM RC  age=29
  Lee Howells              M/AM RC  age=32
  Hugh McAuley             M/AM/F RC  age=24
  Russell Milton           AM LC   age=32
  Carl Muggleton           GK      age=32
  Tony Naylor              S C     age=34
  Duncan Willetts          S C     age=17
  Mark Yates               DM/M C  age=31
[kit] Cheltenham Town bg=0xe000 fg=0xffff
[squad-in] person_id=45 first_name_id=1824 second_name_id=7 current_club_id=Some(1953) name="Chris Banks"
[squad-in] person_id=522 first_name_id=83 second_name_id=49 current_club_id=Some(1953) name="Richard Jones"
[squad-in] person_id=527 first_name_id=93 second_name_id=49 current_club_id=Some(1953) name="Steve Jones"
[squad-in] person_id=10284 first_name_id=66 second_name_id=3077 current_club_id=Some(1953) name="Michael Jackson"
[squad-in] person_id=11894 first_name_id=83 second_name_id=3544 current_club_id=Some(1953) name="Richard Walker"
[squad-in] person_id=20343 first_name_id=54 second_name_id=6877 current_club_id=Some(1953) name="Keith Hill"
[squad-in] person_id=27486 first_name_id=593 second_name_id=7683 current_club_id=Some(1953) name="James Taylor"
[squad-in] person_id=30961 first_name_id=67 second_name_id=8766 current_club_id=Some(1953) name="Mike Duff"
[squad-in] person_id=30966 first_name_id=2677 second_name_id=8766 current_club_id=Some(1953) name="Shane Duff"
[squad-in] person_id=34354 first_name_id=44 second_name_id=9699 current_club_id=Some(1953) name="Jason White"
[squad-in] person_id=51187 first_name_id=7646 second_name_id=18461 current_club_id=Some(1953) name="Julian Alsop"
[squad-in] person_id=51549 first_name_id=93 second_name_id=18688 current_club_id=Some(1953) name="Steve Benbow"
[squad-in] person_id=51618 first_name_id=20 second_name_id=18742 current_club_id=Some(1953) name="Dave Bird"
[squad-in] person_id=51729 first_name_id=93 second_name_id=18812 current_club_id=Some(1953) name="Steve Book"
[squad-in] person_id=51972 first_name_id=47 second_name_id=18934 current_club_id=Some(1953) name="John Brough"
[squad-in] person_id=52119 first_name_id=12775 second_name_id=19003 current_club_id=Some(1953) name="Luke Buttery"
[squad-in] person_id=52645 first_name_id=12775 second_name_id=19252 current_club_id=Some(1953) name="Luke Corbett"
[squad-in] person_id=53057 first_name_id=64 second_name_id=19458 current_club_id=Some(1953) name="Martin Devaney"
[squad-in] person_id=54134 first_name_id=2596 second_name_id=19965 current_club_id=Some(1953) name="Neil Grayson"
[squad-in] person_id=54173 first_name_id=2103 second_name_id=19989 current_club_id=Some(1953) name="Tony Griffin"
[squad-in] person_id=54553 first_name_id=2677 second_name_id=20219 current_club_id=Some(1953) name="Shane Higgs"
[squad-in] person_id=54710 first_name_id=29 second_name_id=20301 current_club_id=Some(1953) name="Gareth Hopkins"
[squad-in] person_id=54754 first_name_id=2596 second_name_id=20322 current_club_id=Some(1953) name="Neil Howarth"
[squad-in] person_id=54780 first_name_id=59 second_name_id=20326 current_club_id=Some(1953) name="Lee Howells"
[squad-in] person_id=55072 first_name_id=83 second_name_id=20477 current_club_id=Some(1953) name="Richard Kear"
[squad-in] person_id=55317 first_name_id=7634 second_name_id=20623 current_club_id=Some(1953) name="Iain Langstone"
[squad-in] person_id=55865 first_name_id=12622 second_name_id=20899 current_club_id=Some(1953) name="Hugh McAuley"
[squad-in] person_id=56385 first_name_id=9045 second_name_id=21053 current_club_id=Some(1953) name="Russell Milton"
[squad-in] person_id=56534 first_name_id=7598 second_name_id=21118 current_club_id=Some(1953) name="Carl Muggleton"
[squad-in] person_id=56607 first_name_id=2103 second_name_id=21162 current_club_id=Some(1953) name="Tony Naylor"
[squad-in] person_id=58853 first_name_id=7695 second_name_id=22352 current_club_id=Some(1953) name="Jamie Victory"
[squad-in] person_id=59185 first_name_id=1333 second_name_id=22516 current_club_id=Some(1953) name="Duncan Willetts"
[squad-in] person_id=59300 first_name_id=1088 second_name_id=22603 current_club_id=Some(1953) name="Mark Yates"
[squad] Cheltenham Town (club_id=1953): 33 players
  Richard Walker           SW/D LC  age=29
  Jason White              S C     age=29
  Steve Benbow             GK      age=19
  John Brough              D/F C   age=28
  Dave Bird                M R     age=16
  Richard Kear             S C     age=17
  Iain Langstone           M L     age=?
  Jamie Victory            SW/D/DM LC  age=25
  Chris Banks              SW/D C  age=35
  Richard Jones            M C     age=17
  Steve Jones              D RC    age=30
  Michael Jackson          M RC    age=21
  Keith Hill               D C     age=32
  James Taylor             AM/F C  age=17
  Mike Duff                D/DM R  age=23
  Shane Duff               D C     age=?
  Julian Alsop             S C     age=28
  Steve Book               GK      age=32
  Luke Buttery             D L     age=16
  Luke Corbett             S C     age=17
  Martin Devaney           AM/F LC  age=21
  Neil Grayson             S C     age=36
  Tony Griffin             D/AM R  age=22
  Shane Higgs              GK      age=24
  Gareth Hopkins           S C     age=21
  Neil Howarth             D/DM RC  age=29
  Lee Howells              M/AM RC  age=32
  Hugh McAuley             M/AM/F RC  age=24
  Russell Milton           AM LC   age=32
  Carl Muggleton           GK      age=32
  Tony Naylor              S C     age=34
  Duncan Willetts          S C     age=17
  Mark Yates               DM/M C  age=31
[kit] Cheltenham Town bg=0xe000 fg=0xffff
[squad-in] person_id=45 first_name_id=1824 second_name_id=7 current_club_id=Some(1953) name="Chris Banks"
[squad-in] person_id=522 first_name_id=83 second_name_id=49 current_club_id=Some(1953) name="Richard Jones"
[squad-in] person_id=527 first_name_id=93 second_name_id=49 current_club_id=Some(1953) name="Steve Jones"
[squad-in] person_id=10284 first_name_id=66 second_name_id=3077 current_club_id=Some(1953) name="Michael Jackson"
[squad-in] person_id=11894 first_name_id=83 second_name_id=3544 current_club_id=Some(1953) name="Richard Walker"
[squad-in] person_id=20343 first_name_id=54 second_name_id=6877 current_club_id=Some(1953) name="Keith Hill"
[squad-in] person_id=27486 first_name_id=593 second_name_id=7683 current_club_id=Some(1953) name="James Taylor"
[squad-in] person_id=30961 first_name_id=67 second_name_id=8766 current_club_id=Some(1953) name="Mike Duff"
[squad-in] person_id=30966 first_name_id=2677 second_name_id=8766 current_club_id=Some(1953) name="Shane Duff"
[squad-in] person_id=34354 first_name_id=44 second_name_id=9699 current_club_id=Some(1953) name="Jason White"
[squad-in] person_id=51187 first_name_id=7646 second_name_id=18461 current_club_id=Some(1953) name="Julian Alsop"
[squad-in] person_id=51549 first_name_id=93 second_name_id=18688 current_club_id=Some(1953) name="Steve Benbow"
[squad-in] person_id=51618 first_name_id=20 second_name_id=18742 current_club_id=Some(1953) name="Dave Bird"
[squad-in] person_id=51729 first_name_id=93 second_name_id=18812 current_club_id=Some(1953) name="Steve Book"
[squad-in] person_id=51972 first_name_id=47 second_name_id=18934 current_club_id=Some(1953) name="John Brough"
[squad-in] person_id=52119 first_name_id=12775 second_name_id=19003 current_club_id=Some(1953) name="Luke Buttery"
[squad-in] person_id=52645 first_name_id=12775 second_name_id=19252 current_club_id=Some(1953) name="Luke Corbett"
[squad-in] person_id=53057 first_name_id=64 second_name_id=19458 current_club_id=Some(1953) name="Martin Devaney"
[squad-in] person_id=54134 first_name_id=2596 second_name_id=19965 current_club_id=Some(1953) name="Neil Grayson"
[squad-in] person_id=54173 first_name_id=2103 second_name_id=19989 current_club_id=Some(1953) name="Tony Griffin"
[squad-in] person_id=54553 first_name_id=2677 second_name_id=20219 current_club_id=Some(1953) name="Shane Higgs"
[squad-in] person_id=54710 first_name_id=29 second_name_id=20301 current_club_id=Some(1953) name="Gareth Hopkins"
[squad-in] person_id=54754 first_name_id=2596 second_name_id=20322 current_club_id=Some(1953) name="Neil Howarth"
[squad-in] person_id=54780 first_name_id=59 second_name_id=20326 current_club_id=Some(1953) name="Lee Howells"
[squad-in] person_id=55072 first_name_id=83 second_name_id=20477 current_club_id=Some(1953) name="Richard Kear"
[squad-in] person_id=55317 first_name_id=7634 second_name_id=20623 current_club_id=Some(1953) name="Iain Langstone"
[squad-in] person_id=55865 first_name_id=12622 second_name_id=20899 current_club_id=Some(1953) name="Hugh McAuley"
[squad-in] person_id=56385 first_name_id=9045 second_name_id=21053 current_club_id=Some(1953) name="Russell Milton"
[squad-in] person_id=56534 first_name_id=7598 second_name_id=21118 current_club_id=Some(1953) name="Carl Muggleton"
[squad-in] person_id=56607 first_name_id=2103 second_name_id=21162 current_club_id=Some(1953) name="Tony Naylor"
[squad-in] person_id=58853 first_name_id=7695 second_name_id=22352 current_club_id=Some(1953) name="Jamie Victory"
[squad-in] person_id=59185 first_name_id=1333 second_name_id=22516 current_club_id=Some(1953) name="Duncan Willetts"
[squad-in] person_id=59300 first_name_id=1088 second_name_id=22603 current_club_id=Some(1953) name="Mark Yates"
[squad] Cheltenham Town (club_id=1953): 33 players
  Richard Walker           SW/D LC  age=29
  Jason White              S C     age=29
  Steve Benbow             GK      age=19
  John Brough              D/F C   age=28
  Dave Bird                M R     age=16
  Richard Kear             S C     age=17
  Iain Langstone           M L     age=?
  Jamie Victory            SW/D/DM LC  age=25
  Chris Banks              SW/D C  age=35
  Richard Jones            M C     age=17
  Steve Jones              D RC    age=30
  Michael Jackson          M RC    age=21
  Keith Hill               D C     age=32
  James Taylor             AM/F C  age=17
  Mike Duff                D/DM R  age=23
  Shane Duff               D C     age=?
  Julian Alsop             S C     age=28
  Steve Book               GK      age=32
  Luke Buttery             D L     age=16
  Luke Corbett             S C     age=17
  Martin Devaney           AM/F LC  age=21
  Neil Grayson             S C     age=36
  Tony Griffin             D/AM R  age=22
  Shane Higgs              GK      age=24
  Gareth Hopkins           S C     age=21
  Neil Howarth             D/DM RC  age=29
  Lee Howells              M/AM RC  age=32
  Hugh McAuley             M/AM/F RC  age=24
  Russell Milton           AM LC   age=32
  Carl Muggleton           GK      age=32
  Tony Naylor              S C     age=34
  Duncan Willetts          S C     age=17
  Mark Yates               DM/M C  age=31
[kit] Cheltenham Town bg=0xe000 fg=0xffff
[squad-in] person_id=45 first_name_id=1824 second_name_id=7 current_club_id=Some(1953) name="Chris Banks"
[squad-in] person_id=522 first_name_id=83 second_name_id=49 current_club_id=Some(1953) name="Richard Jones"
[squad-in] person_id=527 first_name_id=93 second_name_id=49 current_club_id=Some(1953) name="Steve Jones"
[squad-in] person_id=10284 first_name_id=66 second_name_id=3077 current_club_id=Some(1953) name="Michael Jackson"
[squad-in] person_id=11894 first_name_id=83 second_name_id=3544 current_club_id=Some(1953) name="Richard Walker"
[squad-in] person_id=20343 first_name_id=54 second_name_id=6877 current_club_id=Some(1953) name="Keith Hill"
[squad-in] person_id=27486 first_name_id=593 second_name_id=7683 current_club_id=Some(1953) name="James Taylor"
[squad-in] person_id=30961 first_name_id=67 second_name_id=8766 current_club_id=Some(1953) name="Mike Duff"
[squad-in] person_id=30966 first_name_id=2677 second_name_id=8766 current_club_id=Some(1953) name="Shane Duff"
[squad-in] person_id=34354 first_name_id=44 second_name_id=9699 current_club_id=Some(1953) name="Jason White"
[squad-in] person_id=51187 first_name_id=7646 second_name_id=18461 current_club_id=Some(1953) name="Julian Alsop"
[squad-in] person_id=51549 first_name_id=93 second_name_id=18688 current_club_id=Some(1953) name="Steve Benbow"
[squad-in] person_id=51618 first_name_id=20 second_name_id=18742 current_club_id=Some(1953) name="Dave Bird"
[squad-in] person_id=51729 first_name_id=93 second_name_id=18812 current_club_id=Some(1953) name="Steve Book"
[squad-in] person_id=51972 first_name_id=47 second_name_id=18934 current_club_id=Some(1953) name="John Brough"
[squad-in] person_id=52119 first_name_id=12775 second_name_id=19003 current_club_id=Some(1953) name="Luke Buttery"
[squad-in] person_id=52645 first_name_id=12775 second_name_id=19252 current_club_id=Some(1953) name="Luke Corbett"
[squad-in] person_id=53057 first_name_id=64 second_name_id=19458 current_club_id=Some(1953) name="Martin Devaney"
[squad-in] person_id=54134 first_name_id=2596 second_name_id=19965 current_club_id=Some(1953) name="Neil Grayson"
[squad-in] person_id=54173 first_name_id=2103 second_name_id=19989 current_club_id=Some(1953) name="Tony Griffin"
[squad-in] person_id=54553 first_name_id=2677 second_name_id=20219 current_club_id=Some(1953) name="Shane Higgs"
[squad-in] person_id=54710 first_name_id=29 second_name_id=20301 current_club_id=Some(1953) name="Gareth Hopkins"
[squad-in] person_id=54754 first_name_id=2596 second_name_id=20322 current_club_id=Some(1953) name="Neil Howarth"
[squad-in] person_id=54780 first_name_id=59 second_name_id=20326 current_club_id=Some(1953) name="Lee Howells"
[squad-in] person_id=55072 first_name_id=83 second_name_id=20477 current_club_id=Some(1953) name="Richard Kear"
[squad-in] person_id=55317 first_name_id=7634 second_name_id=20623 current_club_id=Some(1953) name="Iain Langstone"
[squad-in] person_id=55865 first_name_id=12622 second_name_id=20899 current_club_id=Some(1953) name="Hugh McAuley"
[squad-in] person_id=56385 first_name_id=9045 second_name_id=21053 current_club_id=Some(1953) name="Russell Milton"
[squad-in] person_id=56534 first_name_id=7598 second_name_id=21118 current_club_id=Some(1953) name="Carl Muggleton"
[squad-in] person_id=56607 first_name_id=2103 second_name_id=21162 current_club_id=Some(1953) name="Tony Naylor"
[squad-in] person_id=58853 first_name_id=7695 second_name_id=22352 current_club_id=Some(1953) name="Jamie Victory"
[squad-in] person_id=59185 first_name_id=1333 second_name_id=22516 current_club_id=Some(1953) name="Duncan Willetts"
[squad-in] person_id=59300 first_name_id=1088 second_name_id=22603 current_club_id=Some(1953) name="Mark Yates"
[squad] Cheltenham Town (club_id=1953): 33 players
  Richard Walker           SW/D LC  age=29
  Jason White              S C     age=29
  Steve Benbow             GK      age=19
  John Brough              D/F C   age=28
  Dave Bird                M R     age=16
  Richard Kear             S C     age=17
  Iain Langstone           M L     age=?
  Jamie Victory            SW/D/DM LC  age=25
  Chris Banks              SW/D C  age=35
  Richard Jones            M C     age=17
  Steve Jones              D RC    age=30
  Michael Jackson          M RC    age=21
  Keith Hill               D C     age=32
  James Taylor             AM/F C  age=17
  Mike Duff                D/DM R  age=23
  Shane Duff               D C     age=?
  Julian Alsop             S C     age=28
  Steve Book               GK      age=32
  Luke Buttery             D L     age=16
  Luke Corbett             S C     age=17
  Martin Devaney           AM/F LC  age=21
  Neil Grayson             S C     age=36
  Tony Griffin             D/AM R  age=22
  Shane Higgs              GK      age=24
  Gareth Hopkins           S C     age=21
  Neil Howarth             D/DM RC  age=29
  Lee Howells              M/AM RC  age=32
  Hugh McAuley             M/AM/F RC  age=24
  Russell Milton           AM LC   age=32
  Carl Muggleton           GK      age=32
  Tony Naylor              S C     age=34
  Duncan Willetts          S C     age=17
  Mark Yates               DM/M C  age=31
[kit] Cheltenham Town bg=0xe000 fg=0xffff
[squad-in] person_id=45 first_name_id=1824 second_name_id=7 current_club_id=Some(1953) name="Chris Banks"
[squad-in] person_id=522 first_name_id=83 second_name_id=49 current_club_id=Some(1953) name="Richard Jones"
[squad-in] person_id=527 first_name_id=93 second_name_id=49 current_club_id=Some(1953) name="Steve Jones"
[squad-in] person_id=10284 first_name_id=66 second_name_id=3077 current_club_id=Some(1953) name="Michael Jackson"
[squad-in] person_id=11894 first_name_id=83 second_name_id=3544 current_club_id=Some(1953) name="Richard Walker"
[squad-in] person_id=20343 first_name_id=54 second_name_id=6877 current_club_id=Some(1953) name="Keith Hill"
[squad-in] person_id=27486 first_name_id=593 second_name_id=7683 current_club_id=Some(1953) name="James Taylor"
[squad-in] person_id=30961 first_name_id=67 second_name_id=8766 current_club_id=Some(1953) name="Mike Duff"
[squad-in] person_id=30966 first_name_id=2677 second_name_id=8766 current_club_id=Some(1953) name="Shane Duff"
[squad-in] person_id=34354 first_name_id=44 second_name_id=9699 current_club_id=Some(1953) name="Jason White"
[squad-in] person_id=51187 first_name_id=7646 second_name_id=18461 current_club_id=Some(1953) name="Julian Alsop"
[squad-in] person_id=51549 first_name_id=93 second_name_id=18688 current_club_id=Some(1953) name="Steve Benbow"
[squad-in] person_id=51618 first_name_id=20 second_name_id=18742 current_club_id=Some(1953) name="Dave Bird"
[squad-in] person_id=51729 first_name_id=93 second_name_id=18812 current_club_id=Some(1953) name="Steve Book"
[squad-in] person_id=51972 first_name_id=47 second_name_id=18934 current_club_id=Some(1953) name="John Brough"
[squad-in] person_id=52119 first_name_id=12775 second_name_id=19003 current_club_id=Some(1953) name="Luke Buttery"
[squad-in] person_id=52645 first_name_id=12775 second_name_id=19252 current_club_id=Some(1953) name="Luke Corbett"
[squad-in] person_id=53057 first_name_id=64 second_name_id=19458 current_club_id=Some(1953) name="Martin Devaney"
[squad-in] person_id=54134 first_name_id=2596 second_name_id=19965 current_club_id=Some(1953) name="Neil Grayson"
[squad-in] person_id=54173 first_name_id=2103 second_name_id=19989 current_club_id=Some(1953) name="Tony Griffin"
[squad-in] person_id=54553 first_name_id=2677 second_name_id=20219 current_club_id=Some(1953) name="Shane Higgs"
[squad-in] person_id=54710 first_name_id=29 second_name_id=20301 current_club_id=Some(1953) name="Gareth Hopkins"
[squad-in] person_id=54754 first_name_id=2596 second_name_id=20322 current_club_id=Some(1953) name="Neil Howarth"
[squad-in] person_id=54780 first_name_id=59 second_name_id=20326 current_club_id=Some(1953) name="Lee Howells"
[squad-in] person_id=55072 first_name_id=83 second_name_id=20477 current_club_id=Some(1953) name="Richard Kear"
[squad-in] person_id=55317 first_name_id=7634 second_name_id=20623 current_club_id=Some(1953) name="Iain Langstone"
[squad-in] person_id=55865 first_name_id=12622 second_name_id=20899 current_club_id=Some(1953) name="Hugh McAuley"
[squad-in] person_id=56385 first_name_id=9045 second_name_id=21053 current_club_id=Some(1953) name="Russell Milton"
[squad-in] person_id=56534 first_name_id=7598 second_name_id=21118 current_club_id=Some(1953) name="Carl Muggleton"
[squad-in] person_id=56607 first_name_id=2103 second_name_id=21162 current_club_id=Some(1953) name="Tony Naylor"
[squad-in] person_id=58853 first_name_id=7695 second_name_id=22352 current_club_id=Some(1953) name="Jamie Victory"
[squad-in] person_id=59185 first_name_id=1333 second_name_id=22516 current_club_id=Some(1953) name="Duncan Willetts"
[squad-in] person_id=59300 first_name_id=1088 second_name_id=22603 current_club_id=Some(1953) name="Mark Yates"
[squad] Cheltenham Town (club_id=1953): 33 players
  Richard Walker           SW/D LC  age=29
  Jason White              S C     age=29
  Steve Benbow             GK      age=19
  John Brough              D/F C   age=28
  Dave Bird                M R     age=16
  Richard Kear             S C     age=17
  Iain Langstone           M L     age=?
  Jamie Victory            SW/D/DM LC  age=25
  Chris Banks              SW/D C  age=35
  Richard Jones            M C     age=17
  Steve Jones              D RC    age=30
  Michael Jackson          M RC    age=21
  Keith Hill               D C     age=32
  James Taylor             AM/F C  age=17
  Mike Duff                D/DM R  age=23
  Shane Duff               D C     age=?
  Julian Alsop             S C     age=28
  Steve Book               GK      age=32
  Luke Buttery             D L     age=16
  Luke Corbett             S C     age=17
  Martin Devaney           AM/F LC  age=21
  Neil Grayson             S C     age=36
  Tony Griffin             D/AM R  age=22
  Shane Higgs              GK      age=24
  Gareth Hopkins           S C     age=21
  Neil Howarth             D/DM RC  age=29
  Lee Howells              M/AM RC  age=32
  Hugh McAuley             M/AM/F RC  age=24
  Russell Milton           AM LC   age=32
  Carl Muggleton           GK      age=32
  Tony Naylor              S C     age=34
  Duncan Willetts          S C     age=17
  Mark Yates               DM/M C  age=31
[kit] Cheltenham Town bg=0xe000 fg=0xffff
[squad-in] person_id=45 first_name_id=1824 second_name_id=7 current_club_id=Some(1953) name="Chris Banks"
[squad-in] person_id=522 first_name_id=83 second_name_id=49 current_club_id=Some(1953) name="Richard Jones"
[squad-in] person_id=527 first_name_id=93 second_name_id=49 current_club_id=Some(1953) name="Steve Jones"
[squad-in] person_id=10284 first_name_id=66 second_name_id=3077 current_club_id=Some(1953) name="Michael Jackson"
[squad-in] person_id=11894 first_name_id=83 second_name_id=3544 current_club_id=Some(1953) name="Richard Walker"
[squad-in] person_id=20343 first_name_id=54 second_name_id=6877 current_club_id=Some(1953) name="Keith Hill"
[squad-in] person_id=27486 first_name_id=593 second_name_id=7683 current_club_id=Some(1953) name="James Taylor"
[squad-in] person_id=30961 first_name_id=67 second_name_id=8766 current_club_id=Some(1953) name="Mike Duff"
[squad-in] person_id=30966 first_name_id=2677 second_name_id=8766 current_club_id=Some(1953) name="Shane Duff"
[squad-in] person_id=34354 first_name_id=44 second_name_id=9699 current_club_id=Some(1953) name="Jason White"
[squad-in] person_id=51187 first_name_id=7646 second_name_id=18461 current_club_id=Some(1953) name="Julian Alsop"
[squad-in] person_id=51549 first_name_id=93 second_name_id=18688 current_club_id=Some(1953) name="Steve Benbow"
[squad-in] person_id=51618 first_name_id=20 second_name_id=18742 current_club_id=Some(1953) name="Dave Bird"
[squad-in] person_id=51729 first_name_id=93 second_name_id=18812 current_club_id=Some(1953) name="Steve Book"
[squad-in] person_id=51972 first_name_id=47 second_name_id=18934 current_club_id=Some(1953) name="John Brough"
[squad-in] person_id=52119 first_name_id=12775 second_name_id=19003 current_club_id=Some(1953) name="Luke Buttery"
[squad-in] person_id=52645 first_name_id=12775 second_name_id=19252 current_club_id=Some(1953) name="Luke Corbett"
[squad-in] person_id=53057 first_name_id=64 second_name_id=19458 current_club_id=Some(1953) name="Martin Devaney"
[squad-in] person_id=54134 first_name_id=2596 second_name_id=19965 current_club_id=Some(1953) name="Neil Grayson"
[squad-in] person_id=54173 first_name_id=2103 second_name_id=19989 current_club_id=Some(1953) name="Tony Griffin"
[squad-in] person_id=54553 first_name_id=2677 second_name_id=20219 current_club_id=Some(1953) name="Shane Higgs"
[squad-in] person_id=54710 first_name_id=29 second_name_id=20301 current_club_id=Some(1953) name="Gareth Hopkins"
[squad-in] person_id=54754 first_name_id=2596 second_name_id=20322 current_club_id=Some(1953) name="Neil Howarth"
[squad-in] person_id=54780 first_name_id=59 second_name_id=20326 current_club_id=Some(1953) name="Lee Howells"
[squad-in] person_id=55072 first_name_id=83 second_name_id=20477 current_club_id=Some(1953) name="Richard Kear"
[squad-in] person_id=55317 first_name_id=7634 second_name_id=20623 current_club_id=Some(1953) name="Iain Langstone"
[squad-in] person_id=55865 first_name_id=12622 second_name_id=20899 current_club_id=Some(1953) name="Hugh McAuley"
[squad-in] person_id=56385 first_name_id=9045 second_name_id=21053 current_club_id=Some(1953) name="Russell Milton"
[squad-in] person_id=56534 first_name_id=7598 second_name_id=21118 current_club_id=Some(1953) name="Carl Muggleton"
[squad-in] person_id=56607 first_name_id=2103 second_name_id=21162 current_club_id=Some(1953) name="Tony Naylor"
[squad-in] person_id=58853 first_name_id=7695 second_name_id=22352 current_club_id=Some(1953) name="Jamie Victory"
[squad-in] person_id=59185 first_name_id=1333 second_name_id=22516 current_club_id=Some(1953) name="Duncan Willetts"
[squad-in] person_id=59300 first_name_id=1088 second_name_id=22603 current_club_id=Some(1953) name="Mark Yates"
[squad] Cheltenham Town (club_id=1953): 33 players
  Richard Walker           SW/D LC  age=29
  Jason White              S C     age=29
  Steve Benbow             GK      age=19
  John Brough              D/F C   age=28
  Dave Bird                M R     age=16
  Richard Kear             S C     age=17
  Iain Langstone           M L     age=?
  Jamie Victory            SW/D/DM LC  age=25
  Chris Banks              SW/D C  age=35
  Richard Jones            M C     age=17
  Steve Jones              D RC    age=30
  Michael Jackson          M RC    age=21
  Keith Hill               D C     age=32
  James Taylor             AM/F C  age=17
  Mike Duff                D/DM R  age=23
  Shane Duff               D C     age=?
  Julian Alsop             S C     age=28
  Steve Book               GK      age=32
  Luke Buttery             D L     age=16
  Luke Corbett             S C     age=17
  Martin Devaney           AM/F LC  age=21
  Neil Grayson             S C     age=36
  Tony Griffin             D/AM R  age=22
  Shane Higgs              GK      age=24
  Gareth Hopkins           S C     age=21
  Neil Howarth             D/DM RC  age=29
  Lee Howells              M/AM RC  age=32
  Hugh McAuley             M/AM/F RC  age=24
  Russell Milton           AM LC   age=32
  Carl Muggleton           GK      age=32
  Tony Naylor              S C     age=34
  Duncan Willetts          S C     age=17
  Mark Yates               DM/M C  age=31
[kit] Cheltenham Town bg=0xe000 fg=0xffff
[squad-in] person_id=45 first_name_id=1824 second_name_id=7 current_club_id=Some(1953) name="Chris Banks"
[squad-in] person_id=522 first_name_id=83 second_name_id=49 current_club_id=Some(1953) name="Richard Jones"
[squad-in] person_id=527 first_name_id=93 second_name_id=49 current_club_id=Some(1953) name="Steve Jones"
[squad-in] person_id=10284 first_name_id=66 second_name_id=3077 current_club_id=Some(1953) name="Michael Jackson"
[squad-in] person_id=11894 first_name_id=83 second_name_id=3544 current_club_id=Some(1953) name="Richard Walker"
[squad-in] person_id=20343 first_name_id=54 second_name_id=6877 current_club_id=Some(1953) name="Keith Hill"
[squad-in] person_id=27486 first_name_id=593 second_name_id=7683 current_club_id=Some(1953) name="James Taylor"
[squad-in] person_id=30961 first_name_id=67 second_name_id=8766 current_club_id=Some(1953) name="Mike Duff"
[squad-in] person_id=30966 first_name_id=2677 second_name_id=8766 current_club_id=Some(1953) name="Shane Duff"
[squad-in] person_id=34354 first_name_id=44 second_name_id=9699 current_club_id=Some(1953) name="Jason White"
[squad-in] person_id=51187 first_name_id=7646 second_name_id=18461 current_club_id=Some(1953) name="Julian Alsop"
[squad-in] person_id=51549 first_name_id=93 second_name_id=18688 current_club_id=Some(1953) name="Steve Benbow"
[squad-in] person_id=51618 first_name_id=20 second_name_id=18742 current_club_id=Some(1953) name="Dave Bird"
[squad-in] person_id=51729 first_name_id=93 second_name_id=18812 current_club_id=Some(1953) name="Steve Book"
[squad-in] person_id=51972 first_name_id=47 second_name_id=18934 current_club_id=Some(1953) name="John Brough"
[squad-in] person_id=52119 first_name_id=12775 second_name_id=19003 current_club_id=Some(1953) name="Luke Buttery"
[squad-in] person_id=52645 first_name_id=12775 second_name_id=19252 current_club_id=Some(1953) name="Luke Corbett"
[squad-in] person_id=53057 first_name_id=64 second_name_id=19458 current_club_id=Some(1953) name="Martin Devaney"
[squad-in] person_id=54134 first_name_id=2596 second_name_id=19965 current_club_id=Some(1953) name="Neil Grayson"
[squad-in] person_id=54173 first_name_id=2103 second_name_id=19989 current_club_id=Some(1953) name="Tony Griffin"
[squad-in] person_id=54553 first_name_id=2677 second_name_id=20219 current_club_id=Some(1953) name="Shane Higgs"
[squad-in] person_id=54710 first_name_id=29 second_name_id=20301 current_club_id=Some(1953) name="Gareth Hopkins"
[squad-in] person_id=54754 first_name_id=2596 second_name_id=20322 current_club_id=Some(1953) name="Neil Howarth"
[squad-in] person_id=54780 first_name_id=59 second_name_id=20326 current_club_id=Some(1953) name="Lee Howells"
[squad-in] person_id=55072 first_name_id=83 second_name_id=20477 current_club_id=Some(1953) name="Richard Kear"
[squad-in] person_id=55317 first_name_id=7634 second_name_id=20623 current_club_id=Some(1953) name="Iain Langstone"
[squad-in] person_id=55865 first_name_id=12622 second_name_id=20899 current_club_id=Some(1953) name="Hugh McAuley"
[squad-in] person_id=56385 first_name_id=9045 second_name_id=21053 current_club_id=Some(1953) name="Russell Milton"
[squad-in] person_id=56534 first_name_id=7598 second_name_id=21118 current_club_id=Some(1953) name="Carl Muggleton"
[squad-in] person_id=56607 first_name_id=2103 second_name_id=21162 current_club_id=Some(1953) name="Tony Naylor"
[squad-in] person_id=58853 first_name_id=7695 second_name_id=22352 current_club_id=Some(1953) name="Jamie Victory"
[squad-in] person_id=59185 first_name_id=1333 second_name_id=22516 current_club_id=Some(1953) name="Duncan Willetts"
[squad-in] person_id=59300 first_name_id=1088 second_name_id=22603 current_club_id=Some(1953) name="Mark Yates"
[squad] Cheltenham Town (club_id=1953): 33 players
  Richard Walker           SW/D LC  age=29
  Jason White              S C     age=29
  Steve Benbow             GK      age=19
  John Brough              D/F C   age=28
  Dave Bird                M R     age=16
  Richard Kear             S C     age=17
  Iain Langstone           M L     age=?
  Jamie Victory            SW/D/DM LC  age=25
  Chris Banks              SW/D C  age=35
  Richard Jones            M C     age=17
  Steve Jones              D RC    age=30
  Michael Jackson          M RC    age=21
  Keith Hill               D C     age=32
  James Taylor             AM/F C  age=17
  Mike Duff                D/DM R  age=23
  Shane Duff               D C     age=?
  Julian Alsop             S C     age=28
  Steve Book               GK      age=32
  Luke Buttery             D L     age=16
  Luke Corbett             S C     age=17
  Martin Devaney           AM/F LC  age=21
  Neil Grayson             S C     age=36
  Tony Griffin             D/AM R  age=22
  Shane Higgs              GK      age=24
  Gareth Hopkins           S C     age=21
  Neil Howarth             D/DM RC  age=29
  Lee Howells              M/AM RC  age=32
  Hugh McAuley             M/AM/F RC  age=24
  Russell Milton           AM LC   age=32
  Carl Muggleton           GK      age=32
  Tony Naylor              S C     age=34
  Duncan Willetts          S C     age=17
  Mark Yates               DM/M C  age=31
[kit] Cheltenham Town bg=0xe000 fg=0xffff
[squad-in] person_id=45 first_name_id=1824 second_name_id=7 current_club_id=Some(1953) name="Chris Banks"
[squad-in] person_id=522 first_name_id=83 second_name_id=49 current_club_id=Some(1953) name="Richard Jones"
[squad-in] person_id=527 first_name_id=93 second_name_id=49 current_club_id=Some(1953) name="Steve Jones"
[squad-in] person_id=10284 first_name_id=66 second_name_id=3077 current_club_id=Some(1953) name="Michael Jackson"
[squad-in] person_id=11894 first_name_id=83 second_name_id=3544 current_club_id=Some(1953) name="Richard Walker"
[squad-in] person_id=20343 first_name_id=54 second_name_id=6877 current_club_id=Some(1953) name="Keith Hill"
[squad-in] person_id=27486 first_name_id=593 second_name_id=7683 current_club_id=Some(1953) name="James Taylor"
[squad-in] person_id=30961 first_name_id=67 second_name_id=8766 current_club_id=Some(1953) name="Mike Duff"
[squad-in] person_id=30966 first_name_id=2677 second_name_id=8766 current_club_id=Some(1953) name="Shane Duff"
[squad-in] person_id=34354 first_name_id=44 second_name_id=9699 current_club_id=Some(1953) name="Jason White"
[squad-in] person_id=51187 first_name_id=7646 second_name_id=18461 current_club_id=Some(1953) name="Julian Alsop"
[squad-in] person_id=51549 first_name_id=93 second_name_id=18688 current_club_id=Some(1953) name="Steve Benbow"
[squad-in] person_id=51618 first_name_id=20 second_name_id=18742 current_club_id=Some(1953) name="Dave Bird"
[squad-in] person_id=51729 first_name_id=93 second_name_id=18812 current_club_id=Some(1953) name="Steve Book"
[squad-in] person_id=51972 first_name_id=47 second_name_id=18934 current_club_id=Some(1953) name="John Brough"
[squad-in] person_id=52119 first_name_id=12775 second_name_id=19003 current_club_id=Some(1953) name="Luke Buttery"
[squad-in] person_id=52645 first_name_id=12775 second_name_id=19252 current_club_id=Some(1953) name="Luke Corbett"
[squad-in] person_id=53057 first_name_id=64 second_name_id=19458 current_club_id=Some(1953) name="Martin Devaney"
[squad-in] person_id=54134 first_name_id=2596 second_name_id=19965 current_club_id=Some(1953) name="Neil Grayson"
[squad-in] person_id=54173 first_name_id=2103 second_name_id=19989 current_club_id=Some(1953) name="Tony Griffin"
[squad-in] person_id=54553 first_name_id=2677 second_name_id=20219 current_club_id=Some(1953) name="Shane Higgs"
[squad-in] person_id=54710 first_name_id=29 second_name_id=20301 current_club_id=Some(1953) name="Gareth Hopkins"
[squad-in] person_id=54754 first_name_id=2596 second_name_id=20322 current_club_id=Some(1953) name="Neil Howarth"
[squad-in] person_id=54780 first_name_id=59 second_name_id=20326 current_club_id=Some(1953) name="Lee Howells"
[squad-in] person_id=55072 first_name_id=83 second_name_id=20477 current_club_id=Some(1953) name="Richard Kear"
[squad-in] person_id=55317 first_name_id=7634 second_name_id=20623 current_club_id=Some(1953) name="Iain Langstone"
[squad-in] person_id=55865 first_name_id=12622 second_name_id=20899 current_club_id=Some(1953) name="Hugh McAuley"
[squad-in] person_id=56385 first_name_id=9045 second_name_id=21053 current_club_id=Some(1953) name="Russell Milton"
[squad-in] person_id=56534 first_name_id=7598 second_name_id=21118 current_club_id=Some(1953) name="Carl Muggleton"
[squad-in] person_id=56607 first_name_id=2103 second_name_id=21162 current_club_id=Some(1953) name="Tony Naylor"
[squad-in] person_id=58853 first_name_id=7695 second_name_id=22352 current_club_id=Some(1953) name="Jamie Victory"
[squad-in] person_id=59185 first_name_id=1333 second_name_id=22516 current_club_id=Some(1953) name="Duncan Willetts"
[squad-in] person_id=59300 first_name_id=1088 second_name_id=22603 current_club_id=Some(1953) name="Mark Yates"
[squad] Cheltenham Town (club_id=1953): 33 players
  Richard Walker           SW/D LC  age=29
  Jason White              S C     age=29
  Steve Benbow             GK      age=19
  John Brough              D/F C   age=28
  Dave Bird                M R     age=16
  Richard Kear             S C     age=17
  Iain Langstone           M L     age=?
  Jamie Victory            SW/D/DM LC  age=25
  Chris Banks              SW/D C  age=35
  Richard Jones            M C     age=17
  Steve Jones              D RC    age=30
  Michael Jackson          M RC    age=21
  Keith Hill               D C     age=32
  James Taylor             AM/F C  age=17
  Mike Duff                D/DM R  age=23
  Shane Duff               D C     age=?
  Julian Alsop             S C     age=28
  Steve Book               GK      age=32
  Luke Buttery             D L     age=16
  Luke Corbett             S C     age=17
  Martin Devaney           AM/F LC  age=21
  Neil Grayson             S C     age=36
  Tony Griffin             D/AM R  age=22
  Shane Higgs              GK      age=24
  Gareth Hopkins           S C     age=21
  Neil Howarth             D/DM RC  age=29
  Lee Howells              M/AM RC  age=32
  Hugh McAuley             M/AM/F RC  age=24
  Russell Milton           AM LC   age=32
  Carl Muggleton           GK      age=32
  Tony Naylor              S C     age=34
  Duncan Willetts          S C     age=17
  Mark Yates               DM/M C  age=31
[kit] Cheltenham Town bg=0xe000 fg=0xffff
[squad-in] person_id=45 first_name_id=1824 second_name_id=7 current_club_id=Some(1953) name="Chris Banks"
[squad-in] person_id=522 first_name_id=83 second_name_id=49 current_club_id=Some(1953) name="Richard Jones"
[squad-in] person_id=527 first_name_id=93 second_name_id=49 current_club_id=Some(1953) name="Steve Jones"
[squad-in] person_id=10284 first_name_id=66 second_name_id=3077 current_club_id=Some(1953) name="Michael Jackson"
[squad-in] person_id=11894 first_name_id=83 second_name_id=3544 current_club_id=Some(1953) name="Richard Walker"
[squad-in] person_id=20343 first_name_id=54 second_name_id=6877 current_club_id=Some(1953) name="Keith Hill"
[squad-in] person_id=27486 first_name_id=593 second_name_id=7683 current_club_id=Some(1953) name="James Taylor"
[squad-in] person_id=30961 first_name_id=67 second_name_id=8766 current_club_id=Some(1953) name="Mike Duff"
[squad-in] person_id=30966 first_name_id=2677 second_name_id=8766 current_club_id=Some(1953) name="Shane Duff"
[squad-in] person_id=34354 first_name_id=44 second_name_id=9699 current_club_id=Some(1953) name="Jason White"
[squad-in] person_id=51187 first_name_id=7646 second_name_id=18461 current_club_id=Some(1953) name="Julian Alsop"
[squad-in] person_id=51549 first_name_id=93 second_name_id=18688 current_club_id=Some(1953) name="Steve Benbow"
[squad-in] person_id=51618 first_name_id=20 second_name_id=18742 current_club_id=Some(1953) name="Dave Bird"
[squad-in] person_id=51729 first_name_id=93 second_name_id=18812 current_club_id=Some(1953) name="Steve Book"
[squad-in] person_id=51972 first_name_id=47 second_name_id=18934 current_club_id=Some(1953) name="John Brough"
[squad-in] person_id=52119 first_name_id=12775 second_name_id=19003 current_club_id=Some(1953) name="Luke Buttery"
[squad-in] person_id=52645 first_name_id=12775 second_name_id=19252 current_club_id=Some(1953) name="Luke Corbett"
[squad-in] person_id=53057 first_name_id=64 second_name_id=19458 current_club_id=Some(1953) name="Martin Devaney"
[squad-in] person_id=54134 first_name_id=2596 second_name_id=19965 current_club_id=Some(1953) name="Neil Grayson"
[squad-in] person_id=54173 first_name_id=2103 second_name_id=19989 current_club_id=Some(1953) name="Tony Griffin"
[squad-in] person_id=54553 first_name_id=2677 second_name_id=20219 current_club_id=Some(1953) name="Shane Higgs"
[squad-in] person_id=54710 first_name_id=29 second_name_id=20301 current_club_id=Some(1953) name="Gareth Hopkins"
[squad-in] person_id=54754 first_name_id=2596 second_name_id=20322 current_club_id=Some(1953) name="Neil Howarth"
[squad-in] person_id=54780 first_name_id=59 second_name_id=20326 current_club_id=Some(1953) name="Lee Howells"
[squad-in] person_id=55072 first_name_id=83 second_name_id=20477 current_club_id=Some(1953) name="Richard Kear"
[squad-in] person_id=55317 first_name_id=7634 second_name_id=20623 current_club_id=Some(1953) name="Iain Langstone"
[squad-in] person_id=55865 first_name_id=12622 second_name_id=20899 current_club_id=Some(1953) name="Hugh McAuley"
[squad-in] person_id=56385 first_name_id=9045 second_name_id=21053 current_club_id=Some(1953) name="Russell Milton"
[squad-in] person_id=56534 first_name_id=7598 second_name_id=21118 current_club_id=Some(1953) name="Carl Muggleton"
[squad-in] person_id=56607 first_name_id=2103 second_name_id=21162 current_club_id=Some(1953) name="Tony Naylor"
[squad-in] person_id=58853 first_name_id=7695 second_name_id=22352 current_club_id=Some(1953) name="Jamie Victory"
[squad-in] person_id=59185 first_name_id=1333 second_name_id=22516 current_club_id=Some(1953) name="Duncan Willetts"
[squad-in] person_id=59300 first_name_id=1088 second_name_id=22603 current_club_id=Some(1953) name="Mark Yates"
[squad] Cheltenham Town (club_id=1953): 33 players
  Richard Walker           SW/D LC  age=29
  Jason White              S C     age=29
  Steve Benbow             GK      age=19
  John Brough              D/F C   age=28
  Dave Bird                M R     age=16
  Richard Kear             S C     age=17
  Iain Langstone           M L     age=?
  Jamie Victory            SW/D/DM LC  age=25
  Chris Banks              SW/D C  age=35
  Richard Jones            M C     age=17
  Steve Jones              D RC    age=30
  Michael Jackson          M RC    age=21
  Keith Hill               D C     age=32
  James Taylor             AM/F C  age=17
  Mike Duff                D/DM R  age=23
  Shane Duff               D C     age=?
  Julian Alsop             S C     age=28
  Steve Book               GK      age=32
  Luke Buttery             D L     age=16
  Luke Corbett             S C     age=17
  Martin Devaney           AM/F LC  age=21
  Neil Grayson             S C     age=36
  Tony Griffin             D/AM R  age=22
  Shane Higgs              GK      age=24
  Gareth Hopkins           S C     age=21
  Neil Howarth             D/DM RC  age=29
  Lee Howells              M/AM RC  age=32
  Hugh McAuley             M/AM/F RC  age=24
  Russell Milton           AM LC   age=32
  Carl Muggleton           GK      age=32
  Tony Naylor              S C     age=34
  Duncan Willetts          S C     age=17
  Mark Yates               DM/M C  age=31
[kit] Cheltenham Town bg=0xe000 fg=0xffff
[squad-in] person_id=45 first_name_id=1824 second_name_id=7 current_club_id=Some(1953) name="Chris Banks"
[squad-in] person_id=522 first_name_id=83 second_name_id=49 current_club_id=Some(1953) name="Richard Jones"
[squad-in] person_id=527 first_name_id=93 second_name_id=49 current_club_id=Some(1953) name="Steve Jones"
[squad-in] person_id=10284 first_name_id=66 second_name_id=3077 current_club_id=Some(1953) name="Michael Jackson"
[squad-in] person_id=11894 first_name_id=83 second_name_id=3544 current_club_id=Some(1953) name="Richard Walker"
[squad-in] person_id=20343 first_name_id=54 second_name_id=6877 current_club_id=Some(1953) name="Keith Hill"
[squad-in] person_id=27486 first_name_id=593 second_name_id=7683 current_club_id=Some(1953) name="James Taylor"
[squad-in] person_id=30961 first_name_id=67 second_name_id=8766 current_club_id=Some(1953) name="Mike Duff"
[squad-in] person_id=30966 first_name_id=2677 second_name_id=8766 current_club_id=Some(1953) name="Shane Duff"
[squad-in] person_id=34354 first_name_id=44 second_name_id=9699 current_club_id=Some(1953) name="Jason White"
[squad-in] person_id=51187 first_name_id=7646 second_name_id=18461 current_club_id=Some(1953) name="Julian Alsop"
[squad-in] person_id=51549 first_name_id=93 second_name_id=18688 current_club_id=Some(1953) name="Steve Benbow"
[squad-in] person_id=51618 first_name_id=20 second_name_id=18742 current_club_id=Some(1953) name="Dave Bird"
[squad-in] person_id=51729 first_name_id=93 second_name_id=18812 current_club_id=Some(1953) name="Steve Book"
[squad-in] person_id=51972 first_name_id=47 second_name_id=18934 current_club_id=Some(1953) name="John Brough"
[squad-in] person_id=52119 first_name_id=12775 second_name_id=19003 current_club_id=Some(1953) name="Luke Buttery"
[squad-in] person_id=52645 first_name_id=12775 second_name_id=19252 current_club_id=Some(1953) name="Luke Corbett"
[squad-in] person_id=53057 first_name_id=64 second_name_id=19458 current_club_id=Some(1953) name="Martin Devaney"
[squad-in] person_id=54134 first_name_id=2596 second_name_id=19965 current_club_id=Some(1953) name="Neil Grayson"
[squad-in] person_id=54173 first_name_id=2103 second_name_id=19989 current_club_id=Some(1953) name="Tony Griffin"
[squad-in] person_id=54553 first_name_id=2677 second_name_id=20219 current_club_id=Some(1953) name="Shane Higgs"
[squad-in] person_id=54710 first_name_id=29 second_name_id=20301 current_club_id=Some(1953) name="Gareth Hopkins"
[squad-in] person_id=54754 first_name_id=2596 second_name_id=20322 current_club_id=Some(1953) name="Neil Howarth"
[squad-in] person_id=54780 first_name_id=59 second_name_id=20326 current_club_id=Some(1953) name="Lee Howells"
[squad-in] person_id=55072 first_name_id=83 second_name_id=20477 current_club_id=Some(1953) name="Richard Kear"
[squad-in] person_id=55317 first_name_id=7634 second_name_id=20623 current_club_id=Some(1953) name="Iain Langstone"
[squad-in] person_id=55865 first_name_id=12622 second_name_id=20899 current_club_id=Some(1953) name="Hugh McAuley"
[squad-in] person_id=56385 first_name_id=9045 second_name_id=21053 current_club_id=Some(1953) name="Russell Milton"
[squad-in] person_id=56534 first_name_id=7598 second_name_id=21118 current_club_id=Some(1953) name="Carl Muggleton"
[squad-in] person_id=56607 first_name_id=2103 second_name_id=21162 current_club_id=Some(1953) name="Tony Naylor"
[squad-in] person_id=58853 first_name_id=7695 second_name_id=22352 current_club_id=Some(1953) name="Jamie Victory"
[squad-in] person_id=59185 first_name_id=1333 second_name_id=22516 current_club_id=Some(1953) name="Duncan Willetts"
[squad-in] person_id=59300 first_name_id=1088 second_name_id=22603 current_club_id=Some(1953) name="Mark Yates"
[squad] Cheltenham Town (club_id=1953): 33 players
  Richard Walker           SW/D LC  age=29
  Jason White              S C     age=29
  Steve Benbow             GK      age=19
  John Brough              D/F C   age=28
  Dave Bird                M R     age=16
  Richard Kear             S C     age=17
  Iain Langstone           M L     age=?
  Jamie Victory            SW/D/DM LC  age=25
  Chris Banks              SW/D C  age=35
  Richard Jones            M C     age=17
  Steve Jones              D RC    age=30
  Michael Jackson          M RC    age=21
  Keith Hill               D C     age=32
  James Taylor             AM/F C  age=17
  Mike Duff                D/DM R  age=23
  Shane Duff               D C     age=?
  Julian Alsop             S C     age=28
  Steve Book               GK      age=32
  Luke Buttery             D L     age=16
  Luke Corbett             S C     age=17
  Martin Devaney           AM/F LC  age=21
  Neil Grayson             S C     age=36
  Tony Griffin             D/AM R  age=22
  Shane Higgs              GK      age=24
  Gareth Hopkins           S C     age=21
  Neil Howarth             D/DM RC  age=29
  Lee Howells              M/AM RC  age=32
  Hugh McAuley             M/AM/F RC  age=24
  Russell Milton           AM LC   age=32
  Carl Muggleton           GK      age=32
  Tony Naylor              S C     age=34
  Duncan Willetts          S C     age=17
  Mark Yates               DM/M C  age=31
[kit] Cheltenham Town bg=0xe000 fg=0xffff
[squad-in] person_id=45 first_name_id=1824 second_name_id=7 current_club_id=Some(1953) name="Chris Banks"
[squad-in] person_id=522 first_name_id=83 second_name_id=49 current_club_id=Some(1953) name="Richard Jones"
[squad-in] person_id=527 first_name_id=93 second_name_id=49 current_club_id=Some(1953) name="Steve Jones"
[squad-in] person_id=10284 first_name_id=66 second_name_id=3077 current_club_id=Some(1953) name="Michael Jackson"
[squad-in] person_id=11894 first_name_id=83 second_name_id=3544 current_club_id=Some(1953) name="Richard Walker"
[squad-in] person_id=20343 first_name_id=54 second_name_id=6877 current_club_id=Some(1953) name="Keith Hill"
[squad-in] person_id=27486 first_name_id=593 second_name_id=7683 current_club_id=Some(1953) name="James Taylor"
[squad-in] person_id=30961 first_name_id=67 second_name_id=8766 current_club_id=Some(1953) name="Mike Duff"
[squad-in] person_id=30966 first_name_id=2677 second_name_id=8766 current_club_id=Some(1953) name="Shane Duff"
[squad-in] person_id=34354 first_name_id=44 second_name_id=9699 current_club_id=Some(1953) name="Jason White"
[squad-in] person_id=51187 first_name_id=7646 second_name_id=18461 current_club_id=Some(1953) name="Julian Alsop"
[squad-in] person_id=51549 first_name_id=93 second_name_id=18688 current_club_id=Some(1953) name="Steve Benbow"
[squad-in] person_id=51618 first_name_id=20 second_name_id=18742 current_club_id=Some(1953) name="Dave Bird"
[squad-in] person_id=51729 first_name_id=93 second_name_id=18812 current_club_id=Some(1953) name="Steve Book"
[squad-in] person_id=51972 first_name_id=47 second_name_id=18934 current_club_id=Some(1953) name="John Brough"
[squad-in] person_id=52119 first_name_id=12775 second_name_id=19003 current_club_id=Some(1953) name="Luke Buttery"
[squad-in] person_id=52645 first_name_id=12775 second_name_id=19252 current_club_id=Some(1953) name="Luke Corbett"
[squad-in] person_id=53057 first_name_id=64 second_name_id=19458 current_club_id=Some(1953) name="Martin Devaney"
[squad-in] person_id=54134 first_name_id=2596 second_name_id=19965 current_club_id=Some(1953) name="Neil Grayson"
[squad-in] person_id=54173 first_name_id=2103 second_name_id=19989 current_club_id=Some(1953) name="Tony Griffin"
[squad-in] person_id=54553 first_name_id=2677 second_name_id=20219 current_club_id=Some(1953) name="Shane Higgs"
[squad-in] person_id=54710 first_name_id=29 second_name_id=20301 current_club_id=Some(1953) name="Gareth Hopkins"
[squad-in] person_id=54754 first_name_id=2596 second_name_id=20322 current_club_id=Some(1953) name="Neil Howarth"
[squad-in] person_id=54780 first_name_id=59 second_name_id=20326 current_club_id=Some(1953) name="Lee Howells"
[squad-in] person_id=55072 first_name_id=83 second_name_id=20477 current_club_id=Some(1953) name="Richard Kear"
[squad-in] person_id=55317 first_name_id=7634 second_name_id=20623 current_club_id=Some(1953) name="Iain Langstone"
[squad-in] person_id=55865 first_name_id=12622 second_name_id=20899 current_club_id=Some(1953) name="Hugh McAuley"
[squad-in] person_id=56385 first_name_id=9045 second_name_id=21053 current_club_id=Some(1953) name="Russell Milton"
[squad-in] person_id=56534 first_name_id=7598 second_name_id=21118 current_club_id=Some(1953) name="Carl Muggleton"
[squad-in] person_id=56607 first_name_id=2103 second_name_id=21162 current_club_id=Some(1953) name="Tony Naylor"
[squad-in] person_id=58853 first_name_id=7695 second_name_id=22352 current_club_id=Some(1953) name="Jamie Victory"
[squad-in] person_id=59185 first_name_id=1333 second_name_id=22516 current_club_id=Some(1953) name="Duncan Willetts"
[squad-in] person_id=59300 first_name_id=1088 second_name_id=22603 current_club_id=Some(1953) name="Mark Yates"
[squad] Cheltenham Town (club_id=1953): 33 players
  Richard Walker           SW/D LC  age=29
  Jason White              S C     age=29
  Steve Benbow             GK      age=19
  John Brough              D/F C   age=28
  Dave Bird                M R     age=16
  Richard Kear             S C     age=17
  Iain Langstone           M L     age=?
  Jamie Victory            SW/D/DM LC  age=25
  Chris Banks              SW/D C  age=35
  Richard Jones            M C     age=17
  Steve Jones              D RC    age=30
  Michael Jackson          M RC    age=21
  Keith Hill               D C     age=32
  James Taylor             AM/F C  age=17
  Mike Duff                D/DM R  age=23
  Shane Duff               D C     age=?
  Julian Alsop             S C     age=28
  Steve Book               GK      age=32
  Luke Buttery             D L     age=16
  Luke Corbett             S C     age=17
  Martin Devaney           AM/F LC  age=21
  Neil Grayson             S C     age=36
  Tony Griffin             D/AM R  age=22
  Shane Higgs              GK      age=24
  Gareth Hopkins           S C     age=21
  Neil Howarth             D/DM RC  age=29
  Lee Howells              M/AM RC  age=32
  Hugh McAuley             M/AM/F RC  age=24
  Russell Milton           AM LC   age=32
  Carl Muggleton           GK      age=32
  Tony Naylor              S C     age=34
  Duncan Willetts          S C     age=17
  Mark Yates               DM/M C  age=31
[kit] Cheltenham Town bg=0xe000 fg=0xffff
[squad-in] person_id=45 first_name_id=1824 second_name_id=7 current_club_id=Some(1953) name="Chris Banks"
[squad-in] person_id=522 first_name_id=83 second_name_id=49 current_club_id=Some(1953) name="Richard Jones"
[squad-in] person_id=527 first_name_id=93 second_name_id=49 current_club_id=Some(1953) name="Steve Jones"
[squad-in] person_id=10284 first_name_id=66 second_name_id=3077 current_club_id=Some(1953) name="Michael Jackson"
[squad-in] person_id=11894 first_name_id=83 second_name_id=3544 current_club_id=Some(1953) name="Richard Walker"
[squad-in] person_id=20343 first_name_id=54 second_name_id=6877 current_club_id=Some(1953) name="Keith Hill"
[squad-in] person_id=27486 first_name_id=593 second_name_id=7683 current_club_id=Some(1953) name="James Taylor"
[squad-in] person_id=30961 first_name_id=67 second_name_id=8766 current_club_id=Some(1953) name="Mike Duff"
[squad-in] person_id=30966 first_name_id=2677 second_name_id=8766 current_club_id=Some(1953) name="Shane Duff"
[squad-in] person_id=34354 first_name_id=44 second_name_id=9699 current_club_id=Some(1953) name="Jason White"
[squad-in] person_id=51187 first_name_id=7646 second_name_id=18461 current_club_id=Some(1953) name="Julian Alsop"
[squad-in] person_id=51549 first_name_id=93 second_name_id=18688 current_club_id=Some(1953) name="Steve Benbow"
[squad-in] person_id=51618 first_name_id=20 second_name_id=18742 current_club_id=Some(1953) name="Dave Bird"
[squad-in] person_id=51729 first_name_id=93 second_name_id=18812 current_club_id=Some(1953) name="Steve Book"
[squad-in] person_id=51972 first_name_id=47 second_name_id=18934 current_club_id=Some(1953) name="John Brough"
[squad-in] person_id=52119 first_name_id=12775 second_name_id=19003 current_club_id=Some(1953) name="Luke Buttery"
[squad-in] person_id=52645 first_name_id=12775 second_name_id=19252 current_club_id=Some(1953) name="Luke Corbett"
[squad-in] person_id=53057 first_name_id=64 second_name_id=19458 current_club_id=Some(1953) name="Martin Devaney"
[squad-in] person_id=54134 first_name_id=2596 second_name_id=19965 current_club_id=Some(1953) name="Neil Grayson"
[squad-in] person_id=54173 first_name_id=2103 second_name_id=19989 current_club_id=Some(1953) name="Tony Griffin"
[squad-in] person_id=54553 first_name_id=2677 second_name_id=20219 current_club_id=Some(1953) name="Shane Higgs"
[squad-in] person_id=54710 first_name_id=29 second_name_id=20301 current_club_id=Some(1953) name="Gareth Hopkins"
[squad-in] person_id=54754 first_name_id=2596 second_name_id=20322 current_club_id=Some(1953) name="Neil Howarth"
[squad-in] person_id=54780 first_name_id=59 second_name_id=20326 current_club_id=Some(1953) name="Lee Howells"
[squad-in] person_id=55072 first_name_id=83 second_name_id=20477 current_club_id=Some(1953) name="Richard Kear"
[squad-in] person_id=55317 first_name_id=7634 second_name_id=20623 current_club_id=Some(1953) name="Iain Langstone"
[squad-in] person_id=55865 first_name_id=12622 second_name_id=20899 current_club_id=Some(1953) name="Hugh McAuley"
[squad-in] person_id=56385 first_name_id=9045 second_name_id=21053 current_club_id=Some(1953) name="Russell Milton"
[squad-in] person_id=56534 first_name_id=7598 second_name_id=21118 current_club_id=Some(1953) name="Carl Muggleton"
[squad-in] person_id=56607 first_name_id=2103 second_name_id=21162 current_club_id=Some(1953) name="Tony Naylor"
[squad-in] person_id=58853 first_name_id=7695 second_name_id=22352 current_club_id=Some(1953) name="Jamie Victory"
[squad-in] person_id=59185 first_name_id=1333 second_name_id=22516 current_club_id=Some(1953) name="Duncan Willetts"
[squad-in] person_id=59300 first_name_id=1088 second_name_id=22603 current_club_id=Some(1953) name="Mark Yates"
[squad] Cheltenham Town (club_id=1953): 33 players
  Chris Banks              SW/D C  age=35
  Richard Jones            M C     age=17
  Steve Jones              D RC    age=30
  Michael Jackson          M RC    age=21
  Richard Walker           SW/D LC  age=29
  Keith Hill               D C     age=32
  James Taylor             AM/F C  age=17
  Mike Duff                D/DM R  age=23
  Shane Duff               D C     age=?
  Jason White              S C     age=29
  Julian Alsop             S C     age=28
  Steve Benbow             GK      age=19
  Dave Bird                M R     age=16
  Steve Book               GK      age=32
  John Brough              D/F C   age=28
  Luke Buttery             D L     age=16
  Luke Corbett             S C     age=17
  Martin Devaney           AM/F LC  age=21
  Neil Grayson             S C     age=36
  Tony Griffin             D/AM R  age=22
  Shane Higgs              GK      age=24
  Gareth Hopkins           S C     age=21
  Neil Howarth             D/DM RC  age=29
  Lee Howells              M/AM RC  age=32
  Richard Kear             S C     age=17
  Iain Langstone           M L     age=?
  Hugh McAuley             M/AM/F RC  age=24
  Russell Milton           AM LC   age=32
  Carl Muggleton           GK      age=32
  Tony Naylor              S C     age=34
  Jamie Victory            SW/D/DM LC  age=25
  Duncan Willetts          S C     age=17
  Mark Yates               DM/M C  age=31
[kit] Cheltenham Town bg=0xe000 fg=0xffff
